ticker,alpha_annual,n_obs_alpha,expense_pct,Strat,z_alpha,z_neg_expense,score_level2,beta,beta_stress,beta_bloc1,corr,return_stress,skewness,maxdd_abs,sharpe,sortino,vol,ret_ann,kurtosis,score_custom,review_date,calib_start,calib_end
LYEGTIE ID Equity,0.08612836079544092,261,1.171,STRAT1,0.6352119341400707,0.025416028932962055,1.2367066503987119,0.007774663579248122,0.016583081089247564,0.016583081089247564,0.01338868179977401,-0.16983552102925825,0.0412771323820978,0.05122153661016693,1.2713894970598425,1.6156487257827488,0.06793953575278869,0.0863776121912172,4.665066663951862,1.2367066503987119,2021-01-01,2020-01-01,2020-12-31
DWMAEIA ID Equity,-0.02796258752024297,261,0.59,STRAT1,-0.4099414305368123,0.6715784942376422,0.46228406260486593,0.06439306417510639,0.01826993922402843,0.01826993922402843,0.08967893211824811,-0.37378091911333555,-1.3243813560474977,0.09797364685189558,-0.3082774938331528,-0.3418626452359503,0.08400931683022031,-0.02589818165105562,6.742774194952014,0.46228406260486593,2021-01-01,2020-01-01,2020-12-31
ALLVOSI LX Equity,-0.058240974521502634,261,0.7,STRAT1,-0.7243798704840821,0.5492413665551726,-0.45399292197168223,0.15209274386976446,0.2904918817363318,0.2904918817363318,0.2579102998208683,-0.29311117815365384,-3.240069824004452,0.1430905207557862,-0.7734596032794105,-0.5953051401345747,0.06899515554449066,-0.05336496563564297,14.484283840582675,-0.45399292197168223,2021-01-01,2020-01-01,2020-12-31
ASRATH2 LX Equity,-0.37595171365184504,261,1.6,STRAT1,-4.257870696601987,-0.4516987690286692,-1.2449977910318957,0.224335047680387,0.48992193408187773,0.48992193408187773,0.09864755726275404,-0.5291610990628224,-5.983219677082552,0.44114043067277076,-1.385969967712983,-0.9249267818817535,0.2660661235268901,-0.3687596566340824,48.97429489934266,-1.2449977910318957,2021-01-01,2020-01-01,2020-12-31
RPARIE1 ID Equity,0.15884496960617428,261,0.0,STRAT2,1.308980750127438,1.3277503608981605,1.3662610501758086,-0.04440220442788976,-0.16389798801307412,-0.16389798801307412,-0.0410603626986316,0.08069440114998061,2.75296714498513,0.08804654975712745,1.2442378103644363,1.1802021796049456,0.12652039528528505,0.15742145959620601,20.85560423702232,1.3662610501758086,2021-01-01,2020-01-01,2020-12-31
SCHCTEA LX Equity,0.3199622926036627,261,2.45,STRAT2,2.5631062683506594,-1.3970311193022975,1.6394010130264347,-0.11836219545384746,-0.14581346081648233,-0.14581346081648233,-0.10644878238418216,0.5523966701600111,-0.056415065983811984,0.04895446993075114,2.4303361692500216,3.9712505329428245,0.13009215365516857,0.31616766636378757,0.13402410712000368,1.6394010130264347,2021-01-01,2020-01-01,2020-12-31
EXCRISA LX Equity,0.12055745829073429,261,1.37,STRAT2,0.9157009400699098,-0.19590295660168744,0.869278355361513,0.030930198087141113,0.0971378685839386,0.0971378685839386,0.0878744927528238,0.0038899379168588766,-1.1170068076820148,0.03978590293338513,2.9515691100024584,3.695026982705838,0.04118116795868661,0.12154906326068238,7.595279745349703,0.869278355361513,2021-01-01,2020-01-01,2020-12-31
WDIMIXD LX Equity,-0.00893185471653744,261,0.021,STRAT2,-0.24314859859106389,1.304395091067871,0.19458870534162104,0.2775630408172537,0.5401237566160743,0.5401237566160743,0.4151566037145401,-0.4027325026494918,-3.3950477359542797,0.10257066574526974,-0.00042619517564589955,-0.00038047990560856804,0.0782219207119212,-3.333780523717689e-05,24.333568949185384,0.19458870534162104,2021-01-01,2020-01-01,2020-12-31
CDARMEC LX Equity,0.125191424363329,261,1.67,STRAT2,0.9478256699615807,-0.5295496684629678,0.620919868220129,0.2946218807120382,0.22230000781881168,0.22230000781881168,0.4629760395832875,-0.38677551312892133,0.4239575512839301,0.05170879408997375,1.8083339370616256,3.0670533514168645,0.07445352622469388,0.13463683820602168,2.6065546272971254,0.620919868220129,2021-01-01,2020-01-01,2020-12-31
PDAIEUR LX Equity,0.06794061257213677,261,1.56,STRAT2,0.46646123720804145,-0.4072125407804984,0.3674464148581948,-0.013116483710623673,0.10747153064422031,0.10747153064422031,-0.03073562087577736,0.12892081572927938,-0.7792722868149666,0.04526097653307348,1.3523181856442958,1.643871219509652,0.04992915580587857,0.06752010539015707,3.55214392564897,0.3674464148581948,2021-01-01,2020-01-01,2020-12-31
CBMREAB SM Equity,0.016362603257117192,261,1.06,STRAT2,-0.02258679176521962,0.14886531232163583,0.04786897387555752,0.15432152064631982,0.2252983718899018,0.2252983718899018,0.6033569704641757,-0.27251178555854094,-2.9086011385363375,0.06274311634418095,0.7121210692471168,0.6107266255491033,0.029924778817385086,0.021310065488419738,17.68533745156782,0.04786897387555752,2021-01-01,2020-01-01,2020-12-31
BLEURAA LX Equity,0.07741985532225543,261,1.862,STRAT2,0.5505735897691059,-0.7430835640541875,0.27497708539960947,0.12524336902523164,0.27765275070453643,0.27765275070453643,0.20857730386044934,-0.12628366127684065,-0.7585945428811799,0.053911716489549844,1.1591645455511508,1.3988952567680575,0.07025325996822948,0.08143508816455958,2.688532977442015,0.27497708539960947,2021-01-01,2020-01-01,2020-12-31
SLGLSIC LX Equity,-0.037899905385371975,261,0.45,STRAT2,-0.5350738025150684,0.8272802931062397,-0.16197007388425833,0.06990028784265043,0.15941476873465937,0.15941476873465937,0.22897670188010621,-0.17602095141521168,-3.235422350070623,0.046305804057201416,-0.9983940478806305,-0.9691789782979472,0.0357162996516095,-0.03565894098448796,23.60930918989971,-0.16197007388425833,2021-01-01,2020-01-01,2020-12-31
R4PEGAS SM Equity,0.010008859189535119,261,1.12,STRAT2,-0.08564515845086533,0.08213596994937968,-0.06454074278630093,0.26585679999197903,0.32334196216788674,0.32334196216788674,0.7679529547692272,-0.44822981988914845,-1.5240661731298923,0.07856619116485775,0.4575433333496073,0.47235474398636734,0.040503443437247766,0.018532080522415617,10.796244303658025,-0.06454074278630093,2021-01-01,2020-01-01,2020-12-31
MEDMORL ID Equity,0.15913616462308766,261,3.39,STRAT2,1.3460529650799014,-2.44245748313431,0.2728124947959966,0.20442934920814818,0.6194677237797288,0.6194677237797288,0.1421983051105511,-0.2368700413886814,-1.1574887275737762,0.23271867937712787,0.9850739381802439,1.0278217260469646,0.1682006289912479,0.1656900560048027,5.494143139041837,0.2728124947959966,2021-01-01,2020-01-01,2020-12-31
BPAIELI LX Equity,0.00239165094514523,261,1.57,STRAT2,-0.15217089089450628,-0.4183340978425411,-0.22360984356804817,0.16202993253747702,0.17304400561605549,0.17304400561605549,0.5331797683876182,-0.22135225382584534,0.11686754578393158,0.029419366594612084,0.21336649953099301,0.2987326290322303,0.035554975108932595,0.007586240579904535,5.162561094907593,-0.22360984356804817,2021-01-01,2020-01-01,2020-12-31
TFREEUA ID Equity,0.03598449464932441,261,2.02,STRAT2,0.17223879386454985,-0.9188041656344619,0.0021681843935122957,-0.012284237622639305,-0.06947887651387706,-0.06947887651387706,-0.039206857530809054,-0.017213402220981666,-0.31648462248377307,0.019864269169232895,0.9708925882003137,1.2435690844394596,0.036657678972101336,0.03559066881463968,5.077650259048754,0.0021681843935122957,2021-01-01,2020-01-01,2020-12-31
ALMLSI3 LX Equity,-0.057033383781799805,261,0.95,STRAT2,-0.6841779780320363,0.2712024400041055,-0.38266768816861496,0.22910546126615466,0.34739481485691376,0.34739481485691376,0.2509585889193553,-0.4857383270483385,-1.0815555015512377,0.16980340318600362,-0.46520326827095204,-0.5149724997320214,0.10681006205946866,-0.04968838995428804,2.4154247525943378,-0.38266768816861496,2021-01-01,2020-01-01,2020-12-31
LUMNUDE LX Equity,0.055889728310987964,261,2.85,STRAT2,0.35686031299203236,-1.8418934017840047,-0.16156327639886683,0.07672677543381702,0.18707207927556185,0.18707207927556185,0.14985738819470162,0.07053253442418095,0.07049539801669039,0.06576205434783622,0.9740694108572726,1.4441183809224585,0.05990286263152274,0.058349546112151485,1.2323477984847617,-0.16156327639886683,2021-01-01,2020-01-01,2020-12-31
CHDYCLA ID Equity,0.010533059191215714,261,2.76,STRAT2,0.027012115324727665,-1.7417993882256202,-0.4799579964380792,0.21457108927254417,0.6630751571854905,0.6630751571854905,0.1639635157979356,-0.3177405590634558,-1.7142484856044842,0.2874853703758613,0.11372294775189773,0.1079050361111207,0.15310972385250884,0.017412089125986352,10.38296202213052,-0.4799579964380792,2021-01-01,2020-01-01,2020-12-31
CARTMTE LX Equity,-0.14014561826604885,261,1.557,STRAT2,-1.5329884407014238,-0.40387607366188544,-1.077641199513245,0.07784150202360111,-0.06572128201697237,-0.06572128201697237,0.0735857853726519,-0.059141755433877896,0.4224341629628116,0.19713516181476554,-1.1121934853426696,-1.855786297419672,0.12376449310634213,-0.13765006294961146,1.1838733198293063,-1.077641199513245,2021-01-01,2020-01-01,2020-12-31
CHAGCLA ID Equity,-0.09258772997510233,261,3.17,STRAT2,-0.91398912041335,-2.1977832277693703,-1.2447929426632152,0.1698961647725831,0.6306050506602464,0.6306050506602464,0.10126074842841942,-0.38739063147827335,-1.4090038103063984,0.3469822328125727,-0.4439162826398053,-0.46494193475370993,0.19630042130044986,-0.08714095330432337,8.437717870294911,-1.2447929426632152,2021-01-01,2020-01-01,2020-12-31
BTAMNR1 LX Equity,-0.15980689994286768,261,,STRAT2,-1.7794369174475377,,-1.2962431822328275,0.18603283998728376,0.23429918248818832,0.23429918248818832,0.22303949725838657,-0.6322142150665857,-1.3081793020869146,0.17399602848736384,-1.5764874602136438,-1.6453260988094505,0.09758580027478209,-0.1538427904281071,5.634134659650764,-1.2962431822328275,2021-01-01,2020-01-01,2020-12-31
EXCERFD LX Equity,0.009657658535640518,261,,STRAT2,-0.08842523109774955,,-0.2320608232145176,0.29215846386564537,0.26162819880618127,0.26162819880618127,0.7424933460964228,-0.44393548593267984,0.5712366556993062,0.05581080294628149,0.4132371396889038,0.5899637915193623,0.0460367541429315,0.019024096602586305,6.20644873550042,-0.2320608232145176,2021-01-01,2020-01-01,2020-12-31
HELIUMF LX Equity,0.011254831996333071,261,,STRAT2,-0.07181188901996659,,-0.2017971698097856,0.2108341756769216,0.3367203927084083,0.3367203927084083,0.6753969037290164,-0.3227688879678795,-5.1259012077854065,0.06695252045020239,0.49323153516510004,0.3454077505659992,0.03652251989713703,0.01801405855696281,42.28849212461438,-0.2017971698097856,2021-01-01,2020-01-01,2020-12-31
VALRERF SM Equity,0.021630169229031593,261,,STRAT2,0.024488100295492646,,-0.1288772067706186,0.27998663983576777,0.39982941388142773,0.39982941388142773,0.6766202721480922,-0.468787155505341,-1.9574364871023242,0.10032197832211531,0.632180287837763,0.5549614030224697,0.048414014115051016,0.03060638537863447,12.385457572785347,-0.1288772067706186,2021-01-01,2020-01-01,2020-12-31
NDCBBXE LX Equity,0.02473520695364754,261,0.06,STRAT3,0.06229187036067671,1.2610210185259043,0.5559247319767142,0.017339358627631578,0.09789486372139919,0.09789486372139919,0.09472560024506418,0.03385204173430978,-0.8682030389165938,0.028503996324024894,1.180927449209956,1.2985817470768064,0.021416300532869956,0.02529109715979594,4.0739704765932,0.5559247319767142,2021-01-01,2020-01-01,2020-12-31
DISFCPE LX Equity,0.11227299681432869,261,1.11,STRAT3,0.8385355723044574,0.09325752701142237,0.31442481033644776,0.2713037315207942,0.3618240907287092,0.3618240907287092,0.45110128487439843,-0.3409018399821737,-1.501799032655489,0.12541351652015953,1.7191755156686113,1.5608538371980905,0.07036561575237493,0.12097084374642852,10.767935212680602,0.31442481033644776,2021-01-01,2020-01-01,2020-12-31
R1JKEX GR Equity,0.009947261153508465,261,0.1,STRAT3,-0.03358168298663671,1.2165347902777335,0.2214255273028033,-0.09990976230881746,-0.04467697280321165,-0.04467697280321165,-0.1325024690952814,0.06706026826174671,-0.3704408944820853,0.08187400641064724,0.07644838576236601,0.07168258046372096,0.0882191246195366,0.006744209670532575,36.83522081890022,0.2214255273028033,2021-01-01,2020-01-01,2020-12-31
TRVBFIC LX Equity,0.024983635848541106,261,0.51,STRAT3,0.06498992299083259,0.7605509507339836,0.016617364820924074,0.09293116229554649,0.18230333875588495,0.18230333875588495,0.2691113834932173,-0.10662469387629359,-1.6603804297863067,0.04823552069481085,0.6921098179290892,0.6622651580519164,0.04040248608977734,0.027962957291478352,13.397451890814954,0.016617364820924074,2021-01-01,2020-01-01,2020-12-31
MUHLSHE ID Equity,0.05612416303225599,261,0.91,STRAT3,0.35027921443773863,0.31568866825227615,-0.10146370128638588,0.16614435421965254,0.1933296908533475,0.1933296908533475,0.3426432676002675,-0.3389793572750691,-0.3069435968600899,0.062133130783039725,1.0831893176972556,1.0322807237300429,0.05673122669946104,0.061450658740717534,16.077235319846096,-0.10146370128638588,2021-01-01,2020-01-01,2020-12-31
INICLBI GR Equity,0.0223642189534844,261,0.6,STRAT3,0.112236844242947,0.6604569371755994,-0.24158052643719033,-0.19619896176835955,0.18834263456566283,0.18834263456566283,-0.2062370098072774,0.30800548341060474,-4.665071306846199,0.22968751422310107,0.14441762062200877,0.10197561666317811,0.11130351789582842,0.016074189221374713,43.77275396459823,-0.24158052643719033,2021-01-01,2020-01-01,2020-12-31
AEABSIA ID Equity,0.0021851307399250097,261,0.3,STRAT3,-0.14912678510761737,0.9941036490368799,-0.005939782266773042,0.00897225372141087,0.07865421222748471,0.07865421222748471,0.05954234245611805,0.009796364793448031,-2.883650266257827,0.048875646649363724,0.14025888898557778,0.11821949648312567,0.01763008553911093,0.0024727762104364004,15.004645259136796,-0.005939782266773042,2021-01-01,2020-01-01,2020-12-31
BNPAAAP LX Equity,-0.0027336368517797928,261,0.29,STRAT3,-0.19845471449824792,1.0052252060989226,-0.1107581351560937,0.048697777608833315,0.11773046214726147,0.11773046214726147,0.3515783684515652,-0.06610231792004473,-4.385753647362803,0.03993692326227838,-0.07234606204439001,-0.053004207607846104,0.016205624999508977,-0.0011724131516825942,32.592750653102314,-0.1107581351560937,2021-01-01,2020-01-01,2020-12-31
ESELIAE LX Equity,0.021652819512313758,261,0.64,STRAT3,0.04120858620205617,0.6159707089274287,-0.17141211979324253,0.31441940585406564,0.7116295225680487,0.7116295225680487,0.4639284198617884,-0.4456981129794835,-3.022813639136085,0.198004123603174,0.4001962670576807,0.2738506116897953,0.07929342081944156,0.03173293101417429,17.67923990886144,-0.17141211979324253,2021-01-01,2020-01-01,2020-12-31
BNPAOPP LX Equity,0.010501236433796047,261,0.66,STRAT3,-0.04366795176110663,0.5937275948033433,-0.4176962445268775,0.25734414330187827,0.6419463498529555,0.6419463498529555,0.3133910068106487,-0.3760200052461059,-5.173408035898771,0.2248974306662609,0.19517785805885726,0.12657441922581003,0.09607414953822781,0.018751546721697654,44.39435244804884,-0.4176962445268775,2021-01-01,2020-01-01,2020-12-31
ECMSSFC LX Equity,-0.0037275854906928876,261,0.7,STRAT3,-0.1948901005327369,0.5492413665551726,-0.5288436635889108,0.2912333456794286,0.6859559978590354,0.6859559978590354,0.4370922412891563,-0.4288178759256097,-3.485436176394124,0.19965276668724863,0.07195378664593394,0.047188622156207366,0.07795550536731931,0.005609193801076051,19.970529372818994,-0.5288436635889108,2021-01-01,2020-01-01,2020-12-31
NBESEIA ID Equity,-0.022652166140519514,261,0.82,STRAT3,-0.36947177920620883,0.41578268181066036,-0.8869853213296759,0.2781966644378612,0.6956607698023142,0.6956607698023142,0.38331346520109677,-0.3929900260747722,-0.6535661741635379,0.1882656107640257,-0.16173328247388222,-0.11169271694848897,0.08491347852361664,-0.013733335607900021,23.37730205087594,-0.8869853213296759,2021-01-01,2020-01-01,2020-12-31
EGSKAEA LX Equity,0.024531878766957338,219,,STRAT3,0.07073363533272123,,-0.029343809948757564,-0.04588193466597728,0.09971422321324953,0.09971422321324953,-0.13712926161874153,0.15346768519529586,-1.8120125808723175,0.09898693023822536,0.5200741449410553,0.4325587219165164,0.04152353874934599,0.02159531890999289,6.762828632295681,-0.029343809948757564,2021-01-01,2020-01-01,2020-12-31
GAMSCFA LX Equity,0.0028190118744032652,261,,STRAT3,-0.1440582463092888,,-0.2576313423071197,0.000238426566715617,6.417334700737308e-05,6.417334700737308e-05,0.04898544044396179,0.0011403790771848943,1.711385281454344,0.00014875433181593678,4.963711082134602,7.071497482242481,0.0005694641873632851,0.002826655697693914,5.191489334601544,-0.2576313423071197,2021-01-01,2020-01-01,2020-12-31
INGAAAI LX Equity,0.005074587223985292,261,,STRAT3,-0.12189243313184805,,-0.2643679817989885,-0.006677814822894316,0.04099557964382842,0.04099557964382842,-0.08507053402538108,0.010940441298854964,-2.1285188247578617,0.02183794099404912,0.5292330557591935,0.4035492179060727,0.009184044982037641,0.004860500190073669,13.732913170282872,-0.2643679817989885,2021-01-01,2020-01-01,2020-12-31
KEPPPF6 AV Equity,0.013388142293551862,261,,STRAT3,-0.03977809320385365,,-0.1968232516330333,-0.0027531695963765217,0.10163842892411588,0.10163842892411588,-0.010450390306199443,-0.014039348990760536,-2.6087367670694928,0.06995770636791854,0.4314876678752073,0.3828825465071953,0.030823307815683175,0.013299877205588784,20.36556180496003,-0.1968232516330333,2021-01-01,2020-01-01,2020-12-31
MODCLDI GR Equity,0.012617945959382303,261,,STRAT3,-0.03890025633422591,,-0.3034964534010992,0.040665340209022745,0.2684522065604758,0.2684522065604758,0.08388146255179076,-0.025777409773227844,-5.213878226620983,0.09627553666623578,0.2454446873389343,0.18313709128997796,0.05672012838875025,0.013921654178201015,47.9105328991817,-0.3034964534010992,2021-01-01,2020-01-01,2020-12-31
NUMCAII ID Equity,0.2468308927338804,261,,STRAT3,1.9806805365685027,,2.407949899037256,-0.19660938651669033,-0.12169332180199535,-0.12169332180199535,-0.28133818069918265,0.8596205177759642,-0.9600027108926547,0.07270876963847384,2.941783750525597,3.2746110281656557,0.08176253776959057,0.2405277050123169,8.099122305777502,2.407949899037256,2021-01-01,2020-01-01,2020-12-31
ALLVOSI LX Equity,0.08568319930902232,259,0.7,STRAT1,0.7949401267498075,0.5357567351823576,0.7000000000000002,-0.0779207639774343,0.11511845207273178,0.11511845207273178,-0.0863251476095694,0.11586562115693733,-2.6841837941850466,0.023112748141612016,1.866663114515138,1.5414859476101952,0.04255511150656156,0.07943605698337719,15.293000775199875,0.7000000000000002,2022-01-03,2021-01-03,2022-01-02
ASRATH2 LX Equity,0.07582265764632973,254,1.6,STRAT1,0.6514960998380283,-0.35993563942591805,-0.7,-0.00677224006912917,-0.36497360500393966,-0.36497360500393966,-0.005961509154852244,0.08683561718372368,-2.403897212015293,0.03269594443496171,1.3984435516258449,1.2298298346946592,0.05383221735145614,0.07528131722486475,42.639127098686686,-0.7,2022-01-03,2021-01-03,2022-01-02
RPARIE1 ID Equity,0.15030543551138412,259,0.0,STRAT2,1.729696796021533,1.2324063598776829,1.2991056611878942,0.13612457088729005,0.32642850604954365,0.32642850604954365,0.09116189209857227,-0.004171811505056411,0.9656862989289464,0.03316225216951829,2.2901136794581283,1.9987666789677605,0.07039779456286217,0.1612189523320937,7.594682440732763,1.2991056611878942,2022-01-03,2021-01-03,2022-01-02
UGEEIBA ID Equity,0.11405543530361806,259,0.13,STRAT2,1.2035551045546178,1.1030285724342652,0.9452968644018774,0.1561372703201203,0.6785505688031799,0.6785505688031799,0.12393439438747199,0.014092201343731237,-0.3736979259066725,0.03924342547251247,2.1310417430406954,3.10290628364065,0.05939509675227156,0.12657343051103154,0.6478358145469296,0.9452968644018774,2022-01-03,2021-01-03,2022-01-02
CHAGCLA ID Equity,0.2073416794046084,259,3.17,STRAT2,2.5631076240073165,-1.9224212262425762,0.904139713398503,-0.15525995389639213,0.22344840650912942,0.22344840650912942,-0.10031247518485976,0.15314082897101255,-0.3849139501103615,0.03616858906285525,2.6709032089494156,3.266722734777968,0.07296933136480081,0.19489402129713973,3.9865085114709267,0.904139713398503,2022-01-03,2021-01-03,2022-01-02
CHDYCLA ID Equity,0.18479026684107291,259,2.76,STRAT2,2.2625247310573395,-1.5143835889210284,0.8063658342109097,-0.17404832571799567,0.549967694743343,0.549967694743343,-0.10706589213654163,0.11390027557992988,-0.3265373312623349,0.04831198806259862,2.2290794959011397,2.8735579066429553,0.07663983662000055,0.17083628837885656,2.6039347222346905,0.8063658342109097,2022-01-03,2021-01-03,2022-01-02
ALMLSI3 LX Equity,0.08179036416336989,259,0.95,STRAT2,0.7559569629617781,0.28695329779116996,0.4097596731526095,0.15697208364945747,0.22596286653418265,0.22596286653418265,0.0935713542817314,-0.11039767098076458,-0.6428657527854642,0.03950377338006261,1.1932815491002033,1.4888027570620765,0.07908886963081446,0.0943752888696423,3.8473524669858046,0.4097596731526095,2022-01-03,2021-01-03,2022-01-02
REYLSEB LX Equity,0.16096253868554294,259,2.64,STRAT2,1.8758338174782354,-1.3949579389732587,0.7106547882770416,0.039965244448215996,-0.0858032793002322,-0.0858032793002322,0.034960347169676186,-0.0495307269222105,-0.4433988347818553,0.04129458481137638,3.046087669157707,4.524532799594553,0.05389427046383373,0.16416667269813434,0.22218735483223773,0.7106547882770416,2022-01-03,2021-01-03,2022-01-02
CDARMEC LX Equity,0.111337801048195,259,1.67,STRAT2,1.1656503923449908,-0.4296006018954504,0.5410916673399102,0.03675946873428456,0.162399010286684,0.162399010286684,0.03784434614100357,0.15469825895811806,0.1226352494860364,0.01658139770080813,2.495656687609539,4.238003126899315,0.04579352558155143,0.11428491836681731,0.4752909979537181,0.5410916673399102,2022-01-03,2021-01-03,2022-01-02
NORMABI LX Equity,0.07306110153295767,259,1.18,STRAT2,0.5961545317402602,0.05805413539127735,0.24534797006293266,0.3352821390453928,0.11779534066447454,0.11779534066447454,0.2432321888733451,-0.21469485967035273,-0.10712555890465633,0.06469411365945732,1.5378763432460298,2.549008233903279,0.06498681174458175,0.09994168040497553,0.17411611017432316,0.24534797006293266,2022-01-03,2021-01-03,2022-01-02
BPAIELI LX Equity,0.05129778668797457,259,1.57,STRAT2,0.25585054362566434,-0.3300792269389755,0.027393701664371432,0.09690068077936627,0.326505510971694,0.326505510971694,0.1981890552792086,-0.00023054651245468794,0.14208324645448278,0.01368873270559634,2.5624712196384176,4.1949116068454355,0.02305064176083113,0.05906660610632519,0.8974005191354233,0.027393701664371432,2022-01-03,2021-01-03,2022-01-02
LUMNUDE LX Equity,0.08468078263884517,259,2.85,STRAT2,0.7722099241836434,-1.6039528263818563,-0.03267684130554592,0.03802631994868983,0.11061503016785254,0.11061503016785254,0.0418488096977534,0.06216140074204857,-0.3770828053487203,0.028949721172568332,2.047898573038535,2.8128587208375366,0.0428387755085906,0.08772946723476083,0.9242733981717612,-0.03267684130554592,2022-01-03,2021-01-03,2022-01-02
TFREEUA ID Equity,0.04214378213691551,259,2.02,STRAT2,0.11540207068636142,-0.7779254142431132,-0.17413649684214288,0.07099682391579439,0.03437103785744187,0.03437103785744187,0.16461925957455478,-0.03864260473433312,0.3015899140516003,0.013988736756388565,2.352659124741504,5.034077037031179,0.020332657133201936,0.047835811334667966,0.30876464049185337,-0.17413649684214288,2022-01-03,2021-01-03,2022-01-02
CBMREAB SM Equity,-0.0036175279070707715,259,1.06,STRAT2,-0.6033032054041328,0.1774797853390473,-0.507394117629334,0.23578201034774765,0.3011453426035555,0.3011453426035555,0.6133164426579869,-0.23434687103852236,-0.9950184201729947,0.011445724387313616,0.8433871742984023,1.0374247329994293,0.01812432823729663,0.015285825978110346,4.384099556174062,-0.507394117629334,2022-01-03,2021-01-03,2022-01-02
R4PEGAS SM Equity,-0.009308785779489409,259,1.12,STRAT2,-0.6963166513896658,0.11776696036516222,-0.5827277341163216,0.1757372185023224,0.2787661117789125,0.2787661117789125,0.5609357762567533,-0.15722295123741903,-0.12341381041644606,0.018009320378177596,0.3236648984393207,0.46495452443859947,0.014770203153986085,0.004780596303763041,2.8496664250487687,-0.5827277341163216,2022-01-03,2021-01-03,2022-01-02
MEDMORL ID Equity,0.05650389400084517,259,3.39,STRAT2,0.41827965502947706,-2.1413682511468215,-0.49887963019503695,-0.08468018593846818,0.8591770667298286,0.8591770667298286,-0.03990994712677557,-0.12481235569171722,-0.08742688946738822,0.09267506532645264,0.49699204137005004,0.6549853673949645,0.10003143777085775,0.049714828458919724,1.8482723641478245,-0.49887963019503695,2022-01-03,2021-01-03,2022-01-02
EXCRISA LX Equity,-0.026193714416428312,259,1.37,STRAT2,-0.9653849319340415,-0.13103647702602542,-0.7210913158988468,0.1368562341529095,0.18720629337932454,0.18720629337932454,0.20050910851536208,-0.15876692200992548,-0.007373890049521707,0.042648458731049166,-0.47303382297460056,-0.732406934301315,0.03217854032595715,-0.01522153794812986,1.1231057414780299,-0.7210913158988468,2022-01-03,2021-01-03,2022-01-02
PDAIEUR LX Equity,-0.02888775650793914,259,1.56,STRAT2,-1.0199297155105806,-0.32012708944332796,-0.7646930176275794,-0.006246937082243582,-0.16903195927609163,-0.16903195927609163,-0.01000786606338869,-0.0620280457793041,-0.5179814652031793,0.054621765472657735,-0.9986591275636061,-1.2932661634901457,0.029428051531167305,-0.02938859226801238,1.3914177619123729,-0.7646930176275794,2022-01-03,2021-01-03,2022-01-02
DBMSI4C LX Equity,-0.059744612953347924,259,1.6,STRAT2,-1.4970394163675884,-0.35993563942591805,-1.1085346457223653,0.33094714231345707,0.3300766978293965,0.3300766978293965,0.3153848303351298,-0.38106478289190426,-0.9778527509264219,0.08671669772172286,-0.6713297473441742,-0.7853759173125394,0.04947134244628229,-0.03321158382523981,3.8666016035689967,-1.1085346457223653,2022-01-03,2021-01-03,2022-01-02
EFEODAE LX Equity,-0.05427803801308876,259,4.09,STRAT2,-1.3986507042879692,-2.838017875842147,-1.6927547617005911,0.18842750994675017,-0.21576598436626104,-0.21576598436626104,0.12953367099235652,-0.3040727745274898,-0.26731680728082685,0.06738374736984776,-0.571175790070964,-0.8373385528688504,0.06858000238408435,-0.03917123704479797,0.6998013177709725,-1.6927547617005911,2022-01-03,2021-01-03,2022-01-02
HELIUMF LX Equity,0.046935111762867056,259,,STRAT2,0.18763191773696739,,0.056144881853987964,0.037724852738139206,-0.0776330049867489,-0.0776330049867489,0.1789089593681723,-0.007970657366529132,-0.4666869930767029,0.005008761510509108,5.02559933630145,6.414081801851922,0.009941028617959325,0.049959626824570114,3.574812877140465,0.056144881853987964,2022-01-03,2021-01-03,2022-01-02
HFHPERC LX Equity,0.09577575284795205,259,,STRAT2,0.9200806017230114,,0.4774484559345233,0.08456398535794207,-0.06685523542097258,-0.06685523542097258,0.21765245498547675,-0.027866663732423858,-0.8787014913713829,0.010745556971624604,5.598880949096462,6.346440123117393,0.01831714286690098,0.10255550223937004,4.328302284411864,0.4774484559345233,2022-01-03,2021-01-03,2022-01-02
HFHSELA LX Equity,0.10666427228997089,259,,STRAT2,1.0788967912540137,,0.5803448082884256,0.08817682962588214,-0.06017134105587936,-0.06017134105587936,0.21240345292909923,-0.026076423943245608,-0.3661701973090138,0.009680561433951462,5.811126130927154,7.17925513487952,0.019571709807161605,0.11373367428732006,4.566448042487404,0.5803448082884256,2022-01-03,2021-01-03,2022-01-02
PRATLSB LX Equity,0.09919202452516415,259,,STRAT2,1.037708619215592,,0.3151884603065427,0.10371527639499875,0.9986913379011592,0.9986913379011592,0.051598711740403425,0.008453401442070962,0.3374323899470878,0.06562645841980186,1.1344824506024245,1.8652884036037278,0.09476320285145497,0.1075071905978533,1.564575561886234,0.3151884603065427,2022-01-03,2021-01-03,2022-01-02
TRESGFE ID Equity,-0.013598315160170175,259,,STRAT2,-0.7621207093486568,,-0.7437617825815054,-0.2016580536988929,-0.41021157323929097,-0.41021157323929097,-0.1737305486084728,0.05289070735045809,-0.2174150366127824,0.08646045041777484,-0.5439300201610232,-0.8193518616953311,0.0547236732021151,-0.029765848668111716,0.3059791991467935,-0.7437617825815054,2022-01-03,2021-01-03,2022-01-02
VALRERF SM Equity,0.011230630925197802,259,,STRAT2,-0.3708879807933966,,-0.49163213646025994,0.08907428769527082,0.15726803203449594,0.15726803203449594,0.4747720975306665,-0.07627518348114515,-1.2128006938850384,0.010774810129299817,2.0770791545089025,2.32131390296563,0.008845105781839942,0.018371984838885913,8.242230509204928,-0.49163213646025994,2022-01-03,2021-01-03,2022-01-02
ESELIAE LX Equity,0.059393829502077826,259,0.64,STRAT3,0.3779091740261272,0.5954695601562425,0.8990908348701464,0.04227470369521386,0.1108289727314664,0.1108289727314664,0.21322685375003786,0.010152167771181997,5.319842634692142,0.0034742883546502457,6.716891898236768,10.071524329979662,0.009347049315247645,0.06278311981800644,62.64970813093011,0.8990908348701464,2022-01-03,2021-01-03,2022-01-02
BNPAOPP LX Equity,0.04305639299127399,259,0.66,STRAT3,0.12807073593429158,0.5755652851649475,0.6188292959014884,0.012506379541059586,-0.024069938744465315,-0.024069938744465315,0.08267676473930329,0.024340968318099065,0.2946432848989543,0.002865379114251443,6.178048396248262,7.527600700397121,0.00713155098167878,0.044059067105123306,5.507751361201844,0.6188292959014884,2022-01-03,2021-01-03,2022-01-02
ECMSSFC LX Equity,0.04303557382966467,259,0.7,STRAT3,0.12712044249629367,0.5357567351823576,0.5772853660903667,0.03399968450918279,0.098397491959273,0.098397491959273,0.26191497154252635,0.011036718540492485,0.04587321301808309,0.0025339420678056612,7.47737519080016,9.393375232202018,0.006119985926544581,0.04576143093519058,4.0889262684879295,0.5772853660903667,2022-01-03,2021-01-03,2022-01-02
INGSBLC LX Equity,0.04735994623785145,259,0.85,STRAT3,0.2032866216987836,0.386474672747645,0.45159547654675053,-0.044236138321787306,-0.07894628309659472,-0.07894628309659472,-0.06731676657886394,0.019550212908432396,0.26930628706628074,0.009070533705366257,1.4142205831473325,1.3325697903203961,0.03098059971879399,0.04381340180056692,12.810883893225055,0.45159547654675053,2022-01-03,2021-01-03,2022-01-02
MUESEIH ID Equity,0.028319689283646948,259,0.72,STRAT3,-0.09886923883401043,0.5158524601910626,0.13488501783226928,0.021579822178294787,0.12357105137640285,0.12357105137640285,0.0515627425553945,0.023297397106057938,-13.619573460462115,0.019577140980489016,1.5229792878922157,0.7390026056862277,0.019730937156879822,0.03004980862063089,207.1977087889097,0.13488501783226928,2022-01-03,2021-01-03,2022-01-02
AEABSIA ID Equity,0.010434831022183531,259,0.3,STRAT3,-0.38476342067284325,0.9338422350082577,0.46532503631171845,0.010353793968348877,0.031864738538933304,0.031864738538933304,0.06951817414037463,0.0072628034764505855,0.004024617333757831,0.002634264472743175,1.604321176093562,2.6231456608706996,0.007021615145077406,0.011264925867626951,0.0413853954637422,0.46532503631171845,2022-01-03,2021-01-03,2022-01-02
DISFCPE LX Equity,0.04358316460559815,259,1.11,STRAT3,0.143997479092031,0.12771909786080973,0.0909310879958504,-0.016608476232956245,0.20639917200334512,0.20639917200334512,-0.02558592990665872,0.055747043276168196,0.02039485521896895,0.029841052441633376,1.3806349072117827,2.119843215581604,0.03060303113066492,0.04225161304548486,1.6875137602964836,0.0909310879958504,2022-01-03,2021-01-03,2022-01-02
NBESEIA ID Equity,0.02413383623668752,259,0.82,STRAT3,-0.16736968180333134,0.41633108523458756,0.09967394747383948,0.03881744024322997,0.10421730842925857,0.10421730842925857,0.23605978375830708,-0.013712344485283023,0.17773473003354548,0.002839564812294193,3.514480710960961,7.78704111465895,0.007752481680805774,0.027245947329270104,1.9559694716214455,0.09967394747383948,2022-01-03,2021-01-03,2022-01-02
BNPAAAP LX Equity,-0.0005149433651915527,259,0.29,STRAT3,-0.5612016222595666,0.9437943725039053,0.26961869276016537,0.0034530079765336813,-0.01797552910774062,-0.01797552910774062,0.0919722613542806,-0.00488665361243279,-0.5302041159180795,0.0017586614020937974,-0.13452175190599291,-0.16578285377724605,0.0017700134941386438,-0.00023810531612877828,13.35286667305898,0.26961869276016537,2022-01-03,2021-01-03,2022-01-02
MUHLSHE ID Equity,0.012930775776130573,259,0.91,STRAT3,-0.3429816467941261,0.32676184777375994,-0.19957193921914781,0.10853326190333985,0.18035612238775736,0.18035612238775736,0.375167107116368,-0.11068134254297057,0.6892392476083257,0.008724388521269444,1.586087031169224,1.9684090431118535,0.013638730934977021,0.021632214257573557,13.815454917125141,-0.19957193921914781,2022-01-03,2021-01-03,2022-01-02
CLOHQIA GR Equity,-0.0015904793477284445,259,0.69,STRAT3,-0.5765940417225696,0.5457088726780052,-0.3243991021457691,0.0113407042867359,0.009561861317350347,0.009561861317350347,0.03623689423501436,-0.01824709627933685,-9.961578452184627,0.01458692883176127,-0.046173050150201456,-0.03120015470687182,0.014754514322104914,-0.0006812609297364158,150.2124794996796,-0.3243991021457691,2022-01-03,2021-01-03,2022-01-02
INICLBI GR Equity,-0.0066793729511581725,259,0.6,STRAT3,-0.6559773207789638,0.6352781101388326,-0.37386288851626637,-0.00811100246129179,-0.0070690636769594455,-0.0070690636769594455,-0.014594095374614436,0.020105883200378205,-14.755214439598037,0.026955793037041542,-0.2797373171489819,-0.16242863201254304,0.026201925869111495,-0.007329656446761756,230.6752088879796,-0.37386288851626637,2022-01-03,2021-01-03,2022-01-02
NDCBBXE LX Equity,-0.030365909903518472,259,0.06,STRAT3,-1.0414262181411125,1.172693534903798,0.04198622210481642,0.10863706196572355,-0.07320300272260699,-0.07320300272260699,0.29016993269307406,-0.1278877198128009,0.26710876900669683,0.023345085842736424,-1.2269299746887259,-1.9394754766267603,0.017650680890691363,-0.021656149458454732,1.7950649213781986,0.04198622210481642,2022-01-03,2021-01-03,2022-01-02
R1JKEX GR Equity,-0.03575983390924607,259,0.1,STRAT3,-1.1291556292161982,1.1328849849212077,-0.09935949251998508,0.1176682963626615,-0.07127495200207042,-0.07127495200207042,0.2672868402106561,-0.1368171337616394,-0.010691754739208014,0.028799241075563198,-1.268432406414772,-1.94817070837456,0.020754761601529403,-0.026326012202792848,1.2783706563234531,-0.09935949251998508,2022-01-03,2021-01-03,2022-01-02
BNJTIHE LX Equity,-0.0597022592796012,259,0.19,STRAT3,-1.5054227192812333,1.0433157474603805,-0.58734633854949,0.3147946262952961,0.3971624119153353,0.3971624119153353,0.3865275222012995,-0.3440806563974942,-0.6817133472212752,0.05905391895178591,-0.8976060719082546,-1.1147131395652776,0.03839571398473379,-0.03446422600794974,1.6763115221112823,-0.58734633854949,2022-01-03,2021-01-03,2022-01-02
TRVBFIC LX Equity,-0.05096987442466815,259,0.51,STRAT3,-1.3733854917158903,0.7248473475996602,-0.8346045699064347,0.21162638336606762,-0.015461713841234405,-0.015461713841234405,0.37085690286688444,-0.22534040829087076,0.25157960805596197,0.03394092394349868,-1.2639207581704455,-2.0957068949529556,0.026902912769982003,-0.03400314990522901,1.0951634189476929,-0.8346045699064347,2022-01-03,2021-01-03,2022-01-02
EGSKAEA LX Equity,-0.014623335526881213,259,,STRAT3,-0.7890444613116866,,-0.34542357397042917,-0.0282565426067274,0.04837415119767356,0.04837415119767356,-0.06518029822359793,0.021319179131397137,-5.104084088037736,0.026773381004053354,-0.8263402506192042,-0.6731830812866306,0.020438006785395587,-0.016888747649200786,41.35860615859252,-0.34542357397042917,2022-01-03,2021-01-03,2022-01-02
INGAAAI LX Equity,0.0019613249070324634,259,,STRAT3,-0.521232009661696,,-0.022684197118716207,0.0022587728179909654,0.0035347199911086396,0.0035347199911086396,0.03582695564372273,-0.006397385632916475,-0.13101019145295975,0.0027370584721553293,0.7207847762101265,0.815398383227521,0.0029723401456483536,0.0021424175267015233,16.456568053519433,-0.022684197118716207,2022-01-03,2021-01-03,2022-01-02
INGSLII LX Equity,-0.005018753168289611,259,,STRAT3,-0.6323409148630305,,-0.13200416545923968,0.03768100094266487,0.057989724623784794,0.057989724623784794,0.2064743223453296,-0.046598353913395396,-1.8236023924565645,0.011423229588733874,-0.23219332555929548,-0.21079677026938123,0.008603838341554933,-0.0019977538371002135,7.047269689143681,-0.13200416545923968,2022-01-03,2021-01-03,2022-01-02
KEPPPF6 AV Equity,-0.00934727426916431,259,,STRAT3,-0.7027496258386371,,-0.21920243568855624,-0.022542669653765574,-0.021080938318088847,-0.021080938318088847,-0.05541523124258875,-0.01448882069827162,-0.011561083731019202,0.020704077809495458,-0.5816228713579551,-0.8926654881281904,0.0191783860941811,-0.011154587988109088,0.7816871339873539,-0.21920243568855624,2022-01-03,2021-01-03,2022-01-02
MODCLDI GR Equity,-0.07743465232826836,259,,STRAT3,-1.8216721275438659,,-1.3897528039590457,0.17608665413876037,0.10424486822959021,0.10424486822959021,0.23237655022642215,-0.2037227598838739,-0.060678120847533976,0.07430981839052753,-1.7723605562613645,-2.617334465294047,0.03572481610129784,-0.06331725493763118,0.8360480692140926,-1.3897528039590457,2022-01-03,2021-01-03,2022-01-02
NUMCAII ID Equity,0.04946044100498807,259,,STRAT3,0.2524587220186292,,0.8789905291656687,0.17668918506677067,0.3039500490077453,0.3039500490077453,0.13127472998587542,-0.07919833336777127,0.9169475507368232,0.059586663983804966,1.0026997741969959,1.825055899462485,0.06345483139831026,0.06362614511479414,3.1723655386301077,0.8789905291656687,2022-01-03,2021-01-03,2022-01-02
UIATHNA GR Equity,0.07336615990446196,259,1.23,STRAT1,1.3090519320051106,0.1085262776375063,-0.09999999999999998,0.18998125033772043,0.36894625825816607,0.36894625825816607,0.3655619312126246,-0.2284357305803243,-0.8522562817110372,0.029141437709061635,0.9925041222570264,1.1979659638554168,0.045394678252534994,0.04505440529417237,11.749052840528487,-0.09999999999999998,2023-01-02,2022-01-02,2023-01-01
ALLVOSI LX Equity,-0.015796843395884535,259,0.7,STRAT1,0.0849258497463617,0.7286764355661145,0.10000000000000012,0.15330366932736458,0.19911843592953823,0.19911843592953823,0.326169913550451,-0.34911228149756246,-1.4792389854680326,0.06228285278864931,-0.9412485638810637,-0.9395190910830191,0.04105478810436717,-0.038642760343676974,3.141373298098804,0.10000000000000012,2023-01-02,2022-01-02,2023-01-01
LGSSA3E ID Equity,0.15526103536793417,259,0.21,STRAT2,2.2650884213084295,1.3020228079906768,1.84763090692996,-0.14089297361382433,-0.05798592768491037,-0.05798592768491037,-0.1270332120423675,0.4861015019405943,-0.5309222374016592,0.05068924380385853,1.8193669099288248,2.4149448987914197,0.09687845841874357,0.17625746153197763,1.8847429125110846,1.84763090692996,2023-01-02,2022-01-02,2023-01-01
CARTMTE LX Equity,0.174739437795474,259,1.557,STRAT2,2.5053295725015317,-0.2740946688580689,1.644936579960307,-0.027015376105364634,-0.08218051748977055,-0.08218051748977055,-0.035759778915444046,0.07171146209420831,0.10550298991131037,0.033661673657915836,2.709018987980801,4.109511045535412,0.065988971062587,0.1787653756058638,1.4570959643068777,1.644936579960307,2023-01-02,2022-01-02,2023-01-01
UGEEIBA ID Equity,0.05679635507922091,259,0.13,STRAT2,1.0868125203087977,1.3956303789987685,1.0421522496896745,0.08424737999301142,0.18056834460284366,0.18056834460284366,0.11013040734163049,-0.14240210319570024,0.14866104287201465,0.027263745250891258,0.6621026262455142,1.091778743379523,0.06681966926852807,0.044241478507549115,1.00608970369822,1.0421522496896745,2023-01-02,2022-01-02,2023-01-01
RPARIE1 ID Equity,0.015193168715372822,259,0.0,STRAT2,0.5349122799710114,1.5477426818869178,0.7644042368403507,-0.023983135068983766,-0.10313009504471035,-0.10313009504471035,-0.024452601732641747,-0.18271351798721913,0.8027794571533502,0.08902853229038044,0.21906053012721818,0.19350340987005785,0.08567143522412451,0.01876723001695635,12.376473990642781,0.7644042368403507,2023-01-02,2022-01-02,2023-01-01
ALMLSI3 LX Equity,0.0336142000420465,259,0.95,STRAT2,0.7681998718359954,0.43615277616582765,0.583048477284432,-0.11475760970654379,-0.017997411136480623,-0.017997411136480623,-0.11043642407002614,0.3602936582965717,-0.2530013449043035,0.0920460434892828,0.5587521751198288,0.7676201085100828,0.09076623508546702,0.050715831281442414,2.419687978048664,0.583048477284432,2023-01-02,2022-01-02,2023-01-01
ELEARER LX Equity,0.02297085445038153,259,1.099,STRAT2,0.634745328618278,0.2618086751632566,0.26220005507034094,0.23082768132730636,0.2884929341611109,0.2884929341611109,0.4768063601453907,-0.384896991273455,-0.40727395867974325,0.0497060717311697,-0.27025209996355065,-0.37243783651674417,0.04228642914007227,-0.011427996275064412,1.3197516016152813,0.26220005507034094,2023-01-02,2022-01-02,2023-01-01
DMIURIE LX Equity,0.006427149682201268,259,0.92,STRAT2,0.4208961611759639,0.47125561529386195,0.2075314390935989,0.27460036256865483,0.5234563400979719,0.5234563400979719,0.3806210064297075,-0.39176690414539295,-0.17274185579516732,0.09583609811376348,-0.5473827447429498,-0.6999304787008961,0.06301784050388719,-0.034494878502791204,5.975212817029611,0.2075314390935989,2023-01-02,2022-01-02,2023-01-01
HSMSTIC LX Equity,0.0032466162869453363,259,0.982,STRAT2,0.36889938813905465,0.3987097477625909,0.11797704158064821,0.28807870225236365,0.46657959682317207,0.46657959682317207,0.4676691973958556,-0.46839516623537136,-0.9309475352968867,0.07363930141813346,-0.7375440615135285,-0.8821082949481613,0.05380560872824899,-0.039684007193640514,3.9733594568573842,0.11797704158064821,2023-01-02,2022-01-02,2023-01-01
EXCRISA LX Equity,0.02645824911229218,259,1.37,STRAT2,0.6640231887533886,-0.055286971626654496,0.35455786709738546,0.07756951150297167,0.0532125670366711,0.0532125670366711,0.16053831118652484,-0.16939362131879054,-0.6597303730795953,0.03240623668062437,0.3530010768247009,0.46070233599860627,0.04220535232755008,0.014898534819391074,4.630978837452862,0.35455786709738546,2023-01-02,2022-01-02,2023-01-01
PRAEEMA LX Equity,0.023652126831633938,259,1.55,STRAT2,0.662961297603032,-0.265904006394861,0.18145869568073472,0.23541457173277475,0.3720224809070477,0.3720224809070477,0.3073568506065312,-0.3044260369671742,-0.5085574191977094,0.07347062100264068,-0.17084854161674018,-0.21538899654585517,0.06690300233208464,-0.011430280378218027,4.964540831642822,0.18145869568073472,2023-01-02,2022-01-02,2023-01-01
CBMREAB SM Equity,-0.0014057169867649957,259,1.06,STRAT2,0.2740141475938773,0.3074423660297013,0.09969630194351324,0.0819299211870978,0.16256040732902594,0.16256040732902594,0.35507596781408335,-0.1703129030897732,-0.1932815581248147,0.020819112615937496,-0.6755364310963277,-0.9277590508012336,0.020154703858618173,-0.013615236714454304,2.2179464600208965,0.09969630194351324,2023-01-02,2022-01-02,2023-01-01
BPAIELI LX Equity,0.0251426433810654,259,1.57,STRAT2,0.6364550716506356,-0.2893058991468839,0.2781489981802139,0.06382414230009953,0.12018204079814028,0.12018204079814028,0.22092751739775632,-0.15291755638166615,-0.13817836466088698,0.024649357566638774,0.6194485842096957,0.9151434480043752,0.025234246349865628,0.015631318175022946,1.163060493170887,0.2781489981802139,2023-01-02,2022-01-02,2023-01-01
LUMNUDE LX Equity,0.06152505136077689,259,2.85,STRAT2,1.0755680686721467,-1.7870270352763529,0.19520453850615507,-0.15436073841081532,-0.12370771664707686,-0.12370771664707686,-0.2840993579344612,0.43227597098817117,0.15992574021175016,0.04517840223499847,1.781071636376099,2.8821979053466196,0.04745934704856066,0.08452849690912112,1.0430886730837043,0.19520453850615507,2023-01-02,2022-01-02,2023-01-01
HEUALPA LX Equity,-0.017059090297299986,259,2.2,STRAT2,0.10699901330920707,-1.026465520835607,-0.3427971730901165,0.2063908596225989,0.1330164399144827,0.1330164399144827,0.21008869673803926,-0.4029510450637076,-0.7972592463714987,0.09461431775063833,-0.5572277734663734,-0.695443270921683,0.08581099476314552,-0.047816269550802204,3.4450958016802886,-0.3427971730901165,2023-01-02,2022-01-02,2023-01-01
LDAPB2E ID Equity,-0.060809138290157584,259,1.47,STRAT2,-0.47517162072724145,-0.1722964353867691,-0.36464199654361223,-0.07603047800742606,0.31402314666698083,0.31402314666698083,-0.054568133240923404,0.10538334999962262,0.12663441025641256,0.11755480864936396,-0.4065511250969778,-0.6610746710072226,0.12170370164893489,-0.04947877683384139,0.2551000524781766,-0.36464199654361223,2023-01-02,2022-01-02,2023-01-01
BLEURAA LX Equity,-0.040461420580464286,259,1.862,STRAT2,-0.2609875975103715,-0.630973533326419,-0.3705447432527929,0.029332835531554573,-0.13471721922380253,-0.13471721922380253,0.04590826799843183,-0.13684022995701528,-0.29669657650126685,0.05592862134188714,-0.8032981013612531,-1.1598751218141825,0.05581080703576914,-0.04483271532727262,1.1443209658426872,-0.3705447432527929,2023-01-02,2022-01-02,2023-01-01
CARPPFE LX Equity,-0.07964836900413902,259,1.15,STRAT2,-0.833442851431762,0.2021338486455982,-0.5424690358692404,-0.15485032974734414,-0.18937810775681374,-0.18937810775681374,-0.2877253181309556,0.3013402949788846,0.03232573156860131,0.06089303564299797,-1.2034055956549612,-1.958759522952682,0.04700988829509009,-0.056571962625426075,0.010456465153769745,-0.5424690358692404,2023-01-02,2022-01-02,2023-01-01
DBMSI4C LX Equity,-0.055620476317524536,259,1.6,STRAT2,-0.493248836530475,-0.3244087382749184,-0.5410195015415965,0.09371423626898621,0.22905794276859404,0.22905794276859404,0.21968246096780805,-0.23549946472015781,-0.4396442654271714,0.07764257341943093,-1.8674862147996196,-2.3598634180130382,0.03726193027145706,-0.0695861411187707,2.3245200724718984,-0.5410195015415965,2023-01-02,2022-01-02,2023-01-01
CDARMEC LX Equity,-0.056117367294649695,259,1.67,STRAT2,-0.4931921130826007,-0.40631536290699855,-0.5126447481053993,0.0925799649907831,0.4499966810915944,0.4499966810915944,0.1630108437522268,-0.2534644323135232,-0.4937171914743134,0.10377162525695194,-1.409316253077198,-1.919430305624091,0.049608452586412624,-0.06991399852004088,1.4048019210197156,-0.5126447481053993,2023-01-02,2022-01-02,2023-01-01
PDAIEUR LX Equity,-0.06935505614826144,259,1.56,STRAT2,-0.6947008346127971,-0.27760495277087244,-0.6385469304012145,-0.050778934237047685,0.0975381024201501,0.0975381024201501,-0.15891222560713006,0.03309878647899045,-0.0404637767335204,0.07368724708106367,-2.213712162966785,-3.3054414091331297,0.027911388070432003,-0.061787779256801345,0.24701868033189722,-0.6385469304012145,2023-01-02,2022-01-02,2023-01-01
REYLSEB LX Equity,-0.02242517158387635,259,2.64,STRAT2,0.01327180868496962,-1.541307161380112,-0.4510332231423255,-0.06456325333341205,-0.15619544470646302,-0.15619544470646302,-0.06833207253530905,-0.14289453236190075,-0.8842889033001735,0.09642221087237501,-0.15513848701111443,-0.20103888138459086,0.08253078514306364,-0.012803701138934254,3.9165942414332955,-0.4510332231423255,2023-01-02,2022-01-02,2023-01-01
TFREEUA ID Equity,-0.05524032101347999,259,2.02,STRAT2,-0.4901849663182021,-0.8158484860674002,-0.6510236143266788,-0.08063797553748404,-0.19495477178701598,-0.19495477178701598,-0.23567222810371116,0.15888797916939112,0.10553340488391225,0.04916628308559978,-1.4462117043606444,-2.319022689827652,0.029887278596566695,-0.04322333211784213,2.25715103919491,-0.6510236143266788,2023-01-02,2022-01-02,2023-01-01
JPMMADE LX Equity,-0.03578903549905769,259,2.95,STRAT2,-0.1962781960191575,-1.9040364990364675,-0.8711598652746904,0.2697099560408433,0.23583550948811424,0.23583550948811424,0.4203572656161537,-0.4475364894064007,-0.05836886928563285,0.08069338970246576,-1.3557471965135504,-2.119504207506011,0.05604457543882951,-0.07598227603098529,0.7101659892426762,-0.8711598652746904,2023-01-02,2022-01-02,2023-01-01
CHAGCLA ID Equity,-0.07789460713260626,259,3.17,STRAT2,-0.75304252728399,-2.16145731930872,-1.104504153233114,0.08905704611790659,0.1689231948784587,0.1689231948784587,0.0715052318982093,-0.29737611406645725,-0.22123495872821625,0.13181719890259624,-0.8380084711357831,-1.18880445700556,0.10878916173813226,-0.09116623910431565,0.6766222920360225,-1.104504153233114,2023-01-02,2022-01-02,2023-01-01
CHDYCLA ID Equity,-0.14509407908119992,259,2.76,STRAT2,-1.7654895758815403,-1.6817185178922491,-1.4886741142651243,0.029829940609523455,0.1540171986208895,0.1540171986208895,0.02109933134873038,-0.24120224144888913,-0.14347080414141472,0.16756503250261756,-1.210924125565261,-1.6798752685892278,0.1234920101339393,-0.1495394543857368,1.1913434613245242,-1.4886741142651243,2023-01-02,2022-01-02,2023-01-01
MEDMORL ID Equity,-0.19810894034852047,259,3.39,STRAT2,-2.6276870655665254,-2.418878139580973,-2.131649221908952,0.09669175791409443,0.38022674627230285,0.38022674627230285,0.0569751280289556,-0.4585425509724149,0.03312835737785989,0.22377151800366057,-1.4336299945939959,-2.06166738823464,0.1482379191008978,-0.21251832715924535,1.5321554000567463,-2.131649221908952,2023-01-02,2022-01-02,2023-01-01
HELIUMF LX Equity,0.014424188909239693,259,,STRAT2,0.4915055749479554,,0.07555793493422408,0.08232943611882267,0.10735279822854954,0.10735279822854954,0.38978272380379947,-0.16040095701524726,0.3540956276685203,0.03406166360282692,0.11681164375793704,0.14942454447701034,0.018449632439621055,0.0021551318920018936,16.84442851171449,0.07555793493422408,2023-01-02,2022-01-02,2023-01-01
HFHPERC LX Equity,0.03333582984252039,259,,STRAT2,0.7517911901279383,,0.26894309875680356,0.10343814704997073,0.13950762819049184,0.13950762819049184,0.40105095483797065,-0.17977583437982791,1.2534004357264956,0.032745963008249834,0.7954769205443242,1.0945165175638145,0.022528710856992203,0.01792106953635364,17.59695062506196,0.26894309875680356,2023-01-02,2022-01-02,2023-01-01
HFHSELA LX Equity,0.047647599438576736,259,,STRAT2,0.9486248917412206,,0.39813476696209127,0.12601467322944568,0.1587185823225791,0.1587185823225791,0.398155161261831,-0.20963553176942706,1.179777713003733,0.03664037412509502,1.0442361556245885,1.573001653905171,0.027645467048101835,0.0288683962307561,10.100884589372598,0.39813476696209127,2023-01-02,2022-01-02,2023-01-01
PRATLSB LX Equity,0.16769463430635667,259,,STRAT2,2.5165034582145864,,1.4313523551656018,0.19543515115152454,0.26573422148523645,0.26573422148523645,0.23361536462515867,-0.2859996972029859,-0.09130324252354574,0.07493801628136598,1.8963266405464232,3.0017375854498773,0.07307291631147271,0.13857011790386498,0.37682375270867574,1.4313523551656018,2023-01-02,2022-01-02,2023-01-01
TRESGFE ID Equity,0.08759427364115305,259,,STRAT2,1.3894487377665146,,0.8042883557749276,-0.21762308234651018,-0.005012385822228686,-0.005012385822228686,-0.3161602634722969,0.6127065000402412,-0.39637060205366026,0.04683951260251673,1.996273525920568,2.8300635383147115,0.060124688040418726,0.12002532298932089,0.8001624870500317,0.8042883557749276,2023-01-02,2022-01-02,2023-01-01
VALRERF SM Equity,-0.0390359425827762,259,,STRAT2,-0.25544638723585233,,-0.5465155784961064,0.17964579643931933,0.18254382836987715,0.18254382836987715,0.5055515355483534,-0.3325555097158708,-0.36722304424921015,0.09530598435477566,-2.120158777132561,-2.7830759703264367,0.031038933419787956,-0.06580746712279661,2.0803189183285458,-0.5465155784961064,2023-01-02,2022-01-02,2023-01-01
BNPAAAP LX Equity,-0.014290441287437713,259,0.29,STRAT3,0.0858628355002032,1.208415236982585,1.5103531374460615,0.002137182858695758,0.021670904262480813,0.021670904262480813,0.023606299247451088,-0.0326293699808361,-3.361103380583399,0.02689434799075452,-1.8473515557823337,-1.6592273504660229,0.00790804146270963,-0.014608932699327837,24.074333277644513,1.5103531374460615,2023-01-02,2022-01-02,2023-01-01
AEABSIA ID Equity,-0.03360887111524268,259,0.3,STRAT3,-0.18081414878138732,1.1967142906065733,1.2217727684713962,0.012089782506312732,-0.10137740450731358,-0.10137740450731358,0.042186926393070805,-0.06221640313682253,-0.44547459899618747,0.05540125328982348,-1.4146101194492608,-1.6464752649038252,0.025032012468545327,-0.03541053814818429,7.253677244297249,1.2217727684713962,2023-01-02,2022-01-02,2023-01-01
NBESEIA ID Equity,-0.03349429717558448,259,0.82,STRAT3,-0.1737632121524524,0.5882650790539768,0.3875337115903472,0.09828516595677883,0.20040680712618572,0.20040680712618572,0.2623564580860908,-0.22730412205608574,-0.8671049056074137,0.09244930687196773,-1.471177214221248,-1.6579937434594636,0.0327228694591175,-0.04814113993219005,3.9769730991042778,0.3875337115903472,2023-01-02,2022-01-02,2023-01-01
ECMSSFC LX Equity,-0.05096085806199122,259,0.7,STRAT3,-0.4261386468093932,0.7286764355661145,0.22233957760133835,0.07583152090343673,0.21251406392965375,0.21251406392965375,0.19548298235644188,-0.2239483180308366,-1.2985744341220273,0.10144153974160175,-1.8374862369782214,-1.9623043745305075,0.033884101493464165,-0.0622615701466136,6.181009511632766,0.22233957760133835,2023-01-02,2022-01-02,2023-01-01
INGSBLC LX Equity,-0.04832055840023536,259,0.85,STRAT3,-0.3885373123994215,0.5531622399259424,0.054477071241826075,0.09861888410767519,0.256963883495005,0.256963883495005,0.2624658582510493,-0.27113421547838834,-0.42828005080253917,0.07976595791978136,-1.920066242621803,-2.391204006373654,0.03282029117118777,-0.06301713315081603,2.4323186141635675,0.054477071241826075,2023-01-02,2022-01-02,2023-01-01
MUHLSHE ID Equity,-0.04688605133109157,259,0.91,STRAT3,-0.37086063718824297,0.48295656166987344,-0.02344123646022067,0.13848412186543402,0.13787140083364285,0.13787140083364285,0.44455643654046967,-0.28806047267606694,-0.2273703642939876,0.0784251029699281,-2.4815710195701697,-3.3576785890552165,0.02720998125066585,-0.06752350091470005,1.5098674259362364,-0.02344123646022067,2023-01-02,2022-01-02,2023-01-01
CLOHQIA GR Equity,-0.06457571030914185,259,0.69,STRAT3,-0.6127604133354213,0.740377381942126,-0.15002364568589865,0.07426989612235502,0.33305769273506347,0.33305769273506347,0.11666717412230111,-0.19557915387362446,-3.3384154149299223,0.11206288064099612,-1.3603588264818471,-1.0871182479146049,0.05560569861586411,-0.07564370291478018,22.78868264291952,-0.15002364568589865,2023-01-02,2022-01-02,2023-01-01
BNPAOPP LX Equity,-0.06921747233534302,259,0.66,STRAT3,-0.690821322498723,0.7754802210701603,-0.06549693427080686,0.00012515095667314528,0.17307864495962924,0.17307864495962924,0.0003099373808130547,-0.07799149624505997,-2.3042726475440065,0.10889830861862182,-1.9629867172239055,-1.6952340694566452,0.035270805562057465,-0.06923612282410585,9.170387697112826,-0.06549693427080686,2023-01-02,2022-01-02,2023-01-01
ESELIAE LX Equity,-0.07086270578751938,259,0.64,STRAT3,-0.719510909668174,0.7988821138221833,-0.08053261471725087,0.07935136120878837,0.23996560104837739,0.23996560104837739,0.1999054122401937,-0.24468701258262548,-0.9389844785932381,0.11651894412047148,-2.3848291773883696,-2.5839762948729255,0.034672486872250774,-0.08268795834555887,5.872161033154182,-0.08053261471725087,2023-01-02,2022-01-02,2023-01-01
INICLBI GR Equity,-0.10286338017908554,259,0.6,STRAT3,-1.1890595320235722,0.8456858993262293,-0.6525428012291775,-0.018725339179426086,0.09357044364013523,0.09357044364013523,-0.039301911956463806,-0.12928408048664874,-2.44349590723793,0.11961795533023267,-2.4046125955688273,-2.046346219597899,0.041617039071278186,-0.10007285634107554,11.673003430127045,-0.6525428012291775,2023-01-02,2022-01-02,2023-01-01
MUESEIH ID Equity,-0.1022460492521654,259,0.72,STRAT3,-1.1793890059952337,0.7052745428140915,-0.9033961675315023,0.01512027499156882,0.23893276509927477,0.23893276509927477,0.027323226451955604,-0.13152377638919943,-2.77294346774862,0.12318559185979616,-2.1618753185114468,-1.9963168547827261,0.04833735383495043,-0.10449933221793395,19.9850557150989,-0.9033961675315023,2023-01-02,2022-01-02,2023-01-01
DISFCPE LX Equity,-0.13652921199795828,259,1.11,STRAT3,-1.5988596304497513,0.24893763414964387,-2.0694275458164726,-0.012726247621702555,0.14986166316610272,0.14986166316610272,-0.008227172884647744,-0.2215600633830641,-0.3924773754664587,0.2846767459967423,-0.9964273386184866,-1.3117193906532758,0.13511541806147187,-0.1346326964253166,2.7261057072137733,-2.0694275458164726,2023-01-02,2022-01-02,2023-01-01
EGSKAEA LX Equity,-0.0880489923351756,259,,STRAT3,-0.9766160392991686,,-0.476789556807885,0.045295327315418785,-0.0097295284246054,-0.0097295284246054,0.1296460172481189,-0.19802286446142603,-0.359179230537608,0.12907851740761456,-3.106381125311047,-4.001228049789833,0.030517530428171867,-0.09479908051317865,4.207333480602211,-0.476789556807885,2023-01-02,2022-01-02,2023-01-01
INGAAAI LX Equity,-0.00759278437569511,259,,STRAT3,0.1773564515833521,,1.1131489745539285,-0.006976855623202141,-0.018400970964524605,-0.018400970964524605,-0.13502895990726518,-0.001144358237347598,-0.35187542081371853,0.014638320911676272,-1.451966362842825,-1.770434249737748,0.004513235308875164,-0.006553065856081286,10.355621276588158,1.1131489745539285,2023-01-02,2022-01-02,2023-01-01
INGSLII LX Equity,-0.0498994493871614,259,,STRAT3,-0.4131847282762006,,0.27289791045529255,0.10448624568484793,0.19282557498380126,0.19282557498380126,0.30973090065183445,-0.2745995252764214,-0.5715779364802508,0.07660625286309086,-2.221852636549874,-2.6686985135164822,0.029466581358854594,-0.06547040148228245,2.164117478643795,0.27289791045529255,2023-01-02,2022-01-02,2023-01-01
KEPPPF6 AV Equity,-0.0911350241539566,259,,STRAT3,-1.0164931099836392,,-0.5423729735339397,0.07555623124135823,0.0027250723284428305,0.0027250723284428305,0.1341111986730615,-0.22132017486226907,-0.1609324016728305,0.131281499102064,-2.0807366655321085,-2.803936825066598,0.04921079787964382,-0.10239471148826462,2.756500867432494,-0.5423729735339397,2023-01-02,2022-01-02,2023-01-01
NUMCAII ID Equity,-0.05793463684476437,259,,STRAT3,-0.49756584069826437,,0.18150032469296534,-0.06388047923706772,-0.29403008153039323,-0.29403008153039323,-0.075640690432007,0.00901992817543995,0.6060829079045953,0.08476104754083102,-0.6563135015504555,-1.0303194992365416,0.07376797212305754,-0.04841491608636028,3.4398563688375416,0.18150032469296534,2023-01-02,2022-01-02,2023-01-01
LUPVORP GR Equity,0.07221582345878648,259,1.13,STRAT1,0.41862237765557647,0.2789649030970645,-0.531605289276851,0.2273583597420604,0.4508235543513392,0.4508235543513392,0.3382554568993916,-0.2572667627744968,-1.4158112779993124,0.01823667448564814,2.5254615783300363,2.6874116684225777,0.03716021166844023,0.0938466868112573,8.430215063614781,-0.531605289276851,2024-01-01,2023-01-01,2023-12-31
ALLVOSI LX Equity,0.051657866117938725,259,0.7,STRAT1,0.06684400116098978,0.7566566368826071,0.9955460460339176,0.04341964036094502,0.04343766469727433,0.04343766469727433,0.09980778079345616,-0.0010598734415506739,-5.656381274859364,0.017410543801478662,2.319600538899236,1.7341715614527893,0.02405104140426569,0.055788808602422524,60.62462628753764,0.9955460460339176,2024-01-01,2023-01-01,2023-12-31
UIATHNA GR Equity,0.05370081914592319,259,1.23,STRAT1,0.09605647155460582,0.16787380221670567,0.469572017020913,0.143194710821297,-0.0570079453265782,-0.0570079453265782,0.39061994950838963,-0.07746162024057635,0.24482893318687235,0.008779848059790929,3.3219079488459515,5.3007367813233675,0.02026677380780537,0.06732435700961159,2.1074395792072256,0.469572017020913,2024-01-01,2023-01-01,2023-12-31
DWMAEIA ID Equity,-0.030738367886666694,259,0.59,STRAT1,-1.4087005672950508,0.8788568478510017,-0.8286749086592683,-0.41334884515285564,-0.6910492244666661,-0.6910492244666661,-0.2082938401084326,-0.03788664387037288,-1.7972614382379601,0.10990718683412759,-0.6386233237042743,-0.6886834838511665,0.10971155363004623,-0.07006435702797986,9.075623058731853,-0.8286749086592683,2024-01-01,2023-01-01,2023-12-31
LYEGTIE ID Equity,-0.04194380216659084,259,1.171,STRAT1,-1.6238801215487388,0.23341755173611728,-0.10483786511871082,-0.12470836960970964,-0.14166172227773557,-0.14166172227773557,-0.07860607272551748,-0.2053294730406715,-3.5978577147391935,0.11375407362213596,-0.6134790361800276,-0.5590000200657141,0.0877104957918772,-0.053808550421273194,24.770676129938987,-0.10483786511871082,2024-01-01,2023-01-01,2023-12-31
SCHCTEA LX Equity,0.1895378271241118,259,2.45,STRAT2,2.4096298671808305,-1.1874376285236714,1.866873120572371,0.11702779343235865,0.3033956578057928,0.3033956578057928,0.07410648392427875,0.05800101952395176,-0.011172043862056174,0.045844312586007074,2.298484469337051,3.692904431709636,0.08730615690892052,0.2006718457326575,0.9342878208282941,1.866873120572371,2024-01-01,2023-01-01,2023-12-31
UGEEIBA ID Equity,0.05063810342011861,259,0.13,STRAT2,0.07917251677763992,1.3898759119006519,0.7269794609670945,0.0682706291011369,0.5303311974714181,0.5303311974714181,0.059952947592426746,-0.12888558700871,0.11680184447946049,0.03436503714856709,0.9075162215565634,1.4177754535304246,0.06295575375362154,0.05713336777173206,1.3915060552683283,0.7269794609670945,2024-01-01,2023-01-01,2023-12-31
DMIURIE LX Equity,0.07505487399596522,259,0.92,STRAT2,0.4783185179520096,0.5122562149458177,0.8225341142562119,0.1695352692113098,0.2539334849528633,0.2539334849528633,0.21160950198897746,-0.11015203916866123,-0.06527643766963179,0.054363520632068396,2.058656229255789,2.709328461360592,0.044293189904856534,0.09118445131124253,3.96527437058785,0.8225341142562119,2024-01-01,2023-01-01,2023-12-31
PRAEEMA LX Equity,0.06756166902756895,259,1.55,STRAT2,0.3472754226156229,-0.1876177206004424,0.5012812468752328,0.22762691433216672,0.13991701759391845,0.13991701759391845,0.2631804591030981,-0.16896702509242,0.08016503225041553,0.03183103997057968,1.8658247577527884,2.855727977773538,0.047816967954810496,0.08921808265075715,1.6944821653820084,0.5012812468752328,2024-01-01,2023-01-01,2023-12-31
R4PEGAS SM Equity,0.045696376088273524,259,1.12,STRAT2,-0.0529333283173865,0.2900740131851002,0.29561221855407754,0.3368288984235746,0.1955583632438721,0.1955583632438721,0.6474605792729522,-0.2790751576970143,0.4086830244290782,0.03270351964530527,2.7030189569852303,4.559286320743505,0.028761271169336133,0.07774226119770833,3.909636663294248,0.29561221855407754,2024-01-01,2023-01-01,2023-12-31
CDARMEC LX Equity,0.061133993686266284,259,1.67,STRAT2,0.2548740139231823,-0.3209270416568728,0.39029589122110797,0.10016934485927725,-0.21312048649643978,-0.21312048649643978,0.09758898249229621,-0.044763656835328236,0.6707191479902831,0.02801732273408286,1.2452390377490221,2.4372380691414968,0.056747418102517565,0.07066410031272041,1.2541303030713333,0.39029589122110797,2024-01-01,2023-01-01,2023-12-31
CBMREAB SM Equity,0.03232080347796417,259,1.06,STRAT2,-0.28327807432928115,0.35672867371331546,0.26864059369739346,0.07914731261274101,0.05862975944937132,0.05862975944937132,0.3656095276770587,-0.09459578535326274,0.32078580490136305,0.007906411021823656,3.329715513147125,5.025128472517085,0.011968252187193348,0.0398508749729547,2.978011226619878,0.26864059369739346,2024-01-01,2023-01-01,2023-12-31
ELEARER LX Equity,0.031679096095038745,259,1.099,STRAT2,-0.288536011853479,0.31340314436997563,0.15117455143085617,0.16452879176383278,0.2912670865821929,0.2912670865821929,0.28417892100005127,-0.21701688829394528,-0.5438651090374338,0.02080037109563382,1.478754312902008,1.9478135621873598,0.03200826328962755,0.04733235738803976,3.13197955025496,0.15117455143085617,2024-01-01,2023-01-01,2023-12-31
PDAIEUR LX Equity,0.049777217101281836,259,1.56,STRAT2,0.03442692034971605,-0.1987268306884783,0.34936772847210107,0.024836983997487763,0.1923776627465656,0.1923776627465656,0.055920407224169466,0.05713727528991597,-0.16342355940317418,0.014148709149130911,2.1234016570408887,3.2381085923522552,0.02455503714286861,0.052140206557867774,0.7166505788854307,0.34936772847210107,2024-01-01,2023-01-01,2023-12-31
CHDYCLA ID Equity,0.09274885631923281,259,2.76,STRAT2,0.8129760450664324,-1.5318200412527831,0.4744688020498953,0.10264043371317179,-0.1355807500303828,-0.1355807500303828,0.08227673630321862,0.049754114752019074,0.048907497294292494,0.06274708977459631,1.4863803574976033,2.03621334033666,0.06896892958969822,0.10251406221976267,3.2297204465739933,0.4744688020498953,2024-01-01,2023-01-01,2023-12-31
BLEURAA LX Equity,0.04816891761355982,259,1.862,STRAT2,0.023066512322306568,-0.5342219553471618,0.15427379618731873,-0.0505477792560685,-0.1100192745782777,-0.1100192745782777,-0.059279839569861804,-0.05234653253394239,-0.29782435072073,0.045316478571204244,0.919772011426544,1.302106295895547,0.04714190451610794,0.04335980433925868,1.0567055387152582,0.15427379618731873,2024-01-01,2023-01-01,2023-12-31
TFREEUA ID Equity,0.054793127781996825,259,2.02,STRAT2,0.12290325049101286,-0.7097458947381285,0.2883436210372241,0.024987699824574976,0.21102668129067464,0.21102668129067464,0.058481582991247893,-0.0235204662911056,0.4560324486250008,0.007818609399519394,2.420206566976252,5.480829018195158,0.023622139165795142,0.05717045633508433,0.806310468814019,0.2883436210372241,2024-01-01,2023-01-01,2023-12-31
DBMSI4C LX Equity,0.027654429833701772,259,1.6,STRAT2,-0.3590543297038581,-0.24316327104062183,-0.015146497361032032,0.010231162874598423,0.03772597547076684,0.03772597547076684,0.017844458725821286,-0.049530850617401256,-0.4975271576548635,0.025441295409368125,0.9031390655653947,1.161597750139224,0.03169813295249812,0.028627822174886797,1.66639655089861,-0.015146497361032032,2024-01-01,2023-01-01,2023-12-31
CARPPFE LX Equity,0.00611500200946687,259,1.15,STRAT2,-0.7496064539323385,0.2567466829209928,-0.197104399841273,0.012407370353557977,-0.28917134075438267,-0.28917134075438267,0.017526928159500132,0.02564987446054756,0.030264370198854404,0.04073744278333613,0.18640836857355345,0.31070542912334215,0.03913686215270944,0.007295438624974615,0.3324120460413451,-0.197104399841273,2024-01-01,2023-01-01,2023-12-31
CARTMTE LX Equity,0.02026149288307197,259,1.557,STRAT2,-0.45117308997557826,-0.19539409766206742,-0.13530232821761312,0.020355840470695337,-0.4904671397520388,-0.4904671397520388,0.015062561921116643,-0.04501781732789889,0.20681962498903708,0.05205068552514536,0.29710807658380056,0.45238829719970275,0.07471404620309322,0.022198146561194232,2.654175060744506,-0.13530232821761312,2024-01-01,2023-01-01,2023-12-31
EXCRISA LX Equity,0.007512241179639344,259,1.37,STRAT2,-0.7304563916064946,0.01234626098420328,-0.25386030417534583,0.0447347360178072,0.13338366288031817,0.13338366288031817,0.09408103460201787,-0.06917467472174332,-0.40029147369237594,0.028246901006593106,0.44767097746437085,0.6487120179808759,0.026287837259374735,0.011768301801328596,0.3794883020565236,-0.25386030417534583,2024-01-01,2023-01-01,2023-12-31
BPAIELI LX Equity,0.014336710911656907,259,1.57,STRAT2,-0.6070593914638335,-0.20983594077651418,-0.196505738529293,0.01724160698995014,-0.19637641326261615,-0.19637641326261615,0.04215692402342908,-0.05742249024470558,-0.019811349733336724,0.02002603836234751,0.7066045454723549,1.165704550104282,0.022611058291908105,0.015977076567002646,0.3777888662302935,-0.196505738529293,2024-01-01,2023-01-01,2023-12-31
RPARIE1 ID Equity,-0.046298974878323323,259,0.0,STRAT2,-1.769922621080782,1.5342943430451184,-0.6625824529376654,-0.4132681462388127,-0.51359072041109,-0.51359072041109,-0.2697243979388633,0.26555716188708756,-1.0012226900847156,0.10629856332869625,-1.0107359093041441,-1.166258423679823,0.08470787031579884,-0.08561728632885646,2.238750607504251,-0.6625824529376654,2024-01-01,2023-01-01,2023-12-31
MEDMORL ID Equity,0.06365819055015212,259,3.39,STRAT2,0.32420480890881104,-2.231693976799044,-0.1435855214613544,0.20784368348918172,-0.22685521419478596,-0.22685521419478596,0.13905411226317715,0.02708482720465266,-0.2483835315039678,0.08675882050780914,1.0096476254408517,1.3705009757229116,0.08263519513660157,0.0834324285475112,3.4526070422089328,-0.1435855214613544,2024-01-01,2023-01-01,2023-12-31
CHAGCLA ID Equity,0.04473197305251451,259,3.17,STRAT2,-0.01450114080146749,-1.9872935548622541,-0.3076952767702564,0.04939546669122024,0.042044443935973744,0.042044443935973744,0.03830784139920452,0.12765605022940263,0.055776321494247494,0.07385090507089354,0.6934129075554912,0.993341008602582,0.07128718664810488,0.0494314553651134,2.052027406165303,-0.3076952767702564,2024-01-01,2023-01-01,2023-12-31
NORMABI LX Equity,-0.03990905474821381,259,1.18,STRAT2,-1.584392419939274,0.2234193526568851,-0.8587495814329782,0.11087517577909185,-0.09028944220512904,-0.09028944220512904,0.09091947046270106,-0.18120367165597584,0.10899428920157839,0.06545396854039098,-0.4354842174037626,-0.6990697163947276,0.06742011469610287,-0.02936039588570427,0.9735772042054043,-0.8587495814329782,2024-01-01,2023-01-01,2023-12-31
LUMNUDE LX Equity,0.01596420629399628,259,2.85,STRAT2,-0.5647018552818872,-1.6318020320451063,-0.5935327743510312,-0.014232226102436216,0.14205511714668878,0.14205511714668878,-0.017934725050522522,0.0886834629354738,-0.04773330249625343,0.049178630257772915,0.33301560806979497,0.4826212829174407,0.043872276964612676,0.014610152990776948,1.5571045329552513,-0.5935327743510312,2024-01-01,2023-01-01,2023-12-31
ALMLSI3 LX Equity,-0.07477243627030096,259,0.95,STRAT2,-2.2834757503329413,0.47892888468171024,-1.2808808004152898,0.09160726420900948,0.28341795548680454,0.28341795548680454,0.08950375206547329,-0.1810964196554996,-3.671866615581531,0.07625803398546083,-1.1673944435963048,-1.1475085590344165,0.05658492375500522,-0.06605692558291365,33.39457723882171,-1.2808808004152898,2024-01-01,2023-01-01,2023-12-31
JPMMADE LX Equity,0.0012642868390635165,259,2.95,STRAT2,-0.8355497343338295,-1.742893132925465,-0.8828327509886594,0.19883310645628954,0.04862734696773998,0.04862734696773998,0.29724398442850813,-0.2651281585557289,-0.213403105348381,0.035389482524884275,0.5457083117833649,0.8396390788873269,0.03698176944977602,0.02018125897319889,0.8201123245419484,-0.8828327509886594,2024-01-01,2023-01-01,2023-12-31
NMAPBIE LX Equity,-0.07343454283407318,259,1.37,STRAT2,-2.1814772518993073,0.01234626098420328,-1.356721363933163,0.16335055316038866,-0.15006843757733557,-0.15006843757733557,0.09015594072925841,-0.2659228775454503,0.1181791436898224,0.10359968049235035,-0.5779504093914664,-0.9269745453931338,0.10017014983307951,-0.05789337910483283,0.8202573275483309,-1.356721363933163,2024-01-01,2023-01-01,2023-12-31
EFEODAE LX Equity,0.030179292920364212,259,4.09,STRAT2,-0.2945589379547672,-3.0093316829615544,-0.8077458974976812,0.14631852265205553,0.03935682441802652,0.03935682441802652,0.14289727838939853,-0.15585492645489873,-0.2764779891449386,0.051797073598279564,0.7790251387163301,1.0874841488885505,0.0566092516131814,0.04410003009058627,0.8451212024231478,-0.8077458974976812,2024-01-01,2023-01-01,2023-12-31
BTAMNR1 LX Equity,0.038422192751684875,259,,STRAT2,-0.14972671768989507,,-0.07386870915929172,-0.3448921471808241,-0.037312531853828976,-0.037312531853828976,-0.34607442429633317,0.34782018391625247,-0.8915758572889548,0.050994089693928935,0.10180586085417093,0.12026950696105573,0.05509673508286369,0.005609170545365139,2.129484462902284,-0.07386870915929172,2024-01-01,2023-01-01,2023-12-31
FONFIGE SM Equity,0.03238578694031418,259,,STRAT2,-0.28246274664809756,,-0.03622176163465606,0.17322552577730344,0.4512659766457573,0.4512659766457573,0.5105838417200149,-0.18283543361937138,-0.7461775049197341,0.007874373150653424,2.6052772700161753,2.810281576691309,0.01875671954353745,0.04886645508684628,4.574801701525648,-0.03622176163465606,2024-01-01,2023-01-01,2023-12-31
HELIUMF LX Equity,0.03420080578099562,259,,STRAT2,-0.2495770311717632,,0.12183220658576197,0.06455709987872699,0.005094110827882232,0.005094110827882232,0.3456212343024308,-0.06173976926655289,-2.255713001550779,0.005689662199428458,3.906699467591376,3.776282033216911,0.010326559664140462,0.04034276514194812,21.014227142524536,0.12183220658576197,2024-01-01,2023-01-01,2023-12-31
HFHPERC LX Equity,0.061636298659094826,259,,STRAT2,0.2359419478881496,,0.5666404358937911,0.08923554454161005,0.03568679907999528,0.03568679907999528,0.3889265904478449,-0.062439321569725426,-1.5244760895648306,0.006061874159997593,5.528378613686061,5.846884996750398,0.012684761473897674,0.07012616405200478,15.527695093450763,0.5666404358937911,2024-01-01,2023-01-01,2023-12-31
HFHSELA LX Equity,0.061576308891512006,259,,STRAT2,0.2351011681511167,,0.5588013512416238,0.087617381254301,0.05819918380333706,0.05819918380333706,0.36939566467519974,-0.06203559909792311,-0.4435977415663047,0.005017742953877025,5.331415981869962,6.892424439252088,0.013113255942746496,0.06991222230750993,6.963188244861987,0.5588013512416238,2024-01-01,2023-01-01,2023-12-31
PRATLSB LX Equity,0.035747966957313054,259,,STRAT2,-0.20564099923015944,,-0.01289793065308566,0.23580000244217234,-0.08509109165201821,-0.08509109165201821,0.2627630675410041,-0.21507752042738348,0.398017077589961,0.03913357405195683,1.1727268275307097,1.991269291461827,0.04961254950618309,0.05818196778809637,1.6481204628095298,-0.01289793065308566,2024-01-01,2023-01-01,2023-12-31
TRESGFE ID Equity,0.062024436139020866,259,,STRAT2,0.27076111558373095,,0.3319284870705105,-0.16603921889552373,-0.303489782415384,-0.303489782415384,-0.21105325004099662,0.29813700637765495,0.0226210898757814,0.036615720341224955,1.0628438206152704,1.6637043473715742,0.04349413524837859,0.046227472881744,1.0424990504550848,0.3319284870705105,2024-01-01,2023-01-01,2023-12-31
VALRERF SM Equity,0.03307042133879371,259,,STRAT2,-0.27080050527990246,,-0.053813536752902555,0.22867837688269432,0.14655421600429186,0.14655421600429186,0.5573016324913153,-0.19381560682387244,-0.4896424933818042,0.02828661640853536,2.416832834733944,3.131857844823665,0.022685421296104513,0.05482687105819806,11.872385752679463,-0.053813536752902555,2024-01-01,2023-01-01,2023-12-31
DISFCPE LX Equity,0.28498250364090616,259,1.11,STRAT3,3.8913914902585454,0.30118312327313607,1.8834788807736453,-0.04627268957808507,-0.31355381196669424,-0.31355381196669424,-0.03050256847942613,0.07007255185263594,0.08639486719965937,0.054542483134383146,3.345465103784183,3.639477137343503,0.08386879357207504,0.28058012219185624,12.561202868213776,1.8834788807736453,2024-01-01,2023-01-01,2023-12-31
BNPAOPP LX Equity,0.14571738134996448,259,0.66,STRAT3,1.668428247777575,0.8010930772347505,0.7544577354909787,-0.007445793123129057,-0.05829664166299815,-0.05829664166299815,-0.025490978729227558,0.13975762748431708,0.7220630655602688,0.01691971890424726,8.979629259348252,10.866445959029267,0.016148661015296634,0.14500898895225411,8.180444089979954,0.7544577354909787,2024-01-01,2023-01-01,2023-12-31
ESELIAE LX Equity,0.12456662894959498,259,0.64,STRAT3,1.3086349062189413,0.8233112974108223,0.5572153494091128,0.06766644045078313,0.014718187030742019,0.014718187030742019,0.22904608082922442,0.04979370528366389,0.3392060036144598,0.014258315710281355,8.020905298556583,9.610617080047689,0.01633287090994617,0.1310044108222279,8.124862686249015,0.5572153494091128,2024-01-01,2023-01-01,2023-12-31
ECMSSFC LX Equity,0.11558275309611843,259,0.7,STRAT3,1.1588156821856073,0.7566566368826071,0.4218664547803474,0.06853223232965162,0.022398031562967824,0.022398031562967824,0.2650548576149499,0.03426960724704542,-0.20769694634813116,0.01290716772851419,8.541906778961419,9.709889806800804,0.01429457257330191,0.12210290636624355,4.33941810484308,0.4218664547803474,2024-01-01,2023-01-01,2023-12-31
NBESEIA ID Equity,0.11844934796956454,259,0.82,STRAT3,1.2103538640620666,0.6233473158261766,0.3602941344442296,0.04579415486446619,-0.0205674589550967,-0.0205674589550967,0.15601138060822556,0.06266180633708629,-0.14217118325956613,0.012544010443968578,7.567535507247596,9.203156376331481,0.016228031111513774,0.12280620164909917,3.380355308004079,0.3602941344442296,2024-01-01,2023-01-01,2023-12-31
INICLBI GR Equity,0.10762187074481601,259,0.6,STRAT3,1.0404305225916115,0.8677477377629659,0.3848658399174659,0.014792707439992028,-0.08732561173268936,-0.08732561173268936,0.02522109441630612,0.13790659304373243,-2.579829356954463,0.02396923142468599,3.362383253907626,2.7526096937582807,0.03242618106924017,0.10902924821538962,20.19920946627067,0.3848658399174659,2024-01-01,2023-01-01,2023-12-31
AEABSIA ID Equity,0.07589331513683975,259,0.3,STRAT3,0.4940062050535359,1.201021040404042,0.29123249612667756,0.008322793340028351,0.059143561438030234,0.059143561438030234,0.01879571243622538,-0.008444202825014124,-0.01950321343288432,0.01088091522327117,3.132484007585302,4.061130748198347,0.024480618291134994,0.07668514529278059,3.2367104981642925,0.29123249612667756,2024-01-01,2023-01-01,2023-12-31
CLOHQIA GR Equity,0.07210396399568052,259,0.69,STRAT3,0.4464471715264368,0.767765746970643,-0.23007095929916,-0.0659682469317827,-0.10622846980592301,-0.10622846980592301,-0.08118642354031762,0.09861628230651354,-10.841028490258742,0.039675274374709524,1.465363611520164,0.7324660167677319,0.04492246678900641,0.06582774817233306,154.99219909808153,-0.23007095929916,2024-01-01,2023-01-01,2023-12-31
BNPAAAP LX Equity,0.049919207121209994,259,0.29,STRAT3,0.03252511105459769,1.2121301504920778,0.01618793285674287,-0.005276318795458018,-0.018323651164331305,-0.018323651164331305,-0.07549255336412708,0.04847642415200015,-0.1095954477010054,0.0036577126733038368,12.789080464734848,10.228289647609952,0.003864016536794765,0.04941721840613433,7.556218943946197,0.01618793285674287,2024-01-01,2023-01-01,2023-12-31
INGSBLC LX Equity,0.0707644447484318,259,0.85,STRAT3,0.4028949622106944,0.5900199855620689,-0.16879682568896587,0.038526352273895365,-0.0451412856495642,-0.0451412856495642,0.08509763802955253,0.04043937968213629,-0.7017145349352075,0.016432272064963116,2.973682773222484,3.1568082987280053,0.02502951582836798,0.07442984004091735,3.5780881341998194,-0.16879682568896587,2024-01-01,2023-01-01,2023-12-31
MUESEIH ID Equity,0.04070339700621581,259,0.72,STRAT3,-0.11194522702947483,0.7344384167065353,-0.5201301854197187,0.0727537843883494,-0.0951831652721304,-0.0951831652721304,0.08285953206262103,0.07096767570408069,-10.113452915656028,0.0455979435359849,0.9810960616273839,0.5293198211579757,0.048542839379137025,0.04762518853508202,118.40686064816931,-0.5201301854197187,2024-01-01,2023-01-01,2023-12-31
MUHLSHE ID Equity,0.022806355553072553,259,0.91,STRAT3,-0.4498908812124895,0.5233653250338537,-0.7150450394052927,0.1303107745506315,-0.04239244946380647,-0.04239244946380647,0.26642410782687376,-0.0977008880424729,-0.05611635829017573,0.019675275163426487,1.3018908607045332,1.4556441872069732,0.027040758488689087,0.03520411634294285,10.25075967719475,-0.7150450394052927,2024-01-01,2023-01-01,2023-12-31
GSUREEA LX Equity,0.05790576600401272,259,2.26,STRAT3,0.1735716850190793,-0.9763645368509893,-1.3402972094116943,0.1423900280913359,0.25875728249126917,0.25875728249126917,0.27221871654360513,-0.066942606990954,0.4842334947503536,0.016251968172625086,2.4708436742959448,3.2528407134051136,0.028918359803576536,0.0714527463916812,3.9609255687327005,-1.3402972094116943,2024-01-01,2023-01-01,2023-12-31
EGSKAEA LX Equity,0.02789532321054574,259,,STRAT3,-0.35819329976760983,,-0.5948996142574752,0.02649973543099936,0.015606640078580827,0.015606640078580827,0.05845070162324275,-0.007132546238166393,0.4952134545539817,0.04869915233934263,1.2135158763470815,1.9915285840601662,0.025064778591671222,0.030416506758117468,2.360779005306796,-0.5948996142574752,2024-01-01,2023-01-01,2023-12-31
INGAAAI LX Equity,0.048182836638261624,259,,STRAT3,0.0013529666685529844,,-0.3883385056778087,-3.9020633144451854e-05,-9.68333929212367e-05,-9.68333929212367e-05,-0.0007389008664060451,0.04550763489907306,1.2561784611843851,0.0005845596874142212,16.50208052003839,31.61293963991778,0.0029195787863601414,0.04817912421711101,5.9480206388309735,-0.3883385056778087,2024-01-01,2023-01-01,2023-12-31
INGSLII LX Equity,0.02314664203121927,259,,STRAT3,-0.44652977071685723,,-0.6533957564847422,0.014916358329533646,-0.1042008143316862,-0.1042008143316862,0.04016331670015449,-0.020728085641543714,-2.4218248135520977,0.02272524730509884,1.1964245650180303,0.9353218676183753,0.020532664038935715,0.024565783641445016,7.743051272211417,-0.6533957564847422,2024-01-01,2023-01-01,2023-12-31
KEPPPF6 AV Equity,0.07960247864177401,259,,STRAT3,0.5689968781875677,,-0.058624728154342665,-0.04365802727724016,-0.11159499353443285,-0.11159499353443285,-0.06648472490585225,0.07481306987997449,0.0754881513076541,0.023812898884457145,2.078252752243092,3.2520018575968446,0.03630398466027165,0.07544885603760054,2.828321919797074,-0.058624728154342665,2024-01-01,2023-01-01,2023-12-31
UIATHNA GR Equity,0.04151382648231102,261,1.23,STRAT1,-0.1199399504496439,0.17654258109848636,0.2999999999999988,0.1902153463559073,0.5597716571258078,0.5597716571258078,0.3026159650292172,-0.1344603411531674,2.7127728254976184,0.019777841539772578,1.943880808795311,2.1706706133634794,0.03009309651643043,0.058497392795514136,64.22337265336509,0.2999999999999988,2025-01-01,2024-01-01,2024-12-31
ALLVOSI LX Equity,0.007128376718649703,261,0.7,STRAT1,-0.7712776794458105,0.7282184330571292,-0.3000000000000011,0.1013630314589338,0.600949334055337,0.600949334055337,0.13186858206664395,-0.03971890439509984,-5.069639034819998,0.036891032118047895,0.43963428668110854,0.3164254132929686,0.03680030481844014,0.016178675758502292,41.603365674196525,-0.3000000000000011,2025-01-01,2024-01-01,2024-12-31
REYLSEB LX Equity,0.1960017640690386,261,2.64,STRAT2,2.6814190246502645,-1.2911233646782805,1.4567259766892784,-0.17454761650241563,0.15577720458925715,0.15577720458925715,-0.17305401806607057,0.4710344296287421,0.24269200156262902,0.01586494060549215,3.7362189290348136,6.778511600560582,0.048288687044206656,0.18041710659280308,0.4203950030865271,1.4567259766892784,2025-01-01,2024-01-01,2024-12-31
MEDMORL ID Equity,0.17028716217300746,261,3.39,STRAT2,2.2193192601473526,-2.0717967400914543,0.9156900141888837,0.11219983773985255,0.518691271824658,0.518691271824658,0.07210882537229857,0.10158250908837352,-2.732649032064173,0.060618726262358535,2.4204208638931966,2.404195877142456,0.07449325814589357,0.1803050362357026,24.978959106188732,0.9156900141888837,2025-01-01,2024-01-01,2024-12-31
UGEEIBA ID Equity,0.0422819659333833,261,0.13,STRAT2,-0.06993957639762466,1.321530198371141,0.47371128826890074,0.165924790880914,0.6307663824160259,0.6307663824160259,0.11971884357796969,0.045827242747095376,0.06632014195392133,0.06900919742704559,0.860496834642263,1.2907351334522328,0.06635320846339768,0.05709672585111192,1.524551359422146,0.47371128826890074,2025-01-01,2024-01-01,2024-12-31
CARTMTE LX Equity,0.08448289613809284,261,1.557,STRAT2,0.7462765483645607,-0.16383101058165733,0.5082707984257157,-0.06547781669303039,0.3543222064998238,0.3543222064998238,-0.039382565597020656,0.13393132662048735,0.03814148185386838,0.04922173108117056,0.9879196530044774,1.5712377702709424,0.07959821827298165,0.07863664417601868,0.3217849541230575,0.5082707984257157,2025-01-01,2024-01-01,2024-12-31
CHDYCLA ID Equity,0.12697534590131834,261,2.76,STRAT2,1.455611036041335,-1.4160311047443879,0.6496670986550764,0.13487151262482303,0.5243407988984112,0.5243407988984112,0.10648237664400081,0.04408218122147334,-0.4053017865541706,0.04853970542127961,2.2925233445833944,2.8224697154080345,0.06063950595092624,0.13901748299650207,5.334619109113239,0.6496670986550764,2025-01-01,2024-01-01,2024-12-31
PDAIEUR LX Equity,0.07744330990872973,261,1.56,STRAT2,0.5405176215692226,-0.16695370408331017,0.47433279457812333,0.2384457135403894,0.6907320210586088,0.6907320210586088,0.31688491111363004,-0.09018136883912653,-0.6013879017766938,0.03115592785392718,2.7407029715917672,3.6645316369482273,0.0360247620885831,0.09873317250706615,2.7611510870464784,0.47433279457812333,2025-01-01,2024-01-01,2024-12-31
EXCRISA LX Equity,0.05428667220797468,261,1.37,STRAT2,0.12003818109696483,0.030816884354693798,0.3411685186730966,0.08812615509538559,-0.06436160491436634,-0.06436160491436634,0.18368714405154346,-0.05204544421014545,0.6192643445203255,0.009535245010473647,2.7060609364871198,5.4303528156345084,0.02296884846287778,0.06215510358148579,1.3604708554187468,0.3411685186730966,2025-01-01,2024-01-01,2024-12-31
DMIURIE LX Equity,0.028901701924826377,261,0.92,STRAT2,-0.36079206048495116,0.49922090960259813,0.13939841455832436,0.10785810102467161,0.23131247487090245,0.23131247487090245,0.2576491004371704,-0.04359656745070195,-0.33729398254106097,0.01125175756807606,1.9225752426656386,2.762332738499429,0.020041826636074043,0.03853191970831271,0.8887401140933426,0.13939841455832436,2025-01-01,2024-01-01,2024-12-31
CBMREAB SM Equity,0.03356860322888226,261,1.06,STRAT2,-0.27478189256832486,0.35349521285880564,0.18492657545126567,0.13106121303891421,0.1434773188379349,0.1434773188379349,0.4835709410355186,-0.0707684515616499,0.28087745608723585,0.006169650019545725,3.4888995584008353,5.63790412051161,0.012975591065182156,0.04527053393730385,1.9702981371211354,0.18492657545126567,2025-01-01,2024-01-01,2024-12-31
R4PEGAS SM Equity,0.03258213444985729,261,1.12,STRAT2,-0.2924656533591325,0.2910413428257517,0.12100641442738913,0.14489371457092715,-0.022932952276268233,-0.022932952276268233,0.39651092728958076,-0.11726125597750925,-0.13384381367174,0.009679843321655168,2.601873935313075,4.205787549683188,0.017494742228733495,0.04551911380996265,0.6038790463003161,0.12100641442738913,2025-01-01,2024-01-01,2024-12-31
CHAGCLA ID Equity,0.08291864904188671,261,3.17,STRAT2,0.6850002487956187,-1.842799216636923,0.04431778067140401,0.05490086581029391,0.6318929718913994,0.6318929718913994,0.04137325158532721,0.052798741524529236,-0.9955375938266491,0.04753623632447368,1.38236694268106,1.6207971940149797,0.06352909977604809,0.08782052742869562,7.463693371197964,0.04431778067140401,2025-01-01,2024-01-01,2024-12-31
BPAIELI LX Equity,0.02147476352323803,261,1.57,STRAT2,-0.4999709383582694,-0.17736268242215247,-0.1474084074163085,0.06822498157976932,-0.0338513324225014,-0.0338513324225014,0.12211852104905266,-0.047678804284811194,0.19173934359446193,0.01620069464878182,1.0306314878007343,1.7153652795361096,0.026746998475958253,0.02756629883348083,1.2957422828149117,-0.1474084074163085,2025-01-01,2024-01-01,2024-12-31
TFREEUA ID Equity,0.030201906371065373,261,2.02,STRAT2,-0.33192612333544347,-0.6457667076700567,-0.1499239331904345,0.009409181472324196,0.15474438727982245,0.15474438727982245,0.016688680757172822,0.022717733393739836,0.29375516950605046,0.018512845403873768,1.1500239839161643,2.122085544913801,0.02699249313723704,0.03104201449351507,0.6232459646301263,-0.1499239331904345,2025-01-01,2024-01-01,2024-12-31
EFEODAE LX Equity,0.08660116416520094,261,4.09,STRAT2,0.7134644239320403,-2.8004252238104157,-0.19656120426915474,0.255612042232321,-0.2780532129133206,-0.2780532129133206,0.2515745744640994,-0.193713969562755,0.37300267814247257,0.03354769889176501,2.24948875826679,4.224117836313916,0.048643825885142676,0.10942373948771555,0.7632111024269261,-0.19656120426915474,2025-01-01,2024-01-01,2024-12-31
LUMNUDE LX Equity,0.03682164899405567,261,2.85,STRAT2,-0.1849655207067193,-1.509711909793969,-0.3802513963276902,0.1267500765671946,0.30971311849322397,0.30971311849322397,0.11044158017622442,0.047825807512430485,0.17632314620496373,0.03900205321147321,0.8761231921109618,1.4112412522447042,0.054945076251710655,0.048138655596428936,0.3668670278505375,-0.3802513963276902,2025-01-01,2024-01-01,2024-12-31
ALMLSI3 LX Equity,-0.03329501797453981,261,0.95,STRAT2,-1.526033106414694,0.4679939745860712,-0.6097213078962012,0.23766111975788018,0.5945928420858099,0.5945928420858099,0.15842103440749006,-0.20330405585724187,-3.4896461721524723,0.07320865840768875,-0.1681265054620518,-0.16630261127035295,0.07182215902804504,-0.012075208612124966,31.61547748646494,-0.6097213078962012,2025-01-01,2024-01-01,2024-12-31
NORMABI LX Equity,-0.04326904129713283,261,1.18,STRAT2,-1.7326696940290287,0.22858747279269798,-0.7887810701602386,0.22603802677331658,-0.42635078822102057,-0.42635078822102057,0.15692479185779667,-0.34484628735708156,0.09957190156792682,0.10090767925872979,-0.33478393399755363,-0.5667964623094444,0.06896092973146528,-0.023087011347628805,0.5397818665095988,-0.7887810701602386,2025-01-01,2024-01-01,2024-12-31
NMAPBIE LX Equity,-0.08598076554695172,261,1.37,STRAT2,-2.5392967399121615,0.030816884354693798,-1.2848019581704848,0.33970116055850313,-0.6134970099612082,-0.6134970099612082,0.15614483520312245,-0.4872313630637519,0.08247889097986935,0.15795792169684164,-0.5342988461422667,-0.8902824021055096,0.10415558651179435,-0.05565020969252277,0.6476205890274178,-1.2848019581704848,2025-01-01,2024-01-01,2024-12-31
BTAMNR1 LX Equity,0.06354338920819426,261,,STRAT2,0.33705938745852304,,0.14912253773698061,-0.20265586539725688,-0.056998733410250774,-0.056998733410250774,-0.15833911210203114,0.3223948555960612,0.30361633235198826,0.054133553543949775,0.7417213143725284,1.1628951046423752,0.061275114929596176,0.045449058783907814,2.4615695937023023,0.14912253773698061,2025-01-01,2024-01-01,2024-12-31
FONFIGE SM Equity,0.031578766385995355,261,,STRAT2,-0.31240604775277064,,-0.13530035693342107,0.18171985481931213,0.4729125616436772,0.4729125616436772,0.493713460378176,-0.144296724942497,-1.399726664948118,0.018671895714465037,2.7128256585954196,2.3075773483931985,0.017621406720183343,0.04780380429105913,22.048439661958035,-0.13530035693342107,2025-01-01,2024-01-01,2024-12-31
HELIUMF LX Equity,0.030344756958165787,261,,STRAT2,-0.3354326098902542,,-0.019404504087739652,0.050701995698631305,0.1410082612431633,0.1410082612431633,0.2270401235394949,-0.042327432474704496,-1.1383157130711732,0.009571746668263215,3.261654496582269,3.2265106311283365,0.01069142519204309,0.0348717350525003,8.304538319036157,-0.019404504087739652,2025-01-01,2024-01-01,2024-12-31
HFHPERC LX Equity,0.045607970649191476,261,,STRAT2,-0.0454332725570729,,0.1571177665489718,0.0773253450650908,0.22012598631474872,0.22012598631474872,0.265709076928657,-0.051676813883025474,-1.158533667503081,0.010497503993965096,3.769035779170065,3.92365601103853,0.013932486725410672,0.0525120409608848,5.526774750903797,0.1571177665489718,2025-01-01,2024-01-01,2024-12-31
HFHSELA LX Equity,0.030521378486135398,261,,STRAT2,-0.32940454850511536,,-0.13700719000846648,0.13340443207765484,0.3900116591331306,0.3900116591331306,0.28571433595091716,-0.1172545392648009,-1.5525217568862726,0.011673750059712829,1.8982241576604866,1.9224067307430261,0.022353801401609755,0.04243252583608048,8.282034609054822,-0.13700719000846648,2025-01-01,2024-01-01,2024-12-31
PRATLSB LX Equity,-0.017048119945868752,261,,STRAT2,-1.2094793564381279,,-0.6998850094529306,0.1928459890567538,0.056646253729458605,0.056646253729458605,0.13383942315627023,-0.2961115840934635,-0.17203616559893783,0.07298825040276846,0.002469113293573286,0.003715461019294557,0.06898262494941595,0.00017032591628818317,0.7751683236364593,-0.6998850094529306,2025-01-01,2024-01-01,2024-12-31
TRESGFE ID Equity,-0.03096016274526564,261,,STRAT2,-1.5452056516014627,,-0.8920102904707635,-0.054523515416334725,-0.016187854315577743,-0.016187854315577743,-0.07293403384247941,0.046214199454155835,-0.010664125310877038,0.05050147248396131,-1.0010597948759365,-1.5229981402744868,0.035790418524824494,-0.03582834902698473,0.9867787930686296,-0.8920102904707635,2025-01-01,2024-01-01,2024-12-31
VALRERF SM Equity,0.028475318425893032,261,,STRAT2,-0.3725080719294882,,-0.174399350489579,0.18492915023734768,0.03798270739867916,0.03798270739867916,0.6516776988090666,-0.15672010289527716,-0.11059144212727848,0.005403917820894555,3.3113143010996207,5.942491251792789,0.01358581438437522,0.04498690146306661,-0.30223602878847045,-0.174399350489579,2025-01-01,2024-01-01,2024-12-31
DISFCPE LX Equity,0.15202097546865181,261,1.11,STRAT3,1.9138331870840462,0.301450321164594,1.1681929270588451,-0.14598875247826143,0.35448248438354935,0.35448248438354935,-0.19443457661844193,0.49972640325109974,-0.02294611651779426,0.01239333835315859,3.86645266168036,6.026070496202281,0.035946702758773756,0.13898622456029353,0.9855702829166306,1.1681929270588451,2025-01-01,2024-01-01,2024-12-31
BNPAOPP LX Equity,0.09056244912406322,261,0.66,STRAT3,0.7897494728546023,0.7698543464124984,0.6165756046532974,-0.002234336722776482,0.04846292270960631,0.04846292270960631,-0.019898650098630188,0.10265548794641988,1.3682363044217383,0.001641112548386836,16.80940149312454,16.885015818881307,0.005375738939029629,0.09036295414837237,5.373125594444817,0.6165756046532974,2025-01-01,2024-01-01,2024-12-31
INICLBI GR Equity,0.08321057856743459,261,0.6,STRAT3,0.6568411476821433,0.8323082164455523,0.4369045936322148,0.01618789338015253,-0.11503553121193011,-0.11503553121193011,0.044474267835545006,0.0249107832602824,-11.203865518031176,0.01538196065343922,4.858058036602606,1.8949731346359229,0.017425878835575614,0.08465593072203137,162.1536101699071,0.4369045936322148,2025-01-01,2024-01-01,2024-12-31
AEABSIA ID Equity,0.06544801561313725,261,0.3,STRAT3,0.32850801775931704,1.1445775666108218,0.5200787217523876,0.018628545167277084,-0.044604809542594825,-0.044604809542594825,0.061635033357579576,-0.001805210197132534,-0.05307020623734007,0.0019505830004910019,4.638003595349933,10.03608204686316,0.014469864546105857,0.0671112837890655,-0.23771945709680553,0.5200787217523876,2025-01-01,2024-01-01,2024-12-31
ESELIAE LX Equity,0.07279107128634152,261,0.64,STRAT3,0.4630152318920512,0.790672303090183,0.36978213508884544,0.017582227804047893,0.11057909938766086,0.11057909938766086,0.10844173743159415,0.07169599091827483,-1.447646530066651,0.0027291046076610703,9.579749326058275,7.7146218371323565,0.007762303108909484,0.07436091797623567,7.413173807114591,0.36978213508884544,2025-01-01,2024-01-01,2024-12-31
ECMSSFC LX Equity,0.07504808036807112,261,0.7,STRAT3,0.5043491716711707,0.7282184330571292,0.3589581808813813,0.019495694140508172,0.1251062823678059,0.1251062823678059,0.13387046128795638,0.07318053234663235,-1.2397556057948178,0.0030422238680374303,11.013633545681952,8.425884624485475,0.0069721561448090625,0.07678877280220164,7.50026756519628,0.3589581808813813,2025-01-01,2024-01-01,2024-12-31
INGSBLC LX Equity,0.07416184422495747,261,0.85,STRAT3,0.5083106489510966,0.5720837579744944,0.19263096568123037,-0.09177096029305393,0.33884819035330677,0.33884819035330677,-0.11852232723546526,0.1486720323257933,1.8057183418409417,0.014638624732268624,1.779569429464015,1.889265088785481,0.03706963139704139,0.06596798279567428,30.95060456714785,0.19263096568123037,2025-01-01,2024-01-01,2024-12-31
NBESEIA ID Equity,0.06934511577444841,261,0.82,STRAT3,0.39991386045089883,0.6033106929910214,0.18798117948239057,0.009869101091767144,0.09910889914601934,0.09910889914601934,0.057629778446728806,0.07570235096851774,0.02996601207825057,0.002578427318293164,8.565562837300103,19.9105116332163,0.00819867761305361,0.07022628827737631,0.43795732038490653,0.18798117948239057,2025-01-01,2024-01-01,2024-12-31
BNPAAAP LX Equity,0.04727017315687911,261,0.29,STRAT3,-0.013420997169303108,1.1549865449496641,0.25174476595504114,-0.0012019870848996226,0.009908814439427668,0.009908814439427668,-0.02813904059486998,0.05021832118989811,1.0043985508971078,0.00014547752284232995,23.061969181290056,53.365305752939605,0.0020450488062936176,0.04716285254497743,1.3528039052547864,0.25174476595504114,2025-01-01,2024-01-01,2024-12-31
MUHLSHE ID Equity,0.05017340821543052,261,0.91,STRAT3,0.04099062684177118,0.5096298879414405,-0.15709883197457095,0.05665217189849793,0.06315181334594502,0.06315181334594502,0.20671644079029938,0.020028199557570847,-0.7929683956342407,0.0043842931845653466,4.209527387270699,5.201335549726921,0.013120630566392209,0.05523165370748906,3.983974410094163,-0.15709883197457095,2025-01-01,2024-01-01,2024-12-31
CLOHQIA GR Equity,0.040442900632247515,261,0.69,STRAT3,-0.12618039036192674,0.7386274113959714,-0.3354031830510926,-0.002797522019826985,0.026788561314200394,0.026788561314200394,-0.003282523683977198,0.06735819152283029,-15.536482823185244,0.04068072273027834,0.985083226842439,0.19903149632872844,0.04080175156998624,0.0401931210973856,247.8740654608103,-0.3354031830510926,2025-01-01,2024-01-01,2024-12-31
GSUREEA LX Equity,0.06096979558042353,261,2.26,STRAT3,0.24507563463367252,-0.8955821878022721,-1.0150804322413067,0.013940047443611357,0.050378430221061976,0.050378430221061976,0.050393905365439494,0.05419824389821226,-0.21908033579332387,0.005938119428014921,4.6977710214895145,4.402105338178152,0.013243396983623363,0.062214446575747484,7.956534602000888,-1.0150804322413067,2025-01-01,2024-01-01,2024-12-31
MUESEIH ID Equity,-0.037011992652838506,261,0.72,STRAT3,-1.6255780585703044,0.7074004763794445,-1.383403571082507,0.14336371517404944,-0.136247450469437,-0.136247450469437,0.11707858631162872,-0.29758704330141084,-10.936009278144576,0.04146154204783503,-0.41299892822654116,-0.20966181231596448,0.05862393133558415,-0.024211620810022594,121.85937070946832,-1.383403571082507,2025-01-01,2024-01-01,2024-12-31
EGSKAEA LX Equity,0.005683341661726706,261,,STRAT3,-0.8110492377805063,,-0.7519742506837884,0.01663472480597901,-0.006784809660966388,-0.006784809660966388,0.036682536543684634,0.01926538755211138,-0.42282657174515675,0.024774207793004765,0.3301902875827752,0.4482804090555877,0.021710479908120098,0.0071685896044222375,1.4104775463624177,-0.7519742506837884,2025-01-01,2024-01-01,2024-12-31
INGAAAI LX Equity,0.04841434997186126,261,,STRAT3,0.008319483476442242,,-0.12455749157686659,-0.0038960984099689236,0.0031671129254378597,0.0031671129254378597,-0.07412955843792225,0.051865657171488166,1.3011763198241157,0.0004864978240989304,19.102520703734204,18.804754326799664,0.0025162377100523075,0.048066482951790945,6.4974786695787365,-0.12455749157686659,2025-01-01,2024-01-01,2024-12-31
INGSLII LX Equity,-0.004248237072253509,261,,STRAT3,-1.0087163317043981,,-0.9071821105090558,0.02188943958219342,0.011068977190484927,0.011068977190484927,0.059870581636129704,-0.021470044833953095,-3.463674531694497,0.013769045718580286,-0.13104618495568968,-0.08451481764705242,0.01750388000424713,-0.0022938166964787676,12.730808648905253,-0.9071821105090558,2025-01-01,2024-01-01,2024-12-31
KEPPPF6 AV Equity,0.050119429307660605,261,,STRAT3,0.04963868399784889,,-0.10306853586197534,-0.045277616378844344,0.04210533314647689,0.04210533314647689,-0.07626378967360298,0.16730805600163912,-0.08767728660479623,0.010128024616259057,1.6210772610181279,2.5565862357069604,0.028423551068085053,0.046076772313860204,0.07498117657300529,-0.10306853586197534,2025-01-01,2024-01-01,2024-12-31
MODCLDI GR Equity,0.012712970602429655,261,,STRAT3,-0.6628828117932443,,-0.6287064271134511,0.23506581794059656,-0.09351676615622402,-0.09351676615622402,0.3143859319815782,-0.25971682191721646,-3.9352472042651914,0.03582022901810855,0.9414645442897178,0.9006514304330852,0.03579641534694371,0.03370105586181582,37.610333393814635,-0.6287064271134511,2025-01-01,2024-01-01,2024-12-31
NUMCAII ID Equity,0.14113680299362058,261,,STRAT3,1.694505422164836,,1.3036257599089802,0.2159701127665769,-0.1212007989321376,-0.1212007989321376,0.1523360967367554,0.04445204750946119,-0.04323918150002784,0.03138139784901672,2.363492741821948,3.629036846399516,0.06787408583609982,0.1604199092314218,3.221754482753451,1.3036257599089802,2025-01-01,2024-01-01,2024-12-31
