,PDAIEUR LX Equity,EXCRISA LX Equity,LUMNUDE LX Equity
2019-01-03,,,
2019-01-04,,,
2019-01-08,,,
2019-01-09,,,
2019-01-10,,,
2019-01-11,,,
2019-01-15,,,
2019-01-16,,,
2019-01-17,,,
2019-01-18,,,
2019-01-22,,,
2019-01-23,,,
2019-01-24,,,
2019-01-25,,,
2019-01-29,,,
2019-01-30,,,
2019-01-31,,,
2019-02-01,,,
2019-02-05,,,
2019-02-06,,,
2019-02-07,,,
2019-02-08,,,
2019-02-12,,,
2019-02-13,,,
2019-02-14,,,
2019-02-15,,,
2019-02-19,,,
2019-02-20,,,
2019-02-21,,,
2019-02-22,,,
2019-02-26,,,
2019-02-27,,,
2019-02-28,,,
2019-03-01,,,
2019-03-05,,,
2019-03-06,,,
2019-03-07,,,
2019-03-08,,,
2019-03-12,,,
2019-03-13,,,
2019-03-14,,,
2019-03-15,,,
2019-03-19,,,
2019-03-20,,,
2019-03-21,,,
2019-03-22,,,
2019-03-26,,,
2019-03-27,,,
2019-03-28,,,
2019-03-29,,,
2019-04-02,,,
2019-04-03,,,
2019-04-04,,,
2019-04-05,,,
2019-04-09,,,
2019-04-10,,,
2019-04-11,,,
2019-04-12,,,
2019-04-16,,,
2019-04-17,,,
2019-04-18,,,
2019-04-24,,,
2019-04-25,,,
2019-04-26,,,
2019-04-30,,,
2019-05-03,,,
2019-05-07,,,
2019-05-08,,,
2019-05-09,,,
2019-05-10,,,
2019-05-14,,,
2019-05-15,,,
2019-05-16,,,
2019-05-17,,,
2019-05-21,,,
2019-05-22,,,
2019-05-23,,,
2019-05-24,,,
2019-05-28,,,
2019-05-29,,,
2019-05-30,,,
2019-05-31,,,
2019-06-04,,,
2019-06-05,,,
2019-06-06,,,
2019-06-07,,,
2019-06-11,,,
2019-06-12,,,
2019-06-13,,,
2019-06-14,,,
2019-06-18,,,
2019-06-19,,,
2019-06-20,,,
2019-06-21,,,
2019-06-25,,,
2019-06-26,,,
2019-06-27,,,
2019-06-28,,,
2019-07-02,,,
2019-07-03,,,
2019-07-04,,,
2019-07-05,,,
2019-07-09,,,
2019-07-10,,,
2019-07-11,,,
2019-07-12,,,
2019-07-16,,,
2019-07-17,,,
2019-07-18,,,
2019-07-19,,,
2019-07-23,,,
2019-07-24,,,
2019-07-25,,,
2019-07-26,,,
2019-07-30,,,
2019-07-31,,,
2019-08-01,,,
2019-08-02,,,
2019-08-06,,,
2019-08-07,,,
2019-08-08,,,
2019-08-09,,,
2019-08-13,,,
2019-08-14,,,
2019-08-15,,,
2019-08-16,,,
2019-08-20,,,
2019-08-21,,,
2019-08-22,,,
2019-08-23,,,
2019-08-27,,,
2019-08-28,,,
2019-08-29,,,
2019-08-30,,,
2019-09-03,,,
2019-09-04,,,
2019-09-05,,,
2019-09-06,,,
2019-09-10,,,
2019-09-11,,,
2019-09-12,,,
2019-09-13,,,
2019-09-17,,,
2019-09-18,,,
2019-09-19,,,
2019-09-20,,,
2019-09-24,,,
2019-09-25,,,
2019-09-26,,,
2019-09-27,,,
2019-10-01,,,
2019-10-02,,,
2019-10-03,,,
2019-10-04,,,
2019-10-08,,,
2019-10-09,,,
2019-10-10,,,
2019-10-11,,,
2019-10-15,,,
2019-10-16,,,
2019-10-17,,,
2019-10-18,,,
2019-10-22,,,
2019-10-23,,,
2019-10-24,,,
2019-10-25,,,
2019-10-29,,,
2019-10-30,,,
2019-10-31,,,
2019-11-01,,,
2019-11-05,,,
2019-11-06,,,
2019-11-07,,,
2019-11-08,,,
2019-11-12,,,
2019-11-13,,,
2019-11-14,,,
2019-11-15,,,
2019-11-19,,,
2019-11-20,,,
2019-11-21,,,
2019-11-22,,,
2019-11-26,,,
2019-11-27,,,
2019-11-28,,,
2019-11-29,,,
2019-12-03,,,
2019-12-04,,,
2019-12-05,,,
2019-12-06,,,
2019-12-10,,,
2019-12-11,,,
2019-12-12,,,
2019-12-13,,,
2019-12-17,,,
2019-12-18,,,
2019-12-19,,,
2019-12-20,,,
2019-12-24,,,
2019-12-31,,,
2020-01-03,,,
2020-01-07,,,
2020-01-08,,,
2020-01-09,,,
2020-01-10,,,
2020-01-14,,,
2020-01-15,,,
2020-01-16,,,
2020-01-17,,,
2020-01-21,,,
2020-01-22,,,
2020-01-23,,,
2020-01-24,,,
2020-01-28,,,
2020-01-29,,,
2020-01-30,,,
2020-01-31,,,
2020-02-04,,,
2020-02-05,,,
2020-02-06,,,
2020-02-07,,,
2020-02-11,,,
2020-02-12,,,
2020-02-13,,,
2020-02-14,,,
2020-02-18,,,
2020-02-19,,,
2020-02-20,,,
2020-02-21,,,
2020-02-25,,,
2020-02-26,,,
2020-02-27,,,
2020-02-28,,,
2020-03-03,,,
2020-03-04,,,
2020-03-05,,,
2020-03-06,,,
2020-03-10,,,
2020-03-11,,,
2020-03-12,,,
2020-03-13,,,
2020-03-17,,,
2020-03-18,,,
2020-03-19,,,
2020-03-20,,,
2020-03-24,,,
2020-03-25,,,
2020-03-26,,,
2020-03-27,,,
2020-03-31,,,
2020-04-01,,,
2020-04-02,,0.016318623808598033,
2020-04-03,,0.013874767598627184,
2020-04-07,,0.009844010947959876,
2020-04-08,,0.00977444022428546,
2020-04-09,,0.006153108489675165,
2020-04-15,,0.0038552105458796756,
2020-04-16,,0.005256807308513333,
2020-04-17,,0.004295135056632226,
2020-04-21,,0.00038171172278991567,
2020-04-22,-0.007574202094104206,0.0009706382704048009,
2020-04-23,-0.009706320347449346,0.0005987133009550327,
2020-04-24,-0.009595795982236512,-0.0006010940604856952,
2020-04-28,-0.010076744330219272,-0.0012241244376428343,
2020-04-29,-0.012660569708049005,-0.0012890416016582266,
2020-04-30,-0.01384554339511679,-0.004102353019131939,
2020-05-05,-0.01685787390915382,-0.0035400259021181827,
2020-05-06,-0.0173813440812242,-0.004761243875258791,
2020-05-07,-0.018561166354182066,-0.005244235561314429,
2020-05-08,-0.01858949179758582,-0.005187023503409134,
2020-05-12,-0.0182913684436436,-0.005061016533163651,
2020-05-13,-0.01946927885329224,-0.0054601121349649095,
2020-05-14,-0.0197031840037992,-0.006952362457900529,
2020-05-15,-0.019245109396044506,-0.007067800818366485,
2020-05-19,-0.019406938667742023,-0.007101994330548398,
2020-05-20,-0.019263925266364664,-0.0068354702871460905,0.05738707160146396
2020-05-21,,-0.006488589290500986,
2020-05-22,,-0.006787562110396218,
2020-05-26,-0.01915516212273636,-0.006696323657014465,
2020-05-27,-0.019036263379569034,-0.006753375120799101,0.0559879318315579
2020-05-28,-0.01865747456746567,-0.006628593911774692,0.053966215853898096
2020-05-29,-0.021127287299521593,-0.00428045186270034,0.05033436815220858
2020-06-02,,-0.002534089537387307,
2020-06-03,-0.021847488602787592,-0.0020661902265195074,0.0479553940374911
2020-06-04,-0.021557596872040913,-0.002089832824183121,0.04780254421150679
2020-06-05,-0.025377700075413845,0.0011509128509195128,0.039859572677939104
2020-06-09,-0.026316952514802944,0.0004532770442575145,0.037120730878995874
2020-06-10,-0.027664765423967855,-6.77953982849086e-05,0.03707035016200771
2020-06-11,-0.0350436778798347,-0.0007009512103753518,0.026013490301033414
2020-06-12,-0.0355601755586725,-0.0014204673019437887,0.02650937533817139
2020-06-16,-0.033337847098317885,-0.0009021807320899687,0.023827275899353947
2020-06-17,-0.033007700826830653,-0.00036711805193204345,0.023930502946806872
2020-06-18,-0.03317260734645219,-0.00013964249206723382,0.023569187214663383
2020-06-19,-0.03296494224333409,-0.00014566807826145746,0.022932963884040765
2020-06-23,,0.00035281336022427857,
2020-06-24,,0.0009580895840183984,
2020-06-25,-0.03303949306184166,0.0011036174490982613,0.022957374340566602
2020-06-26,-0.03326116586507705,0.0007514282849087404,0.02322254968041279
2020-06-30,-0.03278238392415716,0.0004416193067095883,0.02351570418213597
2020-07-01,-0.03275281078446503,0.0004433062289675738,0.02488898789597199
2020-07-02,-0.031231511683584578,0.001403725886470733,0.02474222179621153
2020-07-03,-0.03119370488109421,0.001542354508927296,
2020-07-07,-0.031092363376875917,0.001452366288655057,0.025826561348968217
2020-07-08,-0.03181301719277331,0.0014209548321329607,0.024996822731321488
2020-07-09,-0.03239291878106711,0.0014245076576785414,0.024876725121078018
2020-07-10,-0.032385666874668664,0.0016886608127213594,0.023027211735323357
2020-07-14,-0.03041026650772546,0.0027579778518938406,0.02345700825303491
2020-07-15,-0.03034535120530344,0.0031408199859410935,0.02285574661530168
2020-07-16,,0.0029938599898799525,0.02194402186645668
2020-07-17,,0.003012331909350678,0.021982438171871677
2020-07-21,-0.029807851301593847,0.0027708946954207226,0.02164182260322576
2020-07-22,-0.030385139604123382,0.003111680474997826,0.020594948104059953
2020-07-23,-0.030659691131253372,0.003137047200028106,0.020738557447239115
2020-07-24,-0.02776989091181635,0.0049720657713490796,0.0219156139711817
2020-07-28,-0.02776333441259948,0.005222103873258393,0.02191763905637182
2020-07-29,-0.027728235088453502,0.005244092309556655,0.021717424304439563
2020-07-30,-0.028093656547411753,0.00511942817716113,0.022043261650227703
2020-07-31,-0.02873435304780439,0.005228179984572794,0.021785790243084642
2020-08-04,-0.02882466018548726,0.005105238385059946,0.021637962160928916
2020-08-05,-0.028852424469911164,0.004978785213107545,0.021552885865526332
2020-08-06,-0.028900166692749914,0.004586717546609563,0.021598556826851075
2020-08-07,-0.02911550792323049,0.00414740108778651,0.022719463598832278
2020-08-11,-0.0296111388248578,0.0035204688003597612,0.02127502741623475
2020-08-12,-0.029370081691269808,0.0034783176281944768,0.02124115343936186
2020-08-13,-0.02952784225282844,0.0037159963488291284,0.020832113742040904
2020-08-14,-0.02931609589262048,0.003857548471046015,0.019889342764021573
2020-08-18,-0.029469303430978082,0.0038859762955071033,0.019723904242151237
2020-08-19,-0.02927922878684343,0.00408325215578746,0.020212499452085513
2020-08-20,-0.028860516869363247,0.00459662508940587,0.02061851501709926
2020-08-21,-0.028805766580854496,0.004440123264314598,0.02065745667037018
2020-08-25,-0.028592132908333637,0.004441868937594399,0.02058109763388783
2020-08-26,-0.02826974201059724,0.004738492938629244,0.02123529273436905
2020-08-27,-0.028636422764775463,0.004294837704535142,0.021229824591612757
2020-08-28,-0.027941533407290994,0.0045616437129136385,0.022045500347810092
2020-09-01,-0.02747393002367936,0.0045456018768595995,
2020-09-02,-0.0271438444574807,0.005643848535676076,0.021642039286995984
2020-09-03,-0.02478126553507238,0.007214447421855051,0.02288608278049759
2020-09-04,-0.02276604307399818,0.008113907271995726,0.0233225303219475
2020-09-08,-0.022299946550074865,0.009455754260562117,
2020-09-09,-0.022222590281572804,0.00977612860679946,0.022182661835186534
2020-09-10,-0.02233473926167977,0.00973428873782055,0.021922618867288954
2020-09-11,-0.022379562765753695,0.009588664996740647,0.0217299106875172
2020-09-15,-0.022076401394009557,0.008793264077636004,0.020742839746754817
2020-09-16,-0.02171528542927694,0.008705493829315647,0.020689149413962327
2020-09-17,-0.021053773676755087,0.009746231608664073,0.018817575111518568
2020-09-18,-0.0212228056609854,0.010026183594026862,0.018653934790347777
2020-09-22,-0.019712099797735003,0.010552426163114869,0.01878965287061488
2020-09-23,-0.019153685687800147,0.01094101863581556,0.020682217941051642
2020-09-24,-0.019504616519166924,0.011524067068172623,0.02241349641284528
2020-09-25,-0.020309184522217503,0.011341570174674291,0.021811049343350295
2020-09-29,-0.02073201736940991,0.011131939168433745,0.022693018957475105
2020-09-30,-0.02038839867423553,0.011543585003768241,0.022234755206067082
2020-10-01,-0.02033315078330751,0.011599623457000819,0.01988564922643915
2020-10-02,-0.02004328013195706,0.011689830227792413,0.019608693108385797
2020-10-06,-0.019848715658512595,0.011605929259443027,0.019748983559801203
2020-10-07,-0.02003066970721025,0.011657532595700192,0.019923909080707267
2020-10-08,-0.020408045314112017,0.011638990622648419,0.017801644480353724
2020-10-09,-0.020180724516318683,0.011869203717183087,0.018624260768242876
2020-10-13,-0.020288931662452225,0.011876887749517515,
2020-10-14,-0.020378546652019065,0.011830038443141242,0.018797195504132332
2020-10-15,-0.02040071715344882,0.012082969871908324,0.02033219621865402
2020-10-16,-0.02055918433835252,0.012263212389466269,0.020639144891884762
2020-10-20,-0.020069895157625223,0.013552224066278859,0.019424192301054025
2020-10-21,-0.020031436610710447,0.013154794442530092,0.019544357666792807
2020-10-22,-0.020169510791831845,0.013073327580466653,0.019851324343423404
2020-10-23,-0.020430565920655182,0.01306092275966095,0.019413247147877826
2020-10-27,-0.02038055239873223,0.012833462174870375,0.019026119155277615
2020-10-28,-0.021472663596451298,0.012969872929637454,0.019268249420976505
2020-10-29,-0.02153573961221355,0.012383664661647665,0.01965016661793348
2020-10-30,-0.020155565488706863,0.010336318743714032,0.01803963408702588
2020-11-03,-0.020986167258325684,0.011508096897391844,0.018353758781020822
2020-11-04,-0.020532151306084007,0.01283619454648359,0.019034286340774066
2020-11-05,-0.020028172792451653,0.01123653852034922,0.01860867880729686
2020-11-06,-0.019844211738508005,0.010991648484684459,0.018387270570171643
2020-11-10,-0.016212726917328935,0.008507386447729356,0.019468303502777628
2020-11-11,-0.015750520613653285,0.009372388317578839,
2020-11-12,-0.01677535811106815,0.009773181017985627,
2020-11-13,-0.01660511883563969,0.00999458166341311,0.019492939111518084
2020-11-17,-0.016737016349667358,0.010192223426553283,0.019593924997540216
2020-11-18,-0.01708124917098954,0.010134403050454661,0.0198721510588561
2020-11-19,-0.0164786644148346,0.010413481953944892,0.020523971221251085
2020-11-20,-0.016116283049580803,0.010404066182101258,0.020968583806485894
2020-11-24,-0.017165909946596985,0.01286339094528151,0.02168877330989637
2020-11-25,-0.017161483976335674,0.012893281839555043,0.02172777226153426
2020-11-26,-0.017449718320033343,0.012359465513162037,
2020-11-27,-0.016097943939091544,0.012428975965832303,
2020-12-01,-0.014992905188272771,0.01266717156378557,0.022409646514538105
2020-12-02,-0.014558760205254477,0.012367644549739768,0.021667400585980684
2020-12-03,-0.014560571816854898,0.01244344398901431,0.02216010432331831
2020-12-04,-0.014205393977919265,0.012914548471938406,0.022737860023438583
2020-12-08,-0.014007887958842105,0.012444087341447564,0.023295637880078362
2020-12-09,-0.014489183894686486,0.01254438187319072,0.022761728084896366
2020-12-10,-0.0141750856789654,0.012126584056660478,0.023024364964064938
2020-12-11,-0.015445588500023092,0.012535812265248246,0.023367251665370944
2020-12-15,-0.015444353207947934,0.012314289044729873,0.02329954469532428
2020-12-16,-0.015265243551083106,0.01251485087618554,0.02329371722863317
2020-12-17,-0.015360193426069339,0.012264293766368582,0.02062022153692142
2020-12-18,-0.015097718181008666,0.012436190510204524,0.02081949010168453
2020-12-22,-0.015008936767693474,0.012522941956189502,0.02067252506534907
2020-12-23,-0.016252007003910673,0.01243745310567033,0.0214454329546524
2020-12-24,,0.012688568839619403,
2020-12-29,-0.01554804410050494,0.012742665978845604,
2020-12-30,-0.015850560071684002,0.012231506689577643,0.020979927392590927
2020-12-31,-0.015906298248928172,0.011582811725554828,0.022041960333294138
2021-01-05,-0.01579677598899887,0.012021073150649422,0.021617463426935827
2021-01-06,-0.015831545103228786,0.012746589569513946,0.022268191906538084
2021-01-07,-0.01530986941667657,0.01274133542721711,0.022803231857921852
2021-01-08,-0.014954233494641443,0.012247162037785605,0.022715816129853794
2021-01-12,-0.014939095063799392,0.012223188685135744,0.021591737491469254
2021-01-13,-0.015258235184623704,0.01244238757939446,0.02186319815482751
2021-01-14,-0.01523716394200324,0.012215024206339006,0.021677601072719526
2021-01-15,-0.015089540111934557,0.01224023286073718,0.02237017647559468
2021-01-19,-0.014882334081317323,0.011976068067888344,
2021-01-20,-0.014751789907669748,0.012042465386368256,0.025157183129912795
2021-01-21,-0.014800257776126279,0.012269098258143221,0.02474354766355081
2021-01-22,-0.015917713364068976,0.01252104472744901,0.024310097678878855
2021-01-26,-0.017011293679601965,0.012144602805624523,0.022186310817126704
2021-01-27,-0.01485416065264336,0.014878708953673823,0.027067164809324393
2021-01-28,-0.014584728530328026,0.01496614592220334,0.027222921445731376
2021-01-29,-0.014911330168497302,0.012340624546613076,0.025653174556030098
2021-02-02,-0.013317800636778314,0.012082948800146069,0.026616322207310916
2021-02-03,-0.013265644109132921,0.012251381833650196,0.026635938250781106
2021-02-04,-0.01393403683960351,0.013049571703879815,0.027515283211943364
2021-02-05,-0.013848825663401326,0.013062225419949702,0.02750754604106795
2021-02-09,-0.013739195505002185,0.012720990475491465,0.027611105703754753
2021-02-10,-0.01381860501895156,0.012895713622870677,0.027154220180027742
2021-02-11,-0.013551834765063886,0.012529010303697295,0.02702129973772821
2021-02-12,-0.013472023136002433,0.01245254069153537,0.02696394541976285
2021-02-16,-0.013206190920237565,0.01264067562637447,
2021-02-17,-0.012898458343018379,0.01283719089953783,0.02709394510391279
2021-02-18,-0.012644097929787945,0.013280247463730327,0.027567100577349745
2021-02-19,-0.01272760753076237,0.013284441322027047,0.02753660574595747
2021-02-23,-0.011507809615995547,0.01362039161300006,0.028818675680716138
2021-02-24,-0.012473351268627447,0.013864540001416854,0.028851156750696046
2021-02-25,-0.013879899949459604,0.013622758294804223,0.029267321638811718
2021-02-26,-0.013314354240431741,0.013649510581651043,0.02938392123229534
2021-03-02,-0.013142027539630098,0.014145405066039042,0.029471273260907826
2021-03-03,-0.013273027456137966,0.013621641098733383,0.029036736434520472
2021-03-04,-0.011842458350238672,0.013784463444439746,0.030349770233958098
2021-03-05,-0.011383607268524559,0.013622282600627766,0.031891265469328946
2021-03-09,-0.011468371809018874,0.013910906185173254,0.03245375462377545
2021-03-10,-0.011534488760792624,0.011950666885806517,0.032362007161187076
2021-03-11,-0.010446264861194907,0.012334041525284304,0.03294520593039913
2021-03-12,-0.010096389127378097,0.012312910022132051,0.03264603539689433
2021-03-16,-0.010119528599913441,0.012153145316680476,0.03157774503928416
2021-03-17,-0.009694235247464154,0.011885393630990924,0.03207800319801824
2021-03-18,-0.010059791621766274,0.011871366401651562,0.030801770552232467
2021-03-19,-0.00990853339945997,0.012013030650957731,0.030936597962812663
2021-03-23,-0.010468580121843629,0.011713758754650395,0.030452980262948477
2021-03-24,-0.01034758582555335,0.011424325000829568,0.029859965514869316
2021-03-25,-0.010999813697580681,0.011481369696467065,0.029658124058021994
2021-03-26,-0.011204780876710127,0.011625922665018877,0.029886223360836687
2021-03-30,-0.011108602000757585,0.011604382141516687,0.03028750234708656
2021-03-31,-0.011162801314018755,0.011707950000010417,0.030111589710524553
2021-04-01,-0.011420146054937373,0.011874942936167776,0.030500038063957145
2021-04-07,-0.011133516137049219,0.012062171699745888,0.030275416887553197
2021-04-08,-0.010987208956384524,0.011992726612616841,0.03020053080415773
2021-04-09,-0.011021934408559616,0.012047322622382006,0.03029743440155288
2021-04-13,-0.011416062568200715,0.012039869982465562,0.030341347151529786
2021-04-14,-0.011407606532014673,0.01204045442165727,0.03045737387069828
2021-04-15,-0.011825010895767018,0.011420331447218294,0.03054915341275656
2021-04-16,-0.012016330162349235,0.011387182876750621,0.029786309291620554
2021-04-20,-0.011749909576445105,0.012644864669016527,0.029481005211918224
2021-04-21,-0.013189105651831989,0.012615195519074387,0.029953258465032887
2021-04-22,-0.012870627381000305,0.01309761963335214,0.03015441603231987
2021-04-23,-0.012843295126188342,0.013472392477715898,0.030361353437450594
2021-04-27,-0.012813692153266713,0.01326753514033387,0.030557991254414503
2021-04-28,-0.012759395490173924,0.014058681060705128,0.030231969452018403
2021-04-29,-0.01341437895123616,0.015226625168554017,0.030139491544572853
2021-04-30,-0.013517468714711472,0.015632254028751125,0.030113570652030654
2021-05-04,-0.013629327061973598,0.01702779725643456,
2021-05-05,-0.013417467545708247,0.01667746800756695,0.029435790505929815
2021-05-06,-0.013100835872108611,0.016897884226530657,0.03002924062359824
2021-05-07,-0.012372604731645299,0.017149690001359685,0.030027078870339393
2021-05-11,-0.01253219096706108,0.019001849858707433,0.031992733844349135
2021-05-12,-0.013917429039247219,0.018553979988476157,0.03224920746418862
2021-05-13,,0.018569109884068458,
2021-05-14,,0.018973844026443705,
2021-05-18,-0.01341234049062898,0.019296320691430318,0.03225165558932397
2021-05-19,-0.012739095124841377,0.019426089638639128,0.03302023899328393
2021-05-20,-0.012823437753280858,0.019386126526801613,0.03236425983815117
2021-05-21,-0.014307146059668208,0.02023599175697301,0.03304347217483558
2021-05-25,,0.020534368541906517,
2021-05-26,-0.014167995935432819,0.020198180627232772,0.03325797630981456
2021-05-27,-0.014275358728306467,0.015826708063352093,0.03337471517988348
2021-05-28,-0.013969878343027946,0.01530332302531734,0.03399379932659926
2021-06-01,-0.014394765938378878,0.014382871651777662,
2021-06-02,-0.014737096071186501,0.014935284517233771,0.0340491239592964
2021-06-03,-0.014714819880956397,0.011123180066879535,0.034021588180655433
2021-06-04,-0.014576899658186591,0.011040629545763698,0.03431801068296822
2021-06-08,-0.014848547895029594,0.010710818651200124,0.03487818849535532
2021-06-09,-0.014572739252216797,0.0429459067938296,0.03544903875670844
2021-06-10,-0.013627033855723813,0.04630744907080859,0.03504560624884355
2021-06-11,-0.01399974454202901,0.046790830228144266,0.036504326946821694
2021-06-15,-0.01746979168692948,-0.005593406638753218,0.03449103909478359
2021-06-16,-0.02474723064103751,0.017956913709332813,0.034145685330383986
2021-06-17,-0.025643258591019402,0.011841940247045176,0.03526287108943598
2021-06-18,-0.02722655351693589,0.033634088728637115,0.034900981009688546
2021-06-22,-0.027306115593399093,0.029798955594473788,0.03581610153563492
2021-06-23,,0.033488632238348165,
2021-06-24,,0.03839178129643478,
2021-06-25,-0.030388403793369687,0.03863240967045346,0.03555341238197424
2021-06-29,-0.030779661009894144,0.047154356619690876,0.034900870351721756
2021-06-30,-0.030037483372227863,0.050317270276023306,0.0352430563198167
2021-07-01,-0.06251880540573736,0.05330074449925407,0.03586583971757224
2021-07-02,-0.05703277868045827,0.06317519778753171,0.03392680880365524
2021-07-06,-0.05695199046135292,0.06347187914157854,
2021-07-07,-0.07695148075758358,0.07132522036907946,0.03416654470433171
2021-07-08,-0.0743442609985838,0.07872203606388417,0.03262819802874167
2021-07-09,-0.07262479727066244,0.07927142612353595,0.03163025119372269
2021-07-13,-0.051432389452791195,0.08102896238958579,0.035420630686376305
2021-07-14,-0.06138997529568542,0.09770032893947432,0.025403982000792382
2021-07-15,-0.07475835751710672,0.09980865456534106,0.024802059473558624
2021-07-16,-0.06639853631569778,0.10028763648512448,0.024106747301836245
2021-07-20,-0.0709617752581311,0.10156841102330567,0.023197396589281816
2021-07-21,-0.05199923207247658,0.10419144591660362,0.016360724341880427
2021-07-22,-0.05169127382344159,0.10495350015990501,0.01595625593350319
2021-07-23,-0.04951923736809155,0.11311238462417011,0.01607123695199137
2021-07-27,-0.03613236278678172,0.11953490757313077,-0.0085262961179742
2021-07-28,-0.035114261209351245,0.12189901603571682,-0.004817051937590445
2021-07-29,-0.022581976558134022,0.12279214918365128,-0.00434294415986224
2021-07-30,-0.014609888207980688,0.12319049681862522,-0.043318143704200715
2021-08-03,-0.02059959390146587,0.12339575962833989,-0.08322584243104318
2021-08-04,-0.018213142908389286,0.12736860921511856,-0.08493053306724578
2021-08-05,-0.027570411595220088,0.1306600711494971,-0.05852085070392449
2021-08-06,-0.031915382386464436,0.13112576666799294,-0.05527185907166446
2021-08-10,-0.028641790397332834,0.1308059010818836,-0.06805693826539405
2021-08-11,-0.028570075220749974,0.12937468368575708,-0.06707848829085428
2021-08-12,-0.027353765996525642,0.1284099137226275,-0.06634687505779666
2021-08-13,-0.020950984754236113,0.12832999344177415,-0.040315538968520075
2021-08-17,-0.01792794954664847,0.1283385473882605,-0.04146833804896656
2021-08-18,-0.008973577016009402,0.12828756396453553,-0.04010861803107331
2021-08-19,-0.00782609465053349,0.12755885407975062,-0.05023424357745756
2021-08-20,-0.004317343193330377,0.1235236071390926,-0.04979215967505137
2021-08-24,-0.004047817091569675,0.11975302434821107,-0.05064675456423782
2021-08-25,-0.003597560189264458,0.11871796101900821,-0.04759690600421834
2021-08-26,,0.12006904477716934,-0.05793213475080511
2021-08-27,,0.11542873696562385,-0.05894034412352813
2021-08-31,0.00019562734548254332,0.11729716645442102,
2021-09-01,0.00018322715142662986,0.11913405076919864,-0.0571135920244309
2021-09-02,-0.0009203858925308898,0.13100642897141862,-0.057181517017590396
2021-09-03,-0.0012355658973747128,0.1319288123697342,-0.057591991560322915
2021-09-07,-0.0022402021533000594,0.13950108905880784,
2021-09-08,-0.0025083522006893524,0.13851189737802314,-0.05660021250563339
2021-09-09,-0.004188536612033262,0.1375947470281861,-0.05681517051940053
2021-09-10,-0.007254453096250564,0.13474936275844338,-0.055324518398193426
2021-09-14,-0.0008366920899921839,0.1344037026014504,-0.055752274023372295
2021-09-15,0.0027516746034143913,0.13815851156162587,-0.05121242724847032
2021-09-16,0.0025210838820173146,0.13664937317142534,-0.05230707115471083
2021-09-17,0.017964328659730983,0.1358088485853439,-0.05184925076008429
2021-09-21,0.022145795828984134,0.13232945057353337,-0.05148596596104496
2021-09-22,0.024366914013122246,0.133572613219306,-0.04848641894850035
2021-09-23,0.05544123488959241,0.13283090220805183,-0.04547482927039306
2021-09-24,0.0559923844045433,0.13277284178675805,-0.04337502943601944
2021-09-28,0.05440223188503642,0.1303155384946578,-0.04347630447831586
2021-09-29,0.052427743762880966,0.133035722696351,-0.04607059061192709
2021-09-30,0.052164844013115975,0.13398005676713268,-0.04635062097642035
2021-10-01,0.05122915044121677,0.13284141958709972,-0.04281417158101173
2021-10-05,0.0485925445116224,0.13281782937674777,-0.031039347297477544
2021-10-06,0.05056211664267999,0.1353410704761087,-0.023960426991500715
2021-10-07,0.04143053855597454,0.1402604838878093,-0.0359193456035531
2021-10-08,0.04123912383946557,0.1397578168881612,-0.010735763290745218
2021-10-12,0.03838520187514029,0.14245591947133399,
2021-10-13,0.03869999643759958,0.14138713125366978,-0.006046551270244488
2021-10-14,0.03639276829683433,0.1379478628887339,-0.004414330617616271
2021-10-15,0.03688288141872336,0.13488603763874973,0.030215958043562908
2021-10-19,0.038592498154402965,0.1337288927413434,0.02890215552410148
2021-10-20,0.038744993647355376,0.13318870961634496,0.04057783860087313
2021-10-21,0.0326759002334208,0.1340046970894841,0.0403551857630175
2021-10-22,0.0332440891229628,0.13405471609614356,0.04180952391650945
2021-10-26,0.03072581836878727,0.13533218694411753,0.04373324383794497
2021-10-27,0.031441070806039015,0.13530218214137646,0.04192439402176517
2021-10-28,0.03068187308484505,0.13506679564300147,0.04262181792370758
2021-10-29,0.02393232349811947,0.13603380319139313,0.042648807322193796
2021-11-02,,0.13716093290470802,
2021-11-03,0.02322328104576825,0.13741937451935646,0.04300039207126633
2021-11-04,0.028547715751985687,0.1326431361674367,0.04164469131963899
2021-11-05,0.02880791459258464,0.1296206999466141,0.04292867672232805
2021-11-09,0.029413281039780775,0.12944717811873238,0.04652673212524897
2021-11-10,0.030029293219025116,0.12872529842235184,0.04728388997663096
2021-11-11,0.030156151027605122,0.12828037709688628,
2021-11-12,,0.12816107134631036,
2021-11-16,0.030097053210586748,0.13106171239879114,0.05261223487206912
2021-11-17,0.03136020840950036,0.13008727992933206,0.04970589716037615
2021-11-18,0.033362832467665846,0.13316193701732618,0.05170340483628505
2021-11-19,0.03301040388292784,0.13352614618405487,0.056025356707445566
2021-11-23,0.03574947488479498,0.1368170834667886,0.0495479120621247
2021-11-24,0.03583920473985762,0.13669604299633722,0.0505983430560535
2021-11-25,0.03700695700590037,0.134570607010498,
2021-11-26,0.03474942349389394,0.13103673892229978,
2021-11-30,0.031010629480476674,0.12979192210358875,0.04917853876314664
2021-12-01,0.0318903387211795,0.12825017050575183,0.049535692301645375
2021-12-02,0.033971070511840465,0.13217004996640158,0.04506504714178247
2021-12-03,0.032346241592815475,0.13368968147808194,0.045020475045086134
2021-12-07,0.03454843512326534,0.13645001868168471,0.04035762930430583
2021-12-08,0.03238017433568443,0.13190438667790508,0.035046581591031176
2021-12-09,0.03228391133604943,0.12984168914830235,0.03351835900350635
2021-12-10,0.03210458213042031,0.1292665401827214,0.034828355218892625
2021-12-14,0.02654796616202971,0.1278622860797472,0.03529455103132821
2021-12-15,0.02047539084159406,0.12649797425747203,0.03514929928492783
2021-12-16,0.019609621979654455,0.11742720156343517,0.02837253789177946
2021-12-17,0.023167658255368817,0.11794651748609569,0.03573531412750564
2021-12-21,0.01774225546693841,0.12314927882871478,0.04061754708765591
2021-12-22,0.019473110699048276,0.12478698420583917,0.04310863840759987
2021-12-23,0.01911296279535437,0.12542813305477452,0.043925271962174293
2021-12-24,,0.12515372531208604,0.04383186193780412
2021-12-28,0.018423957884114252,0.12458788662460187,
2021-12-29,0.014400851765729902,0.12475358589629125,
2021-12-30,0.017838604513526708,0.1253196021020322,0.04133266903542651
2021-12-31,0.016007916559917908,0.12457150941084416,0.03963751905517209
2022-01-04,0.013854500335283732,0.12586634753331266,
2022-01-05,0.017094709447489368,0.12644852235886989,0.04025004324500102
2022-01-06,0.021584252884476095,0.12011626658905965,0.03284267891014546
2022-01-07,0.023598755655183684,0.11810963522418841,0.0329580270145238
2022-01-11,0.022850003563398363,0.11991167023939502,0.030553211782875025
2022-01-12,0.02264242160919323,0.12003473331101625,0.026501480710155515
2022-01-13,0.023314401903742652,0.1196710260295921,0.028881752572252367
2022-01-14,0.02265067736673782,0.11484081877356869,0.02551318483776474
2022-01-18,0.023298039026254082,0.11611028263410382,0.02611168116790271
2022-01-19,0.02313622602472467,0.11974498059469724,0.0308720167218902
2022-01-20,0.022577208631269517,0.12132693021445722,0.028413201013776368
2022-01-21,0.02221682243547984,0.1287233998826275,0.03237232785091817
2022-01-25,0.021020512263306618,0.12928482836660063,0.03152132636912286
2022-01-26,0.02344960599703238,0.1349173289565343,0.03457835882567805
2022-01-27,0.0257501706064823,0.13632026190453278,0.04130585258198301
2022-01-28,0.02870937260393158,0.13844542458985953,0.0380953941346604
2022-02-01,0.028174582358607182,0.15009930119265244,0.038232623723970155
2022-02-02,0.028263062924539846,0.1466932706121492,0.0319209232938002
2022-02-03,0.03203878906693031,0.13264454488944158,0.019502240937109096
2022-02-04,0.03293550292104931,0.13410852925492822,0.022282179177294133
2022-02-08,0.03917980931995397,0.13334473354220067,0.02037389788952858
2022-02-09,0.04013599394306352,0.13070213247393642,0.018233844246114843
2022-02-10,0.03399229392601718,0.12766734356816398,0.01746577434187404
2022-02-11,0.03766616942792697,0.12552971914332747,0.019951842652371213
2022-02-15,0.035751171094100524,0.11856449756736143,0.021119397959809858
2022-02-16,0.033126341076034314,0.11904610645410182,0.020808307747699865
2022-02-17,0.03376967338244168,0.11922738115383934,0.025728709919392773
2022-02-18,0.016667405756996326,0.1225588062779244,0.0251818960022688
2022-02-22,0.014646755225507893,0.1215675092555647,0.025065144091837886
2022-02-23,0.012895054901650294,0.12227328258426387,0.024122541023549403
2022-02-24,0.017403052825976494,0.1297482433107996,0.025639235628454254
2022-02-25,0.0049972605106416036,0.14649740635417238,0.03420146226903198
2022-03-01,0.003948173854272589,0.1424503470267619,0.03197589441498049
2022-03-02,0.004160304456748237,0.14325910836332742,0.035369018711752194
2022-03-03,0.0030574305120087764,0.14661368243630232,0.035996854992232964
2022-03-04,0.005443006019321152,0.14845389553215513,0.03460481191077504
2022-03-08,0.012064466623323573,0.1283887395057404,0.03768796406400322
2022-03-09,0.010999470234458136,0.12894199280511678,0.03701669291582525
2022-03-10,0.007734834241193954,0.1335450167410723,0.036882701739120054
2022-03-11,0.007914391966291888,0.1306657635833873,0.04059105167050886
2022-03-15,0.003127419759491301,0.1272609025178237,0.03797709634372752
2022-03-16,-0.0014972110786112677,0.1371388004812689,0.04380270522311769
2022-03-17,-0.002682523781800017,0.1374965071903154,
2022-03-18,-0.0038674374736281745,0.13767822719706554,
2022-03-22,-0.0035674160532609372,0.13738114852486524,0.047096871325869
2022-03-23,-0.004439194495156985,0.13663590300892522,0.04255966727561063
2022-03-24,-0.002772260030504843,0.13536180911884985,0.04207365466579679
2022-03-25,-0.0030185107499349144,0.1318575235391226,0.042498857825774713
2022-03-29,-0.006604950400236442,0.13562590920712567,0.042548289401003574
2022-03-30,-0.006967988933505486,0.14016781730676886,0.038583576633092996
2022-03-31,-0.006423190268918869,0.14013213706800715,0.03864003112719503
2022-04-01,-0.007593194024280188,0.14241179584369604,0.03536244834750386
2022-04-05,-0.008067972637259892,0.1429746234533212,0.03392565463436243
2022-04-06,-0.010144256283286893,0.14338135640559052,0.02903102258576919
2022-04-07,-0.009640902477810659,0.14512730603606172,0.03356587258938925
2022-04-08,-0.008667203970909101,0.1424963676238288,0.03404896124320824
2022-04-12,-0.00942750104618416,0.14504368171151857,0.03535623086485243
2022-04-13,-0.009566294794070875,0.14448513833896454,0.03480523850031377
2022-04-14,-0.011029030671362681,0.14447480486701184,0.035857240559414805
2022-04-20,-0.01185057860668036,0.1381645705707717,0.035137004020699095
2022-04-21,-0.012279515684784777,0.13666340520160103,0.034635951172242926
2022-04-22,-0.020167439592502667,0.14295494051903895,0.028736864738660058
2022-04-26,-0.02077577291135078,0.14466794936453187,0.030096602599676996
2022-04-27,-0.020891455979884937,0.1440174628987793,0.0336900104206404
2022-04-28,-0.020813510837793,0.1434144292167229,0.03430453263865578
2022-04-29,-0.02250775917709729,0.14300586372828591,0.03625473029263558
2022-05-03,-0.02331218941481708,0.14305721393682688,
2022-05-04,-0.01974175722737532,0.14318681520046753,0.03574167022219181
2022-05-05,-0.01774812191207452,0.14363147856264882,0.036292682415185414
2022-05-06,-0.027488302799424262,0.13477527849333285,0.03345986611411422
2022-05-10,,0.13523657602634562,
2022-05-11,-0.02534422920619721,0.13583956101215883,0.035415195979906965
2022-05-12,-0.021335488922490313,0.13509469247431272,0.035856847206266286
2022-05-13,-0.02967063443238635,0.13724588597237536,0.02794228755585215
2022-05-17,-0.02980291508815268,0.1382352290664628,0.027187643577445672
2022-05-18,-0.03225467733305993,0.13529623434404134,0.029175581251781785
2022-05-19,-0.03207915894935603,0.1339995699083235,0.024118019762980468
2022-05-20,-0.03213200051428016,0.13216009086242478,0.02238186817918201
2022-05-24,-0.03205251081834335,0.13075179066260165,0.026596349821770247
2022-05-25,-0.03324740367500185,0.1290747283691604,0.018186490888456336
2022-05-26,,0.12819508384291675,
2022-05-27,,0.12724797299348803,
2022-05-31,-0.03403273195062402,0.12926000363414958,0.016562619334607794
2022-06-01,-0.03431858266888336,0.12870913961708108,0.016825389367553383
2022-06-02,-0.03494393455860576,0.12806837358584489,
2022-06-03,-0.03575759820190039,0.12870855074551024,
2022-06-07,,0.1292304399850145,
2022-06-08,-0.03582451857306529,0.12926947418144352,0.018330130085414408
2022-06-09,-0.03790437563580268,0.12785582710365392,0.007148098912431618
2022-06-10,-0.03685586034917326,0.12164819047783638,-0.01120504200451585
2022-06-14,-0.035549059882624176,0.12186153345876335,-0.00973465971038334
2022-06-15,-0.03760442477355131,0.12197767044038554,-0.02081446270112797
2022-06-16,-0.035446701597567666,0.13306044044445847,-0.01912717458151126
2022-06-17,-0.03530386101895292,0.13252964889467012,-0.020800760985179717
2022-06-21,-0.03879891323266001,0.13523846365734757,-0.02185283876024625
2022-06-22,-0.04052533075200108,0.13523108032432585,-0.02299048339653863
2022-06-23,,0.13077139090481768,
2022-06-24,,0.12616690642030975,
2022-06-28,-0.041056175509035606,0.12658948964259134,-0.024135246861631387
2022-06-29,-0.04088248299117802,0.1277228439536083,-0.02315026609262693
2022-06-30,-0.0446106384529006,0.12937377999979927,-0.023051065747371396
2022-07-01,-0.04739325055054359,0.12706541184151818,-0.023343409209738226
2022-07-05,-0.0488919311125717,0.12564612236172476,-0.02406510001886357
2022-07-06,-0.047361144710875935,0.12781667425013976,-0.03178249289459143
2022-07-07,-0.05232088656704108,0.12954764125154283,-0.03419768918721789
2022-07-08,-0.05233581669411457,0.1305103663079181,-0.03204213925793738
2022-07-12,-0.05246205998174267,0.12996990607925707,-0.0343736821124708
2022-07-13,-0.05115243567559597,0.12767118228424126,-0.03663682657561122
2022-07-14,-0.05239556938406956,0.12572872888250713,-0.038136839385188886
2022-07-15,-0.05684043280445414,0.1257021068619174,-0.03725128515627885
2022-07-19,-0.05716866388049072,0.1256430622499565,-0.041122175759076514
2022-07-20,-0.05743510592891056,0.1259664998328609,-0.04536173928341783
2022-07-21,-0.05761995872116869,0.12543471966421701,-0.04694777821361748
2022-07-22,-0.058523430894019554,0.12338000057324361,-0.04988918193270163
2022-07-26,-0.05963951937542713,0.12354215269340654,-0.05204118346813831
2022-07-27,-0.05932303769006308,0.12458807607462483,-0.05150488768467607
2022-07-28,-0.062317272992248145,0.12163944840457885,-0.05084040023896625
2022-07-29,-0.06385321664527789,0.12355442746210159,-0.04797286251747463
2022-08-02,-0.06324496813375295,0.12332486658535141,
2022-08-03,-0.06469024570658431,0.12260947038350475,-0.050183307217849006
2022-08-04,-0.06509253805665749,0.12273317669540619,-0.05002019450597547
2022-08-05,-0.06119010945802586,0.12203836742659371,-0.04984841737502494
2022-08-09,-0.06257116186310181,0.12457403445274423,-0.05346141833753615
2022-08-10,-0.06451960810382908,0.12479526497651046,-0.05507134232793157
2022-08-11,-0.06476050574097296,0.12491745035016288,-0.05564352922685666
2022-08-12,-0.06508040638173174,0.12653922899648393,-0.058293981533139104
2022-08-16,,0.1267387958252783,
2022-08-17,-0.06452260018498905,0.12713296598919657,-0.05909260380361632
2022-08-18,-0.0638895269646418,0.12672250074944913,-0.06052952147764394
2022-08-19,-0.06631175377939376,0.12713903183899636,-0.05669305612464368
2022-08-23,-0.06767871181326367,0.12589560270381084,-0.058805485086852675
2022-08-24,-0.06861917872206043,0.12582628334181267,-0.058923822753700984
2022-08-25,-0.0679423497279055,0.1256185468713203,-0.059388073667250955
2022-08-26,-0.06881738348393279,0.12666234753214892,-0.05899451126575757
2022-08-30,-0.06812431124334133,0.12394624456341101,
2022-08-31,-0.06774359850251159,0.12295229407709628,-0.0562309198944135
2022-09-01,-0.06818360001320938,0.1227316854792372,-0.05528766981351649
2022-09-02,-0.06814422903072348,0.1241892058890701,-0.0545749164344371
2022-09-06,-0.0681885892751119,0.12534914662762792,-0.05478699315120697
2022-09-07,-0.06857831962820882,0.12395311853978887,-0.05475022903835614
2022-09-08,-0.06860310445990325,0.12526707017002386,-0.05562460782073083
2022-09-09,-0.06859278782313205,0.12585194859413115,-0.05635459465987074
2022-09-13,-0.06753023926952474,0.12068160790345568,-0.062383718576784854
2022-09-14,-0.0665350816044042,0.1208634647817702,-0.06347544636721286
2022-09-15,-0.06700783182397578,0.12125168356974111,-0.061652911981102114
2022-09-16,-0.0658785569880342,0.12277757294948824,-0.05902603122481783
2022-09-20,-0.06665438520955527,0.12176782367686269,
2022-09-21,-0.06571360272665788,0.12042579761446141,-0.056332131826933994
2022-09-22,-0.06549727970522795,0.11710019115995514,-0.06115894116714743
2022-09-23,-0.06647907496368122,0.11907913582243716,-0.06767821951407181
2022-09-27,-0.06625425322430914,0.1174944526871894,-0.07024992300355365
2022-09-28,-0.06660227756547302,0.11627282612877303,-0.07436508641200354
2022-09-29,-0.06458667047020819,0.11683896313510811,-0.08145048273855672
2022-09-30,-0.06348315091692677,0.11547945945001274,-0.08634273390001473
2022-10-04,-0.06335908917235272,0.1145305208821981,-0.08809741443220871
2022-10-05,-0.06449318221700782,0.11380693994304061,-0.08794473670000538
2022-10-06,-0.06450778955403026,0.11479840809311116,-0.08871843832779869
2022-10-07,-0.06444987299111483,0.11306658210688741,-0.08522916150887931
2022-10-11,-0.06392546727307852,0.11334909910274207,-0.08684679844023309
2022-10-12,-0.06401400083712423,0.11284929315339866,-0.08995808967583233
2022-10-13,-0.06442347210425658,0.11193462088754103,-0.09080545860360467
2022-10-14,-0.06339148762333788,0.11206288365533895,-0.09110567495469958
2022-10-18,-0.06424684783262236,0.11204722379479737,-0.09177066628456829
2022-10-19,-0.062608880668592,0.1118060594417972,-0.09181097095180912
2022-10-20,-0.06317046238666882,0.11162705766320674,-0.09387497081484736
2022-10-21,-0.0629906821257813,0.11144069147248456,-0.09254294597895996
2022-10-25,-0.06385234522562552,0.11263675600821482,-0.09557816460460816
2022-10-26,-0.06413340529473809,0.11215349914364225,-0.09772784510886506
2022-10-27,-0.06313372972707644,0.11161542620966851,-0.0970039861140287
2022-10-28,-0.06359198793332381,0.1113280535914336,-0.09828474202432128
2022-11-01,,0.11195128065783738,
2022-11-02,,0.1123884025150645,
2022-11-03,-0.06364935203968829,0.10981425867144357,-0.09651047407790041
2022-11-04,-0.06391369276875744,0.10895243250327515,-0.09464441985090082
2022-11-08,-0.06576282674014114,0.10853607962057683,-0.09510950985267365
2022-11-09,-0.06673433996580518,0.10829476753367039,-0.09430479635677418
2022-11-10,-0.06564508836737205,0.10299564450960742,-0.09608795423598493
2022-11-11,-0.06553747846817377,0.10270938585690254,-0.09119506040809351
2022-11-15,-0.06444032614959119,0.10285281384322885,-0.0901071806286871
2022-11-16,-0.06500210196379162,0.1027030312506045,-0.09110517090588158
2022-11-17,-0.0646083781676195,0.10304099572300707,-0.09019860146983293
2022-11-18,-0.06310537826917699,0.10264782763377389,-0.0908558210689038
2022-11-22,-0.06326131455671315,0.1024886693970512,-0.09211223493293484
2022-11-23,-0.06335909571702039,0.10213849652212878,-0.09251618409607155
2022-11-24,-0.0626728035539067,0.1011430189876122,-0.09217022004016893
2022-11-25,-0.06296724626518332,0.10020167948964996,-0.09183132238053815
2022-11-29,-0.06296552091459785,0.10047117267389136,-0.09287115698927761
2022-11-30,-0.06259953460966164,0.10159298721589656,-0.09491455809592457
2022-12-01,-0.05820199502469052,0.10112377595183052,-0.09540733371078633
2022-12-02,-0.05769000821204888,0.10156381248580809,-0.09417475053568963
2022-12-06,-0.057603068092686324,0.10170486570055215,-0.09326605650363412
2022-12-07,-0.05751115776547487,0.10202336384676555,-0.09240986930913273
2022-12-08,-0.0574736746045589,0.10379680359399404,-0.09346709195108378
2022-12-09,-0.057444360444783085,0.10310785414640757,-0.09377517326553324
2022-12-13,-0.05525452445926056,0.10306986997056035,-0.09730975165292322
2022-12-14,-0.055285802814492774,0.1032874815744672,-0.09729470030917704
2022-12-15,-0.04549494906296242,0.10225154061012795,-0.09379072535244833
2022-12-16,-0.04704751602278289,0.10165298357729974,-0.0941059052322043
2022-12-20,-0.048770165063282515,0.1005984890415362,-0.0961737974178958
2022-12-21,-0.04579843912047943,0.10148702524515889,-0.0947000851715225
2022-12-22,-0.04540719185961137,0.10078354726152962,-0.09381326678286661
2022-12-23,-0.04540359724127058,0.09996435904629854,-0.09388500328783284
2022-12-28,-0.04575784637656264,0.09795612303484723,
2022-12-29,-0.047528432595212666,0.09783441193680707,
2022-12-30,-0.048926677037921175,0.0969607245725441,-0.09401332923524393
2023-01-03,-0.04868098387055407,0.09706506932987508,
2023-01-04,-0.04721628723530126,0.0978928882610322,-0.09438637876536154
2023-01-05,-0.04712045687940632,0.0972824765122208,-0.09281518047570347
2023-01-06,-0.04706357397347522,0.09700486134208681,-0.09575028600950684
2023-01-10,-0.046584137491208086,0.09823040865114657,-0.09483234857556604
2023-01-11,-0.04442346464444341,0.09850368513206598,-0.09685852664582574
2023-01-12,-0.04408907035444828,0.09864041334786351,-0.09717403819621967
2023-01-13,-0.043281980233040064,0.09815736698389323,-0.09734776120640676
2023-01-17,-0.04468110511089698,0.09800684141575962,-0.0964315284815395
2023-01-18,-0.042617664363858346,0.0980395733526107,-0.09669523073802444
2023-01-19,-0.04176779188554179,0.09806638235691563,-0.0976504783254186
2023-01-20,-0.043348591025320925,0.0975356357496756,-0.09893527981126189
2023-01-24,-0.04324243896682779,0.09762738611472478,-0.09939634479517727
2023-01-25,-0.04336167676460212,0.09895332064001394,-0.10026283183309864
2023-01-26,-0.04225701876540438,0.10007804819465244,-0.10000292699954276
2023-01-27,-0.04190632591008273,0.09974608453446909,-0.10005124500770904
2023-01-31,-0.04193880371205083,0.0994964326984503,-0.1000226200474196
2023-02-01,-0.04203532724653266,0.09961625047396189,-0.0995271808334968
2023-02-02,-0.03861474171174898,0.09389926401916991,-0.10389363416851564
2023-02-03,-0.037089926233570054,0.09163553442768485,-0.10564702031828559
2023-02-07,-0.03696076885661581,0.09142792790489962,
2023-02-08,-0.036909635197802174,0.09088429843631544,-0.10738514354746011
2023-02-09,-0.03691918613624514,0.09001274448259584,-0.10597802784262712
2023-02-10,-0.03670542707630486,0.08717158561039454,-0.10587167950120437
2023-02-14,-0.03941367573477124,0.08619347941194888,-0.10551806977455258
2023-02-15,-0.03867250487599427,0.08617776375713761,-0.1082916199950464
2023-02-16,-0.03866777840869585,0.08661675493450217,-0.10820709681395071
2023-02-17,-0.03870386403038335,0.08588871184209228,-0.1035027823389384
2023-02-21,-0.038966445590889076,0.08452214293549004,-0.10637122105267251
2023-02-22,-0.0392256552995696,0.08297857559995496,-0.10642839861894553
2023-02-23,-0.03896390806977551,0.08302474120587176,-0.1088589738204234
2023-02-24,-0.03881491121397955,0.0818625966708585,-0.10577647382503295
2023-02-28,-0.03840105140264024,0.08299263762094734,-0.10439327249445868
2023-03-01,-0.04118281456564606,0.08281713204106352,-0.10253977595541636
2023-03-02,-0.04147011447172159,0.08244729041030434,-0.10238250842977654
2023-03-03,-0.04126218298990447,0.08179359222609241,-0.10178411716601068
2023-03-07,-0.04211000781363823,0.08180142662632237,-0.10201346274246949
2023-03-08,-0.04053943776121068,0.08566315249298455,-0.10172072434519909
2023-03-09,-0.04130969155474137,0.08548423529067414,-0.1025012318326071
2023-03-10,-0.043270828763759796,0.08360678770372983,-0.10191061482388894
2023-03-14,-0.043196407006206555,0.0826583827492619,-0.10207889271157333
2023-03-15,-0.0467543768667379,0.08027842933919027,-0.09879286101892946
2023-03-16,-0.04668247546972057,0.08030522022685345,-0.0992904938108798
2023-03-17,-0.04718503294757374,0.08074596176019948,
2023-03-21,-0.04751995146883674,0.08057256906590643,-0.0993657696213665
2023-03-22,-0.04769726261643757,0.08036187387527662,-0.09886500433371978
2023-03-23,-0.04711312094576892,0.07956561229177414,-0.09655062923706137
2023-03-24,-0.04702316430008896,0.0784674259422613,-0.09624584531084215
2023-03-28,-0.0489261844134131,0.0791653376612342,-0.09639950661093215
2023-03-29,-0.045118108025657945,0.0815687001318263,-0.09798977093465493
2023-03-30,-0.0459821943229112,0.08249986910707614,-0.09639182512701694
2023-03-31,-0.045117322473848705,0.07813251076894238,-0.09519217405326699
2023-04-04,-0.04556648564592346,0.07865900825920354,-0.09454225180333214
2023-04-05,-0.044549319417962,0.07810385955679927,-0.09411243537191996
2023-04-06,-0.04456865613556271,0.07982361026403785,-0.09553757061862705
2023-04-12,-0.044428363142633855,0.07977900297157557,-0.09559220909706027
2023-04-13,-0.0445160296745077,0.07927197890643739,-0.09629559621423667
2023-04-14,-0.044659307483622915,0.07960827842080159,-0.09463473410246202
2023-04-18,-0.04610855002950169,0.07762625446624793,-0.09406102084538233
2023-04-19,-0.04561074930935605,0.07588733185227177,-0.09491976639837182
2023-04-20,-0.04585425408604205,0.07069562398667288,-0.09518727369131957
2023-04-21,-0.04581499540294315,0.07027980097382834,-0.09591661049676524
2023-04-25,-0.046531353910295926,0.06924977742847817,-0.09525921779612007
2023-04-26,-0.0469265306998946,0.06720883161720444,-0.0966492623222217
2023-04-27,-0.047475271049944874,0.06771052501038288,-0.10028208902743693
2023-04-28,-0.046285698597027206,0.07197938596804494,-0.10533946778428138
2023-05-03,-0.046833920190623976,0.07092082200412145,-0.10597976196826178
2023-05-04,-0.0477238261983421,0.07103482417931818,-0.10564075615813569
2023-05-05,-0.04716033278999153,0.07167484665873448,-0.1052215629883414
2023-05-09,,0.07288893370668408,
2023-05-10,,0.07368031764859091,
2023-05-11,-0.048816651087248,0.07407522063261032,-0.10454994943619682
2023-05-12,-0.05030966157514853,0.07382171120201793,-0.10478423710850783
2023-05-16,-0.05223372899931935,0.0732385052733995,-0.1024647934491169
2023-05-17,-0.052002103320298844,0.07136118692770262,-0.1035080280401458
2023-05-18,,0.07156565253996887,
2023-05-19,,0.07118021600939838,
2023-05-23,-0.052060260957144895,0.06660211664830917,-0.1022940722592319
2023-05-24,-0.055999562624221094,0.054010179500753826,-0.101835588751892
2023-05-25,-0.057213320439763654,0.05774819064252433,-0.10177468129317914
2023-05-26,-0.056663024063136926,0.056583094175746224,-0.10722077278750859
2023-05-30,,0.05572730075633095,
2023-05-31,-0.05814928800970102,0.05427490005353497,-0.10839526327222974
2023-06-01,-0.05716291557264216,0.06561700982972883,-0.10835876269909699
2023-06-02,-0.05793797998724695,0.06458759492640566,-0.10741765860133436
2023-06-06,-0.056845559770432576,0.06103335490874802,
2023-06-07,-0.056357695051266254,0.06211065665568589,-0.10950068844159354
2023-06-08,-0.05645258404793935,0.06417598349296275,-0.10900877651218849
2023-06-09,-0.05425378126276797,0.05672898102930417,-0.11194067632431642
2023-06-13,-0.05417897239540573,0.05633685506755029,-0.11320639829219628
2023-06-14,-0.05226714734833717,0.055425211392442476,-0.11217456832995662
2023-06-15,-0.05708730304294714,0.0554508381686267,-0.11152648759688566
2023-06-16,-0.05080412029165498,0.0559491851815754,-0.11063875300590804
2023-06-20,-0.05026935372858058,0.056029167899777625,-0.10945783188939896
2023-06-21,-0.049932175368323665,0.05643217053843355,-0.11024201330614766
2023-06-22,-0.05003871260501673,0.0534976259641238,-0.11126595218062188
2023-06-23,,0.05239255016876183,
2023-06-27,-0.04958079927912268,0.052791326578183834,-0.10952117719399626
2023-06-28,-0.05371464188276581,0.05227508199787021,-0.10794633246482721
2023-06-29,-0.05297321535761251,0.051325674766092275,-0.10873874066956282
2023-06-30,-0.051010247166947506,0.04852151127235582,-0.10923772192775916
2023-07-04,-0.05182731818135932,0.047524517815641966,-0.10908014561407384
2023-07-05,-0.049543435134063604,0.04893888624440662,-0.10855920716781849
2023-07-06,-0.04402001969051015,0.04855896914495081,-0.11070985276662743
2023-07-07,-0.04442259206271967,0.04883435287340708,-0.11092715735973434
2023-07-11,-0.04406478349392565,0.04944935112075047,-0.11015217973931436
2023-07-12,-0.0448149581985345,0.05047387925056592,-0.10748624764070992
2023-07-13,-0.043913224213156764,0.05140625033815158,-0.11525617837792715
2023-07-14,-0.044022539191827,0.05270917792458391,-0.114111874968568
2023-07-18,-0.04327970321029167,0.05362235231272968,-0.11847774939329002
2023-07-19,-0.04100412903741959,0.05380738799974154,-0.11834814215884698
2023-07-20,-0.040811440276334536,0.05390250022993511,-0.11698139936277804
2023-07-21,-0.040763837642636934,0.053695667587887005,-0.11851930847353112
2023-07-25,-0.0401055068772095,0.05358002517322594,-0.1207896527353793
2023-07-26,-0.03958985505977042,0.052312875044954424,-0.11752070845974522
2023-07-27,-0.036704111532230736,0.04957699883944848,-0.12628602958855384
2023-07-28,-0.036581144860787784,0.055216636161502665,-0.12558055409250618
2023-08-01,-0.037496904971771765,0.05549568960601672,-0.13119706640717113
2023-08-02,-0.036614562511775375,0.05680148662207914,-0.1336684647135791
2023-08-03,-0.036635650220313336,0.05609291605991813,-0.13390553511338982
2023-08-04,-0.036837031279481236,0.05309047293910863,-0.1337944375060599
2023-08-08,-0.03738912630980868,0.05265326937519167,
2023-08-09,-0.03692154861384395,0.05462950156948203,-0.13438496181877563
2023-08-10,-0.03175247724389779,0.056753353650000476,-0.13522236929574166
2023-08-11,-0.031393672622693256,0.05905082412648238,-0.13372569647088564
2023-08-15,,0.05861027609017545,
2023-08-16,,0.060217450946801615,
2023-08-17,-0.03152929922539178,0.05723961537520398,-0.1338981958455649
2023-08-18,-0.031389938545052405,0.05689226264832437,-0.13319377055602732
2023-08-22,-0.029494577052320153,0.05143058879220833,-0.1307669941512788
2023-08-23,-0.02756980191974675,0.05104702661848183,-0.12685525209955517
2023-08-24,-0.02954644760439572,0.05086724623261697,-0.12717920751600104
2023-08-25,-0.029668135563162265,0.05061402047130385,-0.1285879910137017
2023-08-29,-0.026846975061448394,0.050058821279064275,
2023-08-30,-0.028734650385129797,0.05106090213628909,-0.12944003635786275
2023-08-31,-0.02958693356943862,0.04890324689975804,-0.1270795086094817
2023-09-01,-0.026780937708729653,0.05054586264030616,-0.1283416186688837
2023-09-05,-0.026691747819052446,0.05030549281939393,-0.12887135530285562
2023-09-06,-0.024253738380454287,0.051131118030232216,-0.1293678555587846
2023-09-07,-0.025271665113514814,0.034424314884534575,-0.12801758856290565
2023-09-08,-0.025086514658443474,0.035280783076908594,-0.12843346650603835
2023-09-12,-0.025055685996834918,0.03177925446575231,-0.1323013174500595
2023-09-13,-0.025364535898824824,0.03170766135578732,-0.13272172334142301
2023-09-14,-0.02196779444928265,0.039457963168351984,-0.13091854785965015
2023-09-15,-0.023354499200322624,0.04405625928447518,-0.1302645893734887
2023-09-19,-0.02409160756404033,0.04395319201898008,-0.13063470855164258
2023-09-20,-0.0254331455220231,0.043526166967793725,-0.13013195745773753
2023-09-21,-0.025284968325287864,0.04297728428827988,-0.1304545983012905
2023-09-22,-0.026352187464817406,0.04557706991936033,-0.1315685163729904
2023-09-26,-0.02501186929777461,0.04807668809509816,-0.1321878269888676
2023-09-27,-0.022463571051623825,0.04369895813608824,-0.13287817154341558
2023-09-28,-0.021890515980691604,0.03806931431222725,-0.1335527522013738
2023-09-29,-0.025975057379523592,0.038134517512514204,-0.13020874244059297
2023-10-03,-0.02230012119724247,0.041482268763934585,-0.12612477764309835
2023-10-04,-0.020308506188280603,0.042224661487409734,-0.1323804804496057
2023-10-05,-0.019741231771395563,0.04311307454705396,-0.1345131888184692
2023-10-06,-0.018031993963762764,0.0420007027675551,-0.1328984821529272
2023-10-10,-0.015672374580949694,0.04380102991888758,-0.1331440891457282
2023-10-11,-0.015869249527880647,0.04225112171967629,-0.1336512137916569
2023-10-12,-0.01246077874956873,0.04176297279169537,-0.1340254107346634
2023-10-13,-0.011148919882549804,0.04481968108911605,-0.12340496013485996
2023-10-17,-0.012371676340022668,0.04447879438545678,-0.12189643325869336
2023-10-18,-0.006784098222577821,0.04220111335257021,-0.11613122125901372
2023-10-19,-0.004449640892338682,0.04032614636254655,-0.12154568136651271
2023-10-20,-0.003646928577656187,0.037935450359971715,-0.12217054727545044
2023-10-24,-0.006072206097098991,0.03755647120105175,-0.11992754406396955
2023-10-25,-0.0054084224373585205,0.039555672093469545,-0.1203955650136078
2023-10-26,0.0038877114366506465,0.0383837468361124,-0.1183851881374963
2023-10-27,0.0024674507508243826,0.039517006715677025,-0.12216433685420285
2023-10-31,0.0017883265946239027,0.038200479933566144,
2023-11-01,,0.037158580703150035,
2023-11-02,,0.03890716054075275,
2023-11-03,-0.00037011989386278807,0.03782913150229247,-0.12282183704981067
2023-11-07,0.0012846502747035377,0.03630297743564567,-0.12055191929542247
2023-11-08,0.001911273797161715,0.03417955533158338,-0.12135909868852708
2023-11-09,0.001509940110072556,0.03343317123231967,-0.1178272614226662
2023-11-10,0.005909251711258469,0.033792682830703386,-0.11911103398516702
2023-11-14,0.006270377696991439,0.035830124547159614,-0.12039530236492155
2023-11-15,0.005882993830944934,0.03611798556591183,-0.12027519939208163
2023-11-16,0.008591291058307672,0.036140220717918926,-0.11840540293308803
2023-11-17,0.008344843186737276,0.03299425631223174,-0.11693952528215235
2023-11-21,0.004921324252421096,0.035293566313336064,-0.12077665018537147
2023-11-22,0.005751691381122288,0.03529751386087441,-0.1230914814230451
2023-11-23,0.010207392036380972,0.03510017634817264,-0.12386430012194977
2023-11-24,0.010889002607765333,0.03144942263971518,-0.1222446764316461
2023-11-28,0.011723571757189508,0.03188073115087117,-0.11905613338678565
2023-11-29,0.011856538276939707,0.031116348214435447,-0.11961196040483585
2023-11-30,0.011296107259795381,0.029673396818423868,-0.12118227621150361
2023-12-01,0.015768096027941294,0.02906804083824876,-0.11836433407399687
2023-12-05,0.014009363748805017,0.03464840099065716,-0.1203540204691389
2023-12-06,0.01450940873397668,0.033688755763323704,-0.11990990249511134
2023-12-07,0.013928380927146823,0.03322883715036685,-0.11980298616651382
2023-12-08,0.016857415391315172,0.029032045257608503,-0.11928729460909171
2023-12-12,0.016518415784726653,0.029890770106840214,-0.11360716567033571
2023-12-13,0.015084793681610633,0.029997544664108346,-0.10924279159183155
2023-12-14,0.01447355428104465,0.03423540210816385,-0.11052278811999906
2023-12-15,0.018607947510866946,0.032789505387829404,-0.10740834249732605
2023-12-19,0.0186695284393583,0.0333870267315091,-0.10515190922535132
2023-12-20,0.01890530957624835,0.031186146191576333,-0.10412134304690907
2023-12-21,0.019392252767549994,0.02753594402610202,-0.10832548731642297
2023-12-22,0.019730257702952086,0.02808839317380965,-0.10632798762746092
2023-12-28,0.018866597261151287,0.02428635217120039,
2023-12-29,0.018211256738621437,0.024985590067722968,-0.10630308573791825
2024-01-03,0.01939230546162442,0.025812884218519128,-0.1069238488142755
2024-01-04,0.018129714153676046,0.02435406241821319,-0.1070231431419482
2024-01-05,0.019472881066651983,0.02392248610493752,-0.10909678793721776
2024-01-09,0.01879828269616731,0.023964174009568434,-0.1091601009377876
2024-01-10,0.020522522372753118,0.022691124812573394,-0.11250776650746656
2024-01-11,0.021445281563437415,0.023116236823611632,-0.11198845619027198
2024-01-12,0.02783463264755033,0.02089906895539259,-0.11028393038924332
2024-01-16,0.028833362250242994,0.020746888920801832,-0.11099395407314676
2024-01-17,0.025700746021359657,0.020074566814236076,-0.10480644403960515
2024-01-18,0.027259516624929404,0.02106945836669066,-0.09567477888382106
2024-01-19,0.03365091884025091,0.019606050516894444,-0.09488752204932546
2024-01-23,0.03692121056603354,0.019636022106132175,-0.09641004854179393
2024-01-24,0.03818908259793902,0.022362987407444346,-0.0977351726319714
2024-01-25,0.043074679157656774,0.024298645205097346,-0.10351516946051645
2024-01-26,0.0415961763405452,0.022728052694421488,-0.09531972540447875
2024-01-30,0.041748479251262266,0.021490756336036084,-0.09448639785933373
2024-01-31,0.04256259605083195,0.025679211680941647,-0.0894074810485653
2024-02-01,0.04321747146928692,0.02673658131391583,-0.08487433032479699
2024-02-02,0.04103329729857377,0.02682942774997107,-0.06490272492671993
2024-02-06,0.039909499097024584,0.025916440329025747,
2024-02-07,0.04049217309253633,0.03318964169079147,-0.055731904591132614
2024-02-08,0.04105185689780287,0.03409504297811996,-0.055829137015926296
2024-02-09,0.046475951618216646,0.032636630968186774,-0.05619070895832597
2024-02-13,0.04448010483018535,0.03521356762948945,-0.05302749611094093
2024-02-14,0.04649396349395865,0.03578021093474186,-0.05641799798503325
2024-02-15,0.04606954685504089,0.036468818798861616,-0.0523146800290137
2024-02-16,0.04619267981365019,0.03751277339482755,-0.0445173561619883
2024-02-20,0.047807206171249776,0.038743704395553684,-0.04448009739692148
2024-02-21,0.05007022126662209,0.03929623989066625,-0.040486449849416614
2024-02-22,0.05613155733198783,0.05158699946995018,-0.03824904020811704
2024-02-23,0.06266972290207776,0.04982135485402445,-0.036454020609614564
2024-02-27,0.06549163968229291,0.04924018723994378,-0.04101943607605393
2024-02-28,0.06409632122752948,0.04908453901717192,-0.04338500950524465
2024-02-29,0.06301910904885279,0.049050087358269295,-0.03600256239734642
2024-03-01,0.0634046777699442,0.05063829844046944,-0.036007325588426085
2024-03-05,0.0623609749573491,0.04962480394654469,-0.037734581999694254
2024-03-06,0.06251826732636163,0.04803646867511215,-0.038094798680077924
2024-03-07,0.0635603660316275,0.05030224836993524,-0.04243582901501591
2024-03-08,0.06333045144411939,0.048549844393130835,-0.04508529500780026
2024-03-12,0.06330286076370138,0.047914365334213595,-0.04500312272661149
2024-03-13,0.06330398631405629,0.04844728014969152,-0.04545186613018649
2024-03-14,0.06115171187058106,0.046666221902180054,-0.04405530984570308
2024-03-15,0.05876828315648641,0.04910385228492746,-0.0546711062435024
2024-03-19,0.0579505456826331,0.0465929940793024,
2024-03-20,0.05810015275174139,0.04495132126468313,-0.04999789572216654
2024-03-21,0.06594459140029225,0.04232186790092673,-0.044054183838811115
2024-03-22,0.06675377131123207,0.04166277746826377,-0.045269949297329366
2024-03-26,0.06593273987305483,0.04043093059084304,-0.04380455254443785
2024-03-27,0.06302809363697566,0.040246905312182404,-0.041653380786713726
2024-03-28,0.06388099366034311,0.040561247800633346,-0.04031986538937835
2024-04-03,0.04553496882875626,0.040762781746389094,-0.03840986519479116
2024-04-04,0.05006873327972361,0.0421256886352051,-0.039497123641037205
2024-04-05,0.052663904813075306,0.04360390798693869,-0.04056495210746019
2024-04-09,0.05043859486251737,0.03994668038214391,-0.04032845961194383
2024-04-10,0.04969265602501119,0.03873000492073611,-0.03555228266426881
2024-04-11,0.04951502006898545,0.03801939354044524,-0.03641643834140701
2024-04-12,0.05145825421778867,0.03801122630604814,-0.0327651740555335
2024-04-16,0.07085653851959489,0.03570118229023505,-0.035378928978033804
2024-04-17,0.07244887580378659,0.036114564091171766,-0.03438440232475986
2024-04-18,0.07326898769924242,0.03748533071307296,-0.03548721244078328
2024-04-19,0.07378025213775215,0.041886730643031354,-0.024196212892580414
2024-04-23,0.07342855359839688,0.03916830915661231,-0.022820692506947637
2024-04-24,0.07147237588483166,0.04180620588112735,-0.02273148882350621
2024-04-25,0.076030207936316,0.04617502508911054,-0.011835742303405871
2024-04-26,0.0834770977790998,0.038886804089697205,-0.003305383917606502
2024-04-30,0.08311739460827786,0.038222003921047264,-0.0074005623713950435
2024-05-03,0.08018302761589033,0.03737834191810472,-0.009459845158182982
2024-05-07,0.08514749303915832,0.048883650882054014,
2024-05-08,0.08488974145493464,0.050745703531388305,-0.00703451026790746
2024-05-09,,0.0507693914481968,
2024-05-10,,0.052513076720488806,
2024-05-14,0.08356239307626435,0.05479855612659356,-0.004590043911093289
2024-05-15,0.08707022973366729,0.06330084035317196,-0.0015493579392094963
2024-05-16,0.08747345382940017,0.06359515890962593,-0.00450096961288717
2024-05-17,0.08838214814067921,0.06479546878834305,0.0019473050563576667
2024-05-21,,0.06479280683730718,
2024-05-22,0.0881991265131273,0.06452832533900307,0.0025148903276635847
2024-05-23,0.08768657582767805,0.06729352967635507,0.009799713082691916
2024-05-24,0.08890878027365098,0.06760286833052429,0.008251402610364575
2024-05-28,0.0878702096117061,0.06785614596080694,
2024-05-29,0.09147967023240176,0.06561547023133843,0.000855564656262593
2024-05-30,0.08764210818490203,0.06865789891497165,-0.0006074067065647988
2024-05-31,0.08830846663424331,0.06930920314667213,0.002020741845793788
2024-06-04,0.08901810701698419,0.06913423682693622,
2024-06-05,0.0837727456534722,0.07382208492015595,0.0016869776635031384
2024-06-06,0.0838120567133465,0.07469757619286599,0.00639838403101404
2024-06-07,0.0826494385404007,0.07453530981556479,0.00743702196496898
2024-06-11,0.0831150053820429,0.07479484061682541,0.009438685872921841
2024-06-12,0.08426831136185312,0.07858536603584412,0.016045896801359188
2024-06-13,0.0846557405998119,0.07813882426214455,0.014643115773244975
2024-06-14,0.087338306445329,0.08201052686779474,0.018510973399736192
2024-06-18,0.09003285737395801,0.08090278076380908,0.01707615793605477
2024-06-19,0.08998451937264967,0.08102798171534033,0.042321540597885544
2024-06-20,0.08913095754024165,0.08042616574718234,0.04881886428784704
2024-06-21,0.08912894643302208,0.08188277706670517,0.04903794987882471
2024-06-25,0.09480155617458402,0.08348244801578099,0.04951074319068106
2024-06-26,0.09427697243228846,0.08336239618736101,0.04968840754504043
2024-06-27,0.09565216250269266,0.08025579820957525,0.05214560125837626
2024-06-28,0.09566709084925912,0.07953555921791634,0.05662559120691855
2024-07-02,0.09573459025426773,0.0796445521896726,0.05693841736213434
2024-07-03,0.09697704832812573,0.0855715463297461,0.057018490574834775
2024-07-04,0.09872915710952053,0.08312635121875067,0.06681166796574414
2024-07-05,0.09912176685127361,0.08472032460721828,0.06721477065344508
2024-07-09,0.1036102322197984,0.08524266322501223,0.06609524715798294
2024-07-10,0.10306753963961941,0.08341306150929313,0.05158046369792571
2024-07-11,0.10326501946718886,0.08375903371629685,0.051362795660395005
2024-07-12,0.10126800921096886,0.08377210570522246,0.042638001405412455
2024-07-16,0.10261552307372754,0.08332004732561113,0.04439997041296147
2024-07-17,0.10930538571297735,0.08395358327102904,0.044916999941379564
2024-07-18,0.117197834282354,0.08512653957860593,0.04129590032853575
2024-07-19,0.11935793285744177,0.08668048108143513,0.04147033458116904
2024-07-23,0.12088256870918615,0.08766989024522186,0.04481766568267686
2024-07-24,0.11911757286664458,0.07940275854758724,0.029838236079185582
2024-07-25,0.12401842771804847,0.07949968717205928,0.030988299344759298
2024-07-26,0.1237603882372768,0.0814514895787926,0.025873040604882155
2024-07-30,0.12362571735342882,0.08118356564376525,0.025682074195757732
2024-07-31,0.12121353626632335,0.08088839098150805,0.0218106738929595
2024-08-01,0.11418841060258034,0.08083360347559448,0.017086822872304078
2024-08-02,0.1384790292636061,0.07327564325475507,0.036724067751154686
2024-08-06,0.14402415375179886,0.07397250319642124,
2024-08-07,0.14882926275840633,0.074241441673053,0.04968702449146438
2024-08-08,0.1476533366424681,0.0743676544464568,0.050500844756860494
2024-08-09,0.1490774969526252,0.07585700867276737,0.052155878082489
2024-08-13,0.14817483625916428,0.07553108696812844,0.05289057726776489
2024-08-14,0.15015852515804365,0.07502494331643259,0.053926158634058335
2024-08-15,,0.07723589793445408,
2024-08-16,,0.07818345296499388,
2024-08-20,0.15189378319082264,0.07720592152290143,0.055995318836956375
2024-08-21,0.15131707738918596,0.07663929990839138,0.054873310498640714
2024-08-22,0.15300121733704536,0.07804169654120675,0.05468683138089048
2024-08-23,0.15278269860122387,0.07875341126607786,0.055638595505801976
2024-08-27,0.15276532245484334,0.07861282471013631,
2024-08-28,0.15286631833123632,0.07765551951606929,0.05657267555571966
2024-08-29,0.1463036100207677,0.0782091496714386,0.05714434151253972
2024-08-30,0.14469146288159285,0.0787225104200018,0.05514704772657309
2024-09-03,0.14219016560731615,0.0797386844098612,0.05066212236675433
2024-09-04,0.14178490562322182,0.08122917375538541,0.04865025966651384
2024-09-05,0.14003480942047974,0.08113584664105687,0.05194959139772525
2024-09-06,0.13536271199206215,0.0811831672355369,0.047536565648805484
2024-09-10,0.13597171090643148,0.08140815228918395,0.051010621170692834
2024-09-11,0.13733306669373488,0.08141136689138667,0.052400485478097426
2024-09-12,0.13738149079519976,0.08125675385010744,0.0618113939718459
2024-09-13,0.13717157818529957,0.0812263422044002,0.05652983869334132
2024-09-17,0.13744438806194195,0.081502018556361,0.0555557294512346
2024-09-18,0.13789998677843143,0.08390970081760948,0.0552982488793797
2024-09-19,0.13551643621454593,0.08431915815752226,0.0549915066448775
2024-09-20,0.13289937978861577,0.08600789574509952,0.051622971342107644
2024-09-24,0.1318963361174485,0.08544055968117893,0.04991430137361913
2024-09-25,0.13132031698956878,0.08693209429157453,0.04975843100120561
2024-09-26,0.1317377075195104,0.08805696732276871,0.04940333436498093
2024-09-27,0.13569402819388568,0.08835847799359761,0.048596651284492566
2024-10-01,0.13707003583276325,0.08839106744926847,0.04931952666415612
2024-10-02,0.13712830259250997,0.08653008178159971,0.05586737587354141
2024-10-03,0.13875765488578112,0.08661130038272356,0.05344553948657329
2024-10-04,0.13826185319946335,0.08664639574085344,0.05145838109759657
2024-10-08,0.13844382718280865,0.08309238045409895,0.05125600951771861
2024-10-09,0.13448202350205285,0.08286124885506853,0.044509914169349275
2024-10-10,0.13466127472839826,0.08299111916921277,0.04562932104533002
2024-10-11,0.13488169751233914,0.08123058900583252,0.044873965424284706
2024-10-15,0.1347757564420666,0.08159039207314135,0.04548059078222057
2024-10-16,0.13492307423431882,0.08095497958681343,0.045468975087716045
2024-10-17,0.13709223647369018,0.08178669320571132,0.04404714711969003
2024-10-18,0.1374674720324975,0.08104065028276876,0.04257112598246447
2024-10-22,0.1381731094490046,0.08131413786594513,0.042911451655624516
2024-10-23,0.13979914632283288,0.08749386446176985,0.04277482199923345
2024-10-24,0.1388155220982948,0.0861215071980322,0.04491958119412427
2024-10-25,0.13942615775559614,0.08470088918438948,0.04176301042596572
2024-10-29,0.1402273568403289,0.08121099744029556,
2024-10-30,0.13779846082869296,0.08378021164767584,0.04630861711229982
2024-10-31,0.14382898239373065,0.07211807553849668,0.060676989428448756
2024-11-01,,0.07085632844045028,
2024-11-05,0.14471025821751726,0.0705404134744692,0.059684202230153235
2024-11-06,0.14471353790075903,0.06308291825479324,0.07854840305091183
2024-11-07,0.14415299244136984,0.06251739648721642,0.07492244106304381
2024-11-08,0.14434107268639437,0.06084060797809447,0.08392552379106578
2024-11-12,0.1441320749240942,0.06219950169231516,0.08498383627683384
2024-11-13,0.14508021156052003,0.0668179177807735,0.0854273415278636
2024-11-14,0.14476468869141934,0.06693700177875365,0.07777682953928809
2024-11-15,0.14680217267760082,0.07162083690969293,0.07766732690760432
2024-11-19,0.14698292546623118,0.07322654786978654,0.07714972490410234
2024-11-20,0.14627034538198413,0.07401455232300064,0.08034822149836345
2024-11-21,0.14172312073999618,0.07240673759194342,0.08969912387532873
2024-11-22,0.14083659879507668,0.07435194850307596,0.08563447555508201
2024-11-26,0.1413041781980198,0.0717039114749699,0.08486630360338561
2024-11-27,0.14109209568720324,0.0762590276854429,0.08454151319124233
2024-11-28,0.14032831750922534,0.07737828481519868,0.08319856772391705
2024-11-29,0.13930082376801478,0.07832090500088869,0.09553823911112024
2024-12-03,0.13906848835799115,0.07511683632999011,0.09466110813016074
2024-12-04,0.13963974087506628,0.07452275288349836,0.09239440892833167
2024-12-05,0.13877418825525006,0.07398733633031465,0.09375679209650173
2024-12-06,0.1399502667575259,0.07403086657775522,0.09460356334658636
2024-12-10,0.13994834078029858,0.07385997521802097,0.09474578372236701
2024-12-11,0.1426349343395111,0.07016032253182512,0.0951850740471536
2024-12-12,0.14200097196896178,0.06949113444022731,0.09901854609543402
2024-12-13,0.14302909488345247,0.07012379971097818,0.10320087257425158
2024-12-17,0.1462014067144293,0.06885780577229847,0.10521220924397669
2024-12-18,0.1462175255467583,0.06670392351302437,0.10629255154723842
2024-12-19,0.13487596988983316,0.06845537800928855,0.10149074892436931
2024-12-20,0.13315599414139093,0.06666094522296327,0.09774743336266768
2024-12-24,,0.0668127846834708,0.09780279784902916
2024-12-31,0.13367204537958857,0.06734050360273217,0.09782096081782052
2025-01-03,0.1318063456366427,0.06653527651628875,0.09533604606739483
2025-01-07,0.13292719155579413,0.061840642035358696,0.09402050698085067
2025-01-08,0.13452492905092983,0.06330938893927308,0.09373005451720126
2025-01-09,0.13649608851269296,0.06402645779729865,0.09417303785759132
2025-01-10,0.13626477100987816,0.06378389651510968,0.08945289585533943
2025-01-14,0.13548997478140473,0.061728265253446234,0.08933239825280372
2025-01-15,0.12878074368682527,0.06137618871231692,0.09100527118226409
2025-01-16,0.12869883730593146,0.061540043652642325,0.09090014091184759
2025-01-17,0.12750842326521553,0.06350549610377247,0.09205831044600826
2025-01-21,0.13044972252844533,0.06289671045444438,0.09385972656379617
2025-01-22,0.12826483836067232,0.06210332209401531,0.08776860100684035
2025-01-23,0.1266405067257155,0.06409440197564194,0.08931412737499521
2025-01-24,0.1266914771173069,0.06542947226322979,0.08499846261885766
2025-01-28,0.12489150695492493,0.06642457084460737,0.07930784563248278
2025-01-29,0.12397000686575689,0.06386367080259303,0.07926836435396184
2025-01-30,0.12348759970231861,0.0675209060593707,0.075867004221683
2025-01-31,0.12074645023680296,0.06796851523416393,0.06860763175878357
2025-02-04,0.12027653873443621,0.06644087330334002,
2025-02-05,0.1195991936980358,0.0677664808501988,0.06688835589003414
2025-02-06,0.1236812800899033,0.06739867735875286,0.06788799020302776
2025-02-07,0.12085909160697783,0.06728819466145429,0.061528623722105144
2025-02-11,0.1262761735271484,0.06731212283403255,0.05797588012850008
2025-02-12,0.12710763336998998,0.07006138113023024,0.053179695874194195
2025-02-13,0.12699766127842035,0.07139950334837329,0.05251370681107128
2025-02-14,0.12175394069305981,0.0687118436709551,0.05727217411515852
2025-02-18,0.12495151609548479,0.0685409494006744,0.058287737489456995
2025-02-19,0.12805106727684515,0.06874960225695874,0.0599945182376596
2025-02-20,0.1314229180623896,0.07178597207554947,0.06536147766060244
2025-02-21,0.1323913846619318,0.07210518230911335,0.06745922510224579
2025-02-25,0.13551915173837922,0.07356430295505585,0.06819886593982077
2025-02-26,0.13821027856055887,0.07386318098100873,0.06950292770992916
2025-02-27,0.14135723095446345,0.07418008438189896,0.07304492472135693
2025-02-28,0.14950922652470416,0.07467604659935367,0.07162566051225058
2025-03-04,0.1396874975101764,0.07641209623235448,0.07226495340380279
2025-03-05,0.13334481498057515,0.07169488548122853,0.04550241856868138
2025-03-06,0.13287397258360692,0.07028942620430222,0.05042970984490452
2025-03-07,0.140921834908861,0.07514070888170345,0.05365722102830028
2025-03-11,0.13845276759255723,0.06471068794271047,0.041126898602608264
2025-03-12,0.14033791037314586,0.06876342964901073,0.04393415118647676
2025-03-13,0.13990046887114027,0.07113488653688645,0.04932388852186773
2025-03-14,0.13969651340119654,0.0741227133521169,0.04887802818070953
2025-03-18,0.1380107685089076,0.07408785758017951,
2025-03-19,0.13770106511574348,0.07757149173874006,0.04975544203687057
2025-03-20,0.13807811349644655,0.07670016088864624,0.05088071291537691
2025-03-21,0.1403047965956452,0.07673638915615662,0.05128534594410021
2025-03-25,0.14036679089721868,0.07688692971546147,0.051573895805129
2025-03-26,0.13996878135090032,0.07691569988674667,0.05146032404322944
2025-03-27,0.1390498968167316,0.0780493720852727,0.054757235268894755
2025-03-28,0.13586422242249818,0.07666287589669546,0.05230898377468503
2025-04-01,0.13780209692293258,0.07565750519016015,0.0474975253247293
2025-04-02,0.14029738276433584,0.07554830318408513,0.047871309674891636
2025-04-03,0.11827985262129172,0.06693924511856778,0.054521972777516095
2025-04-04,0.09628932767131476,0.05716585494879856,0.05021126209130728
2025-04-08,0.11183328109552026,0.06500689654373919,0.0507211798852279
2025-04-09,0.14054495058492397,0.0668514897405165,0.03806192186159808
2025-04-10,0.138746009476432,0.0664451495507364,0.03418889047960521
2025-04-11,0.1400341007757723,0.06693648286671697,0.03475834453355332
2025-04-15,0.1421454827015407,0.0699110238032064,0.03964650190186158
2025-04-16,0.13970496018577477,0.07105689071871628,0.04089427471830475
2025-04-17,0.13907824308141603,0.07267210517436035,0.0441100753255754
2025-04-23,0.13371218027584422,0.07228210870431968,0.03609413218032899
2025-04-24,0.13338347119671493,0.07039840484147948,0.03662111716663364
2025-04-25,0.13357034828151051,0.07070669175387163,0.03657563003345426
2025-04-29,0.1340168673522793,0.06958671455309261,0.03687657269360275
2025-04-30,0.1307415673017698,0.06843335206016336,0.035590632004056884
2025-05-06,0.13074075246682484,0.06860437537399867,
2025-05-07,0.13244068469935458,0.06860632048865377,0.03565345566666965
2025-05-08,0.12938143097909127,0.06963522622245712,0.03178438226153325
2025-05-09,,0.06987483060367396,
2025-05-13,0.1288530511759452,0.07174205904243569,0.032309954112516935
2025-05-14,0.128894712120653,0.07223628423147387,0.03082186847643302
2025-05-15,0.12871979003310782,0.07090406851375833,0.03066310486352284
2025-05-16,0.12837122732843861,0.0709114829373463,0.029933936736988163
2025-05-20,0.12846324001305218,0.07063191374214597,0.03002021927915676
2025-05-21,0.12647523587070975,0.0705176782442264,0.028856820871162165
2025-05-22,0.12638951402039633,0.07046384729431769,0.027911882274888146
2025-05-23,0.12434961777057436,0.07051374378588214,0.026826761011221983
2025-05-27,0.12521727669578667,0.07027179460797656,
2025-05-28,0.12582126182730596,0.0698210807118795,0.02312382765843769
2025-05-29,,0.06944892188287828,
2025-05-30,,0.06428767254572726,
2025-06-03,0.12481287949525861,0.0642494393227168,
2025-06-04,0.12457498109071259,0.06456295330729696,0.02349939152355961
2025-06-05,0.12452870275600526,0.06473656648064294,0.02376260906953436
2025-06-06,0.12623902092771602,0.06530206447365755,0.02363899848024275
2025-06-10,,0.06489297240146345,
2025-06-11,0.1264673712253775,0.06517773118053662,0.023904858064195823
2025-06-12,0.12676909961249555,0.06598528801659534,0.024754706635587143
2025-06-13,0.12665355177326,0.06588393568214836,0.024341177651911128
2025-06-17,0.12602281965214013,0.06587280323461984,0.024835714127680392
2025-06-18,0.1258110823171229,0.06614921371553134,0.024600612483245486
2025-06-19,0.12412000218030275,0.06662873028907491,0.026234776266355033
2025-06-20,0.12408513842250131,0.06700478228809142,0.02036134878525194
2025-06-24,,0.0678161560926188,
2025-06-25,0.12341789661776073,0.06799456959011069,0.020162643247595147
2025-06-26,0.12351425057485992,0.06817675200673469,0.020131857086971152
2025-06-27,0.12331467421253946,0.06970630732654562,0.018649538895349458
2025-07-01,0.12330861614800098,0.06954895483733,0.017829003458278318
2025-07-02,0.12291445548955252,0.07013786757991944,0.016373726225978342
2025-07-03,0.12248359652496359,0.0714158407460698,0.014425804695648503
2025-07-04,0.12305379442325151,0.07171511148991755,0.014706192531693734
2025-07-08,0.12287435500092347,0.07171499480718554,0.014378626519495667
2025-07-09,0.12390323510663988,0.07203480960666532,0.01308046873649262
2025-07-10,0.12343273561965382,0.07096009833801548,0.011423000175978255
2025-07-11,0.12512870971219292,0.07077132415458166,0.010567047980983006
2025-07-15,0.12377837932463522,0.07093720393305904,0.014685380753685643
2025-07-16,0.1221643993793446,0.07294226059184643,0.015136929931606136
2025-07-17,0.11980305032849548,0.07061745864346422,0.014599394663431952
2025-07-18,0.11668906144648132,0.07155884169590905,0.015834252444542195
2025-07-22,0.11731669251715249,0.07112220676624696,0.018262185599534977
2025-07-23,0.11645102206424313,0.06977466566146842,0.01411971002441724
2025-07-24,0.11638892085219356,0.06829247219123148,0.01557246034712025
2025-07-25,0.11610808236996771,0.0696875178077482,0.01550543931256192
2025-07-29,0.11642790228183032,0.0687995772372641,0.01649285307864153
2025-07-30,0.11659012833164879,0.06710149193120325,0.016645560953702957
2025-07-31,0.1182309042569632,0.0718300126991478,0.017501456372854846
2025-08-01,0.11279081143023686,0.07562980617015981,0.022562307046598073
2025-08-05,0.11266971354246097,0.0760001446230211,
2025-08-06,0.11280899896791596,0.0762732810929489,0.022374794478395882
2025-08-07,0.11161833685995619,0.07693214164810462,0.02082934339892545
2025-08-08,0.10676196336666881,0.07690937841434055,0.020568123546152273
2025-08-12,0.10723292995158822,0.07688772301311561,0.02017745175666351
2025-08-13,0.10731049075504757,0.07603114036076976,0.022356083220764565
2025-08-14,0.1066214066193862,0.07311147208958606,0.021603688419082393
2025-08-15,,0.07300921238463863,
2025-08-19,0.10682390407544931,0.07246744701998815,0.021761702687276577
2025-08-20,0.10715696279167623,0.07271059021317322,0.02105023236958135
2025-08-21,0.10529155016191936,0.07250440868328203,0.02158060906118642
2025-08-22,0.10137749886915372,0.0729611679917173,0.021644988490959246
2025-08-26,0.10135807816977054,0.07261745879920314,
2025-08-27,0.1020197184166946,0.07192214457848901,0.021870033693562708
2025-08-28,0.10132605279864665,0.07271760455528489,0.02195498651566755
2025-08-29,0.10089786988596437,0.07375239413826568,0.020181072054008115
2025-09-02,0.10035082304456851,0.07392887449597921,0.023357359140877793
2025-09-03,0.10066254818577408,0.0743210050459631,0.024502572501586387
2025-09-04,0.09841405448681001,0.07135309661160001,0.020262435446897986
2025-09-05,0.09809651153503345,0.07120582513845275,0.01927905549869727
2025-09-09,0.09805672895394417,0.07121410142814431,0.018324370660714216
2025-09-10,0.09826079496770544,0.07061114489609509,0.017029978339393806
2025-09-11,0.09919576548277897,0.0685363865539269,0.0125282368328098
2025-09-12,0.10004725535629425,0.06861252244623774,0.011487747408830514
2025-09-16,0.0996911888659334,0.06900257428158271,0.011876850846564715
2025-09-17,0.09951206542325153,0.06946354829123591,0.012470553363460103
2025-09-18,0.09616530342436354,0.07065644321448224,0.01219857506688556
2025-09-19,0.09588055047953198,0.07096198283476515,0.01200168878391349
2025-09-23,0.09768734875758203,0.07075847558766864,0.011115080333328937
2025-09-24,0.09728524703978943,0.07054301802774585,0.010681395299278775
2025-09-25,0.09745377734831935,0.07073488727889532,0.010359523856903035
2025-09-26,0.09713129242765677,0.07021274608743634,0.009981185433531254
2025-09-30,0.09666590675789102,0.07006060665121285,0.009690293149518749
2025-10-01,0.09598316070666177,0.0718203060455094,0.009640584705146666
2025-10-02,0.09583027396763744,0.07188475677682295,0.011407604172706766
2025-10-03,0.09487142823423271,0.07240656937541998,0.01024905312216756
2025-10-07,0.0947891613372813,0.07218705493641017,0.009363822159556535
2025-10-08,0.09537302318383031,0.07066598498270672,0.008102845455122623
2025-10-09,0.09502313867595454,0.07049628156289753,0.0075782490763451745
2025-10-10,0.09736643397787328,0.07088671402162801,0.00890253391436133
2025-10-14,0.09802105635789954,0.07124430694416233,0.008863588781229403
2025-10-15,0.09827043691266468,0.07179015712036241,0.006153705485073943
2025-10-16,0.09785211325297052,0.0715864424166544,0.0060159528067089876
2025-10-17,0.10079681426676051,0.07155623036812887,0.005505381765029314
2025-10-21,0.10005376353041964,0.07127884682288627,0.005714498806280388
2025-10-22,0.09964325647903487,0.07010699095806854,0.004376133803001915
2025-10-23,0.09968317283385975,0.0737340348955427,0.0029694215914119588
2025-10-24,0.10060027647097529,0.07345989337261542,0.004125583933335618
2025-10-28,0.10065544429587461,0.07326177207148617,
2025-10-29,0.10090268086274704,0.07299154081396979,0.004498500796022368
2025-10-30,0.10194891694730013,0.07327086702992384,0.005041123658103394
2025-10-31,0.10203620965398305,0.0732284046446232,0.005122685644673781
2025-11-04,0.09983261184573436,0.07667917234923168,
2025-11-05,0.09702272812051684,0.07636476453010997,
2025-11-06,0.09583063062624465,0.07652316104586228,
2025-11-07,0.0962614419433135,0.07828399161111836,
2025-11-11,0.09603080353522922,0.07856045900679559,
2025-11-12,0.09441717826677036,0.08109873969639095,
2025-11-13,0.09287504107551742,0.08183891974456088,
2025-11-14,0.09344003881925653,0.08169282612641038,
2025-11-18,0.09696034230497759,0.08139990003224395,
2025-11-19,0.09926846969666353,0.08157030412169894,
2025-11-20,0.08738795243854519,0.08093662775164555,
2025-11-21,0.08624696626314951,0.08318836665302178,
2025-11-25,0.08352343566465932,0.08278653477581054,
2025-11-26,0.08463342873417,0.08478425982304387,
2025-11-27,0.08381498172820716,0.08463455303401932,
2025-11-28,0.08326218584325203,0.08444545845248218,
2025-12-02,0.08285914636537653,0.0842301725330518,
2025-12-03,0.08284648113204869,0.08393372665313771,
2025-12-04,0.08297795680411747,0.08294321556136079,
2025-12-05,0.08279984040756208,0.0827186353323871,
2025-12-09,0.08292090352809203,0.08229486071817965,
2025-12-10,0.08267036208081385,0.08225930022552785,
2025-12-11,0.08270805127221603,0.08227110437475356,
2025-12-12,0.08534690455494456,0.08194702642451489,
2025-12-16,0.08623163406169232,0.08163789728414596,
2025-12-17,0.08668175170122737,0.08218313240159923,
2025-12-18,0.08621159241425544,0.08302275730602168,
2025-12-19,0.08622267729307424,0.08209876258226816,
