,portfolio_vol_rolling
2021-01-01,
2021-01-04,
2021-01-05,
2021-01-06,
2021-01-07,
2021-01-08,
2021-01-11,
2021-01-12,
2021-01-13,
2021-01-14,
2021-01-15,
2021-01-18,
2021-01-19,
2021-01-20,
2021-01-21,
2021-01-22,
2021-01-25,
2021-01-26,
2021-01-27,
2021-01-28,
2021-01-29,
2021-02-01,
2021-02-02,
2021-02-03,
2021-02-04,
2021-02-05,
2021-02-08,
2021-02-09,
2021-02-10,
2021-02-11,
2021-02-12,
2021-02-15,
2021-02-16,
2021-02-17,
2021-02-18,
2021-02-19,
2021-02-22,
2021-02-23,
2021-02-24,
2021-02-25,
2021-02-26,
2021-03-01,
2021-03-02,
2021-03-03,
2021-03-04,
2021-03-05,
2021-03-08,
2021-03-09,
2021-03-10,
2021-03-11,
2021-03-12,
2021-03-15,
2021-03-16,
2021-03-17,
2021-03-18,
2021-03-19,
2021-03-22,
2021-03-23,
2021-03-24,
2021-03-25,
2021-03-26,
2021-03-29,
2021-03-30,0.09034086776303596
2021-03-31,0.09039033573749572
2021-04-01,0.08995964788010317
2021-04-02,0.08988998219214228
2021-04-05,0.08889506762175778
2021-04-06,0.08844167829779476
2021-04-07,0.08839218592307277
2021-04-08,0.08856240192841541
2021-04-09,0.08851028470579217
2021-04-12,0.0885313374949865
2021-04-13,0.08841777224313362
2021-04-14,0.08796719002030744
2021-04-15,0.08800209652392393
2021-04-16,0.08798291191334362
2021-04-19,0.08715182967577335
2021-04-20,0.09003953087393758
2021-04-21,0.09042901712408208
2021-04-22,0.09066436777106945
2021-04-23,0.09066957893475727
2021-04-26,0.0881564865975008
2021-04-27,0.08818832349918354
2021-04-28,0.08321081950473076
2021-04-29,0.08221801677344716
2021-04-30,0.07690887186040392
2021-05-03,0.07694808932250881
2021-05-04,0.07823247681549622
2021-05-05,0.08007886368488346
2021-05-06,0.08096816776158806
2021-05-07,0.0816715973449994
2021-05-10,0.08151034248297838
2021-05-11,0.08521788276230277
2021-05-12,0.08578233836425295
2021-05-13,0.08524457380407795
2021-05-14,0.08590600478941762
2021-05-17,0.08569678945666312
2021-05-18,0.08520276073435985
2021-05-19,0.08749685107693761
2021-05-20,0.08966588267473839
2021-05-21,0.08879152225657624
2021-05-24,0.08804306379635114
2021-05-25,0.08675035799337287
2021-05-26,0.08625134283054815
2021-05-27,0.08334506886181792
2021-05-28,0.08265979210403585
2021-05-31,0.08296098987017117
2021-06-01,0.08139841856002208
2021-06-02,0.080043083908756
2021-06-03,0.0716294081235877
2021-06-04,0.07111381701913312
2021-06-07,0.07113607430425918
2021-06-08,0.06997192489601403
2021-06-09,0.06977216402473933
2021-06-10,0.06949126840433605
2021-06-11,0.069093554387349
2021-06-14,0.06846672819487813
2021-06-15,0.06847233010027817
2021-06-16,0.06767636571403422
2021-06-17,0.06810720378687982
2021-06-18,0.0703697115163589
2021-06-21,0.07036827931915376
2021-06-22,0.07056868027200776
2021-06-23,0.06877487960671451
2021-06-24,0.06919697627097829
2021-06-25,0.06897224786831276
2021-06-28,0.06883527985354138
2021-06-29,0.06882978848748673
2021-06-30,0.06882414608729069
2021-07-01,0.06888961388827768
2021-07-02,0.06859926769777556
2021-07-05,0.06829694168258228
2021-07-06,0.06807998282736155
2021-07-07,0.06840934125334149
2021-07-08,0.07205538200158579
2021-07-09,0.07403556232452509
2021-07-12,0.07412473869550101
2021-07-13,0.07428276839731211
2021-07-14,0.07451681423238399
2021-07-15,0.0740409052203222
2021-07-16,0.07076842079967847
2021-07-19,0.07405071732373472
2021-07-20,0.07558730550727702
2021-07-21,0.07639626116104303
2021-07-22,0.07668177609197899
2021-07-23,0.0779259683926608
2021-07-26,0.07803614810106672
2021-07-27,0.07922566689347557
2021-07-28,0.07966448381690314
2021-07-29,0.0796228874379055
2021-07-30,0.07785449868644657
2021-08-02,0.0760376014912198
2021-08-03,0.07506360574690217
2021-08-04,0.07445008302999796
2021-08-05,0.07459742994176573
2021-08-06,0.06985138076786226
2021-08-09,0.06886617312466779
2021-08-10,0.06889314176480844
2021-08-11,0.068297609907648
2021-08-12,0.06787839664328124
2021-08-13,0.06800695710943176
2021-08-16,0.06455700781881082
2021-08-17,0.06106184995661107
2021-08-18,0.060932653496519856
2021-08-19,0.06292360544224447
2021-08-20,0.06326677755590726
2021-08-23,0.06351196387294106
2021-08-24,0.06336741808004648
2021-08-25,0.06327347884207887
2021-08-26,0.06286443999667102
2021-08-27,0.06278699321037952
2021-08-30,0.06283936875687665
2021-08-31,0.06302261875623649
2021-09-01,0.06301585153000974
2021-09-02,0.0629940404721576
2021-09-03,0.06307140383070386
2021-09-06,0.06339182328077635
2021-09-07,0.06421538125243804
2021-09-08,0.06408319407619482
2021-09-09,0.06407340539653038
2021-09-10,0.06475034947884921
2021-09-13,0.06478797135526249
2021-09-14,0.06442907021436925
2021-09-15,0.06212487255308417
2021-09-16,0.0621601862880636
2021-09-17,0.06208238830718891
2021-09-20,0.06638752906719904
2021-09-21,0.06661758649987128
2021-09-22,0.06701161895252651
2021-09-23,0.06808329607606269
2021-09-24,0.06797498923109295
2021-09-27,0.06798626912360607
2021-09-28,0.0736577865594344
2021-09-29,0.07407901272228641
2021-09-30,0.07409874809558108
2021-10-01,0.07447244610635179
2021-10-04,0.0758329898505814
2021-10-05,0.07614566426011173
2021-10-06,0.07490101592542925
2021-10-07,0.08015059492376693
2021-10-08,0.0801396897852519
2021-10-11,0.0799601441270498
2021-10-12,0.08028040674720069
2021-10-13,0.08025675245911452
2021-10-14,0.07966589501016108
2021-10-15,0.07858918558621025
2021-10-18,0.07781731413369132
2021-10-19,0.077689282516353
2021-10-20,0.0763725612656924
2021-10-21,0.07639148651139138
2021-10-22,0.07517310906057396
2021-10-25,0.07505301192833423
2021-10-26,0.07547617378947191
2021-10-27,0.07575895286022645
2021-10-28,0.07578484076395617
2021-10-29,0.07638596862038281
2021-11-01,0.07627603119457523
2021-11-02,0.0761813762957556
2021-11-03,0.07597794529847021
2021-11-04,0.07648058514857858
2021-11-05,0.0766063212665286
2021-11-08,0.0767299229426339
2021-11-09,0.07700524743314684
2021-11-10,0.0770702915833149
2021-11-11,0.07690368031212312
2021-11-12,0.07723518189380499
2021-11-15,0.07735354447954867
2021-11-16,0.07663551338724119
2021-11-17,0.07648044426387285
2021-11-18,0.07645280460815262
2021-11-19,0.07659698426038886
2021-11-22,0.07669703891162838
2021-11-23,0.07886348790509666
2021-11-24,0.07951412043362054
2021-11-25,0.07941489687773172
2021-11-26,0.09035932378902356
2021-11-29,0.0915544349934106
2021-11-30,0.09374983780216806
2021-12-01,0.09456082022665577
2021-12-02,0.09696014937101462
2021-12-03,0.09666126194911999
2021-12-06,0.09745243193175547
2021-12-07,0.10297701678582902
2021-12-08,0.10345319668773047
2021-12-09,0.10347023561201066
2021-12-10,0.10374628993560961
2021-12-13,0.10366920246715497
2021-12-14,0.10429952168022501
2021-12-15,0.10417053460315934
2021-12-16,0.10230098006773529
2021-12-17,0.1023274050931462
2021-12-20,0.10647219103615288
2021-12-21,0.10836138589427852
2021-12-22,0.10872479946393775
2021-12-23,0.10950434470735804
2021-12-24,0.1054983566818317
2021-12-27,0.10526068269876859
2021-12-28,0.10530133636818101
2021-12-29,0.10518499798466255
2021-12-30,0.10362585826468398
2021-12-31,0.10148217170143195
2022-01-03,0.10085584986213923
2022-01-04,0.09711501282000715
2022-01-05,0.09699518710703478
2022-01-06,0.09937592756634503
2022-01-07,0.09944950546633986
2022-01-10,0.100884184741956
2022-01-11,0.09930065139986462
2022-01-12,0.09882896522585922
2022-01-13,0.09899847318314052
2022-01-14,0.10029902186867266
2022-01-17,0.10057156963375156
2022-01-18,0.10168090779251188
2022-01-19,0.10201450213223248
2022-01-20,0.10213507893968685
2022-01-21,0.10630745434669656
2022-01-24,0.11647119730336945
2022-01-25,0.11748191958459114
2022-01-26,0.11951837911820491
2022-01-27,0.11999148656355914
2022-01-28,0.12037804060505689
2022-01-31,0.12241452516345026
2022-02-01,0.12241394237407319
2022-02-02,0.12223999847406539
2022-02-03,0.12446500377574626
2022-02-04,0.12495227230371334
2022-02-07,0.12497371496822891
2022-02-08,0.12512693028162888
2022-02-09,0.1259413317903424
2022-02-10,0.1258387268208205
2022-02-11,0.12521468381952078
2022-02-14,0.12550915316929978
2022-02-15,0.12580764391842233
2022-02-16,0.12569679589137875
2022-02-17,0.12558896735174635
2022-02-18,0.12496229782811707
2022-02-21,0.12474582720390492
2022-02-22,0.12466270439847423
2022-02-23,0.1179653073382003
2022-02-24,0.11732475931697457
2022-02-25,0.121678984728794
2022-02-28,0.12125537664543537
2022-03-01,0.11961060400158441
2022-03-02,0.12051256507730253
2022-03-03,0.11962790538801828
2022-03-04,0.11447234300013773
2022-03-07,0.114062331878665
2022-03-08,0.11574694827659095
2022-03-09,0.11656672345377164
2022-03-10,0.11702316497779222
2022-03-11,0.11804237473680762
2022-03-14,0.1188045100542352
2022-03-15,0.11875171417032897
2022-03-16,0.12000135589854927
2022-03-17,0.11666751012692103
2022-03-18,0.1156837099229068
2022-03-21,0.11515195563613567
2022-03-22,0.11536236250179858
2022-03-23,0.11538097513480908
2022-03-24,0.11509195940540208
2022-03-25,0.11516356002946301
2022-03-28,0.11509685713603048
2022-03-29,0.11522707464316609
2022-03-30,0.1153378387480339
2022-03-31,0.11533175595116721
2022-04-01,0.11514412238736037
2022-04-04,0.11599836892391852
2022-04-05,0.11433388580525332
2022-04-06,0.11614976295224223
2022-04-07,0.11496945322229801
2022-04-08,0.11489115111762084
2022-04-11,0.11603091780985164
2022-04-12,0.11602483106962458
2022-04-13,0.11491718706066659
2022-04-14,0.11483964407988763
2022-04-15,0.11384812510373285
2022-04-18,0.11354560746685353
2022-04-19,0.11310480076139717
2022-04-20,0.10866757569209458
2022-04-21,0.09652726661205695
2022-04-22,0.10073939834446519
2022-04-25,0.09940536733130115
2022-04-26,0.09885612518421154
2022-04-27,0.0988734776899621
2022-04-28,0.09684012220701155
2022-04-29,0.09635543448996145
2022-05-02,0.09931452848576794
2022-05-03,0.09745722798846536
2022-05-04,0.09783014301027777
2022-05-05,0.0977410318049265
2022-05-06,0.09947818576623481
2022-05-09,0.10200968759308884
2022-05-10,0.10209229783845208
2022-05-11,0.10314803092415431
2022-05-12,0.10314860283116395
2022-05-13,0.1069606205243196
2022-05-16,0.10695452403642064
2022-05-17,0.10695353462226607
2022-05-18,0.1074778591130117
2022-05-19,0.1086808579375889
2022-05-20,0.10871077131371795
2022-05-23,0.10914668110746817
2022-05-24,0.11165066640414435
2022-05-25,0.10775513100935401
2022-05-26,0.10894753676729846
2022-05-27,0.1111464886397917
2022-05-30,0.11030523779604692
2022-05-31,0.11089993181312881
2022-06-01,0.11059888341510818
2022-06-02,0.1104348407533097
2022-06-03,0.10823360983554933
2022-06-06,0.1078612121944805
2022-06-07,0.10723273354843033
2022-06-08,0.10591100515287741
2022-06-09,0.10531468528521463
2022-06-10,0.10973216941973074
2022-06-13,0.11226507767200795
2022-06-14,0.11235493795785652
2022-06-15,0.11083782317066378
2022-06-16,0.11592702752341545
2022-06-17,0.11452726391139327
2022-06-20,0.11479467785050364
2022-06-21,0.11566946731119737
2022-06-22,0.11520265038929535
2022-06-23,0.11508424956747482
2022-06-24,0.11885131637298962
2022-06-27,0.11888395517849873
2022-06-28,0.11884704006394688
2022-06-29,0.11890274262432213
2022-06-30,0.11834817364246221
2022-07-01,0.11852395307386515
2022-07-04,0.11697740467980075
2022-07-05,0.11699249144187818
2022-07-06,0.1186557386583486
2022-07-07,0.12038516138129125
2022-07-08,0.12045998233337182
2022-07-11,0.12045111577489508
2022-07-12,0.12014471257645126
2022-07-13,0.12082498867574736
2022-07-14,0.12124705806085595
2022-07-15,0.12396383906586911
2022-07-18,0.12400378175356803
2022-07-19,0.12400731135056084
2022-07-20,0.12163146425742702
2022-07-21,0.12054929616481586
2022-07-22,0.12054024127635388
2022-07-25,0.11985918022442192
2022-07-26,0.11952861025556119
2022-07-27,0.12002852108401316
2022-07-28,0.11864862555948108
2022-07-29,0.11822868678160647
2022-08-01,0.11725740841200068
2022-08-02,0.11719808007544655
2022-08-03,0.11601979329907258
2022-08-04,0.11217816031763421
2022-08-05,0.11189642491396412
2022-08-08,0.11130266858736902
2022-08-09,0.11168064526356998
2022-08-10,0.10840444356573332
2022-08-11,0.10836197853995784
2022-08-12,0.10881683852178425
2022-08-15,0.10798418338034128
2022-08-16,0.10556803301195988
2022-08-17,0.10605697060655349
2022-08-18,0.10588410443614371
2022-08-19,0.102266320034875
2022-08-22,0.10093817103628186
2022-08-23,0.10012195089570618
2022-08-24,0.09778656276584008
2022-08-25,0.09777009026908866
2022-08-26,0.09852292050088074
2022-08-29,0.10100090839738717
2022-08-30,0.10197223968937205
2022-08-31,0.10232415565946187
2022-09-01,0.10219410615107087
2022-09-02,0.10346930481835319
2022-09-05,0.10378252128987694
2022-09-06,0.10326684987810976
2022-09-07,0.09715635589232102
2022-09-08,0.09308605050311804
2022-09-09,0.09280838189652237
2022-09-12,0.09274935753578352
2022-09-13,0.08688774137228972
2022-09-14,0.08742417766467862
2022-09-15,0.08786749152550202
2022-09-16,0.09019081211248378
2022-09-19,0.09016598361864298
2022-09-20,0.09020891813004381
2022-09-21,0.08721220593845215
2022-09-22,0.09124637306252306
2022-09-23,0.09168083516110449
2022-09-26,0.0914554178644887
2022-09-27,0.09027529739822814
2022-09-28,0.090137528408466
2022-09-29,0.09490502592201415
2022-09-30,0.09515696481125566
2022-10-03,0.09217170251755857
2022-10-04,0.09228703200548696
2022-10-05,0.09225637770210275
2022-10-06,0.09290988629373287
2022-10-07,0.09544053723747838
2022-10-10,0.09472095978453564
2022-10-11,0.0941485369748417
2022-10-12,0.09106012663558553
2022-10-13,0.09115438868795506
2022-10-14,0.09115397617381522
2022-10-17,0.09053496217661501
2022-10-18,0.09048190231513248
2022-10-19,0.0906653316049091
2022-10-20,0.09085315103629532
2022-10-21,0.09108423731353199
2022-10-24,0.09180320169243289
2022-10-25,0.09116025435208877
2022-10-26,0.09049967511897425
2022-10-27,0.09037749424418684
2022-10-28,0.09072280822327695
2022-10-31,0.09027069742313143
2022-11-01,0.09024712367351109
2022-11-02,0.09051992768615054
2022-11-03,0.09078406869028602
2022-11-04,0.09069128447591164
2022-11-07,0.09044331352613494
2022-11-08,0.09087422215486297
2022-11-09,0.09082722770468848
2022-11-10,0.09472397040817966
2022-11-11,0.09456274367042881
2022-11-14,0.09439640749149494
2022-11-15,0.0940967935182607
2022-11-16,0.0949616402954482
2022-11-17,0.09489257976383665
2022-11-18,0.09541047158691997
2022-11-21,0.09533579466485745
2022-11-22,0.09568906488477123
2022-11-23,0.09452758356055724
2022-11-24,0.09227832098884514
2022-11-25,0.09138360192690788
2022-11-28,0.09146585142433004
2022-11-29,0.09132707000757984
2022-11-30,0.09008417581152577
2022-12-01,0.09085576746935746
2022-12-02,0.0911699890758858
2022-12-05,0.09173068697551184
2022-12-06,0.09129287984176968
2022-12-07,0.09091786210090344
2022-12-08,0.09050394650044968
2022-12-09,0.08883949654041098
2022-12-12,0.08868921544752822
2022-12-13,0.09033629469281927
2022-12-14,0.08785982080638466
2022-12-15,0.09822733162321641
2022-12-16,0.0990626888150969
2022-12-19,0.09763528752846169
2022-12-20,0.09456321196679764
2022-12-21,0.09718056296936939
2022-12-22,0.09904915828996094
2022-12-23,0.09916773883187743
2022-12-26,0.09909004946288864
2022-12-27,0.09480654246538571
2022-12-28,0.09467592790418726
2022-12-29,0.09528367318791225
2022-12-30,0.09253994997891742
2023-01-02,0.09614198309429628
2023-01-03,0.09593729951149427
2023-01-04,0.09459745150228696
2023-01-05,0.0946009403551869
2023-01-06,0.09534460335224884
2023-01-09,0.09539053875214691
2023-01-10,0.09625917437636085
2023-01-11,0.0969941879677022
2023-01-12,0.09629657972670075
2023-01-13,0.09639862212029085
2023-01-16,0.09640304292671165
2023-01-17,0.096462522423897
2023-01-18,0.09637002805431001
2023-01-19,0.0967928072825937
2023-01-20,0.0962196654127662
2023-01-23,0.0979249224000354
2023-01-24,0.09790080380772909
2023-01-25,0.09804933815744216
2023-01-26,0.09880203323601926
2023-01-27,0.09946140554036977
2023-01-30,0.09943128055097972
2023-01-31,0.09856030051314776
2023-02-01,0.09774239573715812
2023-02-02,0.10271207093910963
2023-02-03,0.10225433788426816
2023-02-06,0.10146626819014756
2023-02-07,0.09729943647542184
2023-02-08,0.09716166725005829
2023-02-09,0.09710230141914226
2023-02-10,0.09710430208806102
2023-02-13,0.0959709845554931
2023-02-14,0.09599395816547387
2023-02-15,0.09573227863849039
2023-02-16,0.09566097514011797
2023-02-17,0.0963174273929755
2023-02-20,0.09622158926335299
2023-02-21,0.09699460118763696
2023-02-22,0.09693224693298093
2023-02-23,0.09645600959451384
2023-02-24,0.09650050766140958
2023-02-27,0.09641969208227051
2023-02-28,0.09544797666072069
2023-03-01,0.09593803339936192
2023-03-02,0.09552185499495044
2023-03-03,0.09647257634182904
2023-03-06,0.09635735534144002
2023-03-07,0.09668778163008797
2023-03-08,0.09659521281479028
2023-03-09,0.09642722872331222
2023-03-10,0.09851810205766848
2023-03-13,0.10180654519474772
2023-03-14,0.09353294101690965
2023-03-15,0.09309735877046783
2023-03-16,0.09398897188310923
2023-03-17,0.09400573577830662
2023-03-20,0.09125416011023578
2023-03-21,0.08958907320951465
2023-03-22,0.08951436624109271
2023-03-23,0.08998660497545306
2023-03-24,0.09000338834128414
2023-03-27,0.09007061936884535
2023-03-28,0.08987078919281015
2023-03-29,0.0897669596967733
2023-03-30,0.08639956699055051
2023-03-31,0.08666438920739639
2023-04-03,0.08578058742462775
2023-04-04,0.08569793692037116
2023-04-05,0.08484451298348548
2023-04-06,0.08461270993429756
2023-04-07,0.08338976402927996
2023-04-10,0.08261807611925893
2023-04-11,0.0826821703934187
2023-04-12,0.08278738654336325
2023-04-13,0.0826638972482674
2023-04-14,0.0828940297869006
2023-04-17,0.0828315043825387
2023-04-18,0.08069435091514864
2023-04-19,0.08062569229019813
2023-04-20,0.07887433817749147
2023-04-21,0.07894562395697902
2023-04-24,0.07849561641664
2023-04-25,0.07720578338231149
2023-04-26,0.07737870830450541
2023-04-27,0.07726533137746346
2023-04-28,0.07836128323653994
2023-05-01,0.07834003512465232
2023-05-02,0.07195276621660114
2023-05-03,0.07174441662355793
2023-05-04,0.07183116016949534
2023-05-05,0.0735702099687215
2023-05-08,0.07366366406828016
2023-05-09,0.0736597475944902
2023-05-10,0.0734494533060001
2023-05-11,0.07320340882908254
2023-05-12,0.07303978634664526
2023-05-15,0.07259674923761121
2023-05-16,0.0726746946783644
2023-05-17,0.07138525347132754
2023-05-18,0.07311053611987796
2023-05-19,0.07184662729065683
2023-05-22,0.07192544369915183
2023-05-23,0.07206256363494339
2023-05-24,0.07473578269526068
2023-05-25,0.07452854336827273
2023-05-26,0.07632756271574886
2023-05-29,0.07525275361795637
2023-05-30,0.07526764151434016
2023-05-31,0.07288911134152504
2023-06-01,0.07300119990338934
2023-06-02,0.07571695135177271
2023-06-05,0.07570904649712693
2023-06-06,0.07572458167823155
2023-06-07,0.07039584361692776
2023-06-08,0.06510383514708633
2023-06-09,0.06317477424352003
2023-06-12,0.06205154912636841
2023-06-13,0.06132810846285938
2023-06-14,0.060689140501026174
2023-06-15,0.06106658890311835
2023-06-16,0.06059580221615527
2023-06-19,0.06140826439333576
2023-06-20,0.06081323637997963
2023-06-21,0.06096066139546177
2023-06-22,0.06087540472786341
2023-06-23,0.06026308309004428
2023-06-26,0.05949065946458263
2023-06-27,0.059353838057063874
2023-06-28,0.05918305252706367
2023-06-29,0.05918489141669081
2023-06-30,0.05935451740411383
2023-07-03,0.05926203220211513
2023-07-04,0.05926572053534741
2023-07-05,0.05928363360526886
2023-07-06,0.06426295414811169
2023-07-07,0.06413724263126042
2023-07-10,0.06410548911061596
2023-07-11,0.06416743245917338
2023-07-12,0.06404712166005332
2023-07-13,0.06387873930249224
2023-07-14,0.06386692667948383
2023-07-17,0.06376276949665392
2023-07-18,0.06413775285057025
2023-07-19,0.06443765905653226
2023-07-20,0.06414350774860782
2023-07-21,0.06415428540586875
2023-07-24,0.06266663999165041
2023-07-25,0.06268050532405021
2023-07-26,0.06209247354074637
2023-07-27,0.06462831099701784
2023-07-28,0.06361963593814911
2023-07-31,0.06358897808610547
2023-08-01,0.06289908721603135
2023-08-02,0.06313602830514932
2023-08-03,0.06382066985371392
2023-08-04,0.06382827853137206
2023-08-07,0.06390990337813261
2023-08-08,0.06394825926010698
2023-08-09,0.0638683470497333
2023-08-10,0.06395882946410089
2023-08-11,0.0645361548392476
2023-08-14,0.06471588053434686
2023-08-15,0.06374655569681038
2023-08-16,0.063770741345399
2023-08-17,0.06433114405448788
2023-08-18,0.06482767918517038
2023-08-21,0.06127374467251159
2023-08-22,0.06277956120879462
2023-08-23,0.06099202562860466
2023-08-24,0.06101295845763177
2023-08-25,0.0608303386863591
2023-08-28,0.060830825445378364
2023-08-29,0.061407463920359465
2023-08-30,0.057575645703904485
2023-08-31,0.05855941055038914
2023-09-01,0.05863568385533314
2023-09-04,0.05849679123702039
2023-09-05,0.05809446793035495
2023-09-06,0.059113225706168636
2023-09-07,0.05904700219456148
2023-09-08,0.05831822121131499
2023-09-11,0.05833058592672919
2023-09-12,0.05808052763451539
2023-09-13,0.057655780886750045
2023-09-14,0.05902207865368769
2023-09-15,0.05922924269969507
2023-09-18,0.059353221885889554
2023-09-19,0.059508639028062305
2023-09-20,0.059634505018273054
2023-09-21,0.06369450033699374
2023-09-22,0.06363318866228895
2023-09-25,0.06229105993071201
2023-09-26,0.06317377239830237
2023-09-27,0.062260689172241465
2023-09-28,0.062220532021912446
2023-09-29,0.06241186130901263
2023-10-02,0.06244368078474678
2023-10-03,0.06055990703368152
2023-10-04,0.06085762322781519
2023-10-05,0.060672959276758885
2023-10-06,0.060745808943924055
2023-10-09,0.06095872049613068
2023-10-10,0.06380636373730965
2023-10-11,0.0639013726286093
2023-10-12,0.06444950861712402
2023-10-13,0.06404671212509094
2023-10-16,0.06360887938783291
2023-10-17,0.06389324045976735
2023-10-18,0.06425884879840035
2023-10-19,0.06568101629661215
2023-10-20,0.06908585251459629
2023-10-23,0.06891416487168373
2023-10-24,0.06611427297002308
2023-10-25,0.06652961201613299
2023-10-26,0.0670939583114717
2023-10-27,0.06764708081913241
2023-10-30,0.06666575600343679
2023-10-31,0.06739174737274908
2023-11-01,0.06989272396992897
2023-11-02,0.07301214893472087
2023-11-03,0.07334820318667856
2023-11-06,0.07349256425732947
2023-11-07,0.07384540782698301
2023-11-08,0.0734033103778883
2023-11-09,0.07338451363623198
2023-11-10,0.07297654735840975
2023-11-13,0.07340157595337977
2023-11-14,0.07342515687627942
2023-11-15,0.07296453685642003
2023-11-16,0.07316383377898465
2023-11-17,0.07183553456268874
2023-11-20,0.07129276140405484
2023-11-21,0.07112781532864224
2023-11-22,0.07182409418496968
2023-11-23,0.07137355734584
2023-11-24,0.07057347355445641
2023-11-27,0.07053180191370152
2023-11-28,0.06970071254194937
2023-11-29,0.06967327396097993
2023-11-30,0.06986623754462111
2023-12-01,0.07146698082672887
2023-12-04,0.0704892102396841
2023-12-05,0.07096827623736646
2023-12-06,0.07106087078930258
2023-12-07,0.07105068471043244
2023-12-08,0.07123684118969865
2023-12-11,0.07127177623823334
2023-12-12,0.06952660680987456
2023-12-13,0.06929063361513758
2023-12-14,0.06901265476748913
2023-12-15,0.06903741634029997
2023-12-18,0.06895416862168187
2023-12-19,0.06506966520324498
2023-12-20,0.06521888887277857
2023-12-21,0.06584061969417966
2023-12-22,0.06467123263690648
2023-12-25,0.06468102764079763
2023-12-26,0.0646363643499086
2023-12-27,0.06472182731306611
2023-12-28,0.0647197163851936
2023-12-29,0.061662445208626446
2024-01-01,0.06117703973320479
2024-01-02,0.061292058034143775
2024-01-03,0.06160908360135841
2024-01-04,0.06132918116850931
2024-01-05,0.058733578545906065
2024-01-08,0.058589494621951045
2024-01-09,0.05847370442878324
2024-01-10,0.05810850586786104
2024-01-11,0.058098047964491105
2024-01-12,0.05842009409663625
2024-01-15,0.05769419881243936
2024-01-16,0.055298879992139005
2024-01-17,0.05105132730661006
2024-01-18,0.05097479392431095
2024-01-19,0.05085634731915108
2024-01-22,0.05120690305677042
2024-01-23,0.0496756009858662
2024-01-24,0.04827569218581
2024-01-25,0.04851254647570328
2024-01-26,0.047832135795126046
2024-01-29,0.04557160924358604
2024-01-30,0.04179879898008355
2024-01-31,0.042534362446891336
2024-02-01,0.04238330454446534
2024-02-02,0.04597900816081489
2024-02-05,0.04575241337012875
2024-02-06,0.045569001421823054
2024-02-07,0.044893973766249554
2024-02-08,0.04479259709441414
2024-02-09,0.04425534511975981
2024-02-12,0.044991332928406826
2024-02-13,0.04708883342647136
2024-02-14,0.047197920746534894
2024-02-15,0.047406270091257606
2024-02-16,0.04740591553320275
2024-02-19,0.046964944344471564
2024-02-20,0.048437460365001204
2024-02-21,0.048609641418655036
2024-02-22,0.053554181697884375
2024-02-23,0.05335513794373382
2024-02-26,0.05393479073619588
2024-02-27,0.05404042710996652
2024-02-28,0.05232890699795908
2024-02-29,0.052256088579593074
2024-03-01,0.05284381310975947
2024-03-04,0.05279118503064821
2024-03-05,0.05387159694283389
2024-03-06,0.05377020707345126
2024-03-07,0.05374756879123593
2024-03-08,0.05369446194769887
2024-03-11,0.0548003969176938
2024-03-12,0.05583846174215771
2024-03-13,0.05549468334278262
2024-03-14,0.05543475929899638
2024-03-15,0.056459070242327845
2024-03-18,0.05692787219902068
2024-03-19,0.05607457722364501
2024-03-20,0.05607098950929296
2024-03-21,0.05918618797939029
2024-03-22,0.059150952285762996
2024-03-25,0.059235316618157334
2024-03-26,0.05918588014500396
2024-03-27,0.059387840067312646
2024-03-28,0.0595988025649041
2024-03-29,0.059491530686868625
2024-04-01,0.05899144788183073
2024-04-02,0.06050899085422858
2024-04-03,0.060396479827020545
2024-04-04,0.060412356962991326
2024-04-05,0.06101521598419666
2024-04-08,0.061022958132641254
2024-04-09,0.061353782578983
2024-04-10,0.060777093531555595
2024-04-11,0.060760840767877584
2024-04-12,0.06096818038677418
2024-04-15,0.05975253232860702
2024-04-16,0.06355062930738634
2024-04-17,0.06389526481138703
2024-04-18,0.06251031273188906
2024-04-19,0.06377229758740693
2024-04-22,0.06343079020568382
2024-04-23,0.06471428619341492
2024-04-24,0.06475893018742108
2024-04-25,0.0673801430915288
2024-04-26,0.07164175887198446
2024-04-29,0.07116810650424578
2024-04-30,0.07105033511557446
2024-05-01,0.06815443789938799
2024-05-02,0.06875534160100379
2024-05-03,0.06949602826190052
2024-05-06,0.07005645467584586
2024-05-07,0.07039392109559733
2024-05-08,0.0704399265422934
2024-05-09,0.06980108163522719
2024-05-10,0.06826348848146083
2024-05-13,0.0681954040244201
2024-05-14,0.06796197491793907
2024-05-15,0.06889937279029501
2024-05-16,0.06882372851971098
2024-05-17,0.06806280398947236
2024-05-20,0.0680678483258552
2024-05-21,0.0641606624090993
2024-05-22,0.06395553345082101
2024-05-23,0.06363284799989585
2024-05-24,0.06388162002459254
2024-05-27,0.06392231529629619
2024-05-28,0.06425930742314925
2024-05-29,0.06347297390040006
2024-05-30,0.06359350383315306
2024-05-31,0.0636388825344895
2024-06-03,0.06423104192217888
2024-06-04,0.06431106118047279
2024-06-05,0.06589848574926958
2024-06-06,0.06519161786662094
2024-06-07,0.06429501602203222
2024-06-10,0.06433465909365278
2024-06-11,0.06444560408330949
2024-06-12,0.06431099460194456
2024-06-13,0.0636790665126532
2024-06-14,0.06379063105453364
2024-06-17,0.06376340620085175
2024-06-18,0.060907189459435206
2024-06-19,0.06086525694604553
2024-06-20,0.0607337099680272
2024-06-21,0.06098353903480515
2024-06-24,0.06087403289368753
2024-06-25,0.06054100374390495
2024-06-26,0.06054063913495951
2024-06-27,0.06054285186164733
2024-06-28,0.05910871661220931
2024-07-01,0.059666460869497104
2024-07-02,0.05959966498333913
2024-07-03,0.05903866109491942
2024-07-04,0.059047613916434614
2024-07-05,0.0586579280851134
2024-07-08,0.058606929213465296
2024-07-09,0.05860479517494064
2024-07-10,0.05857935421104138
2024-07-11,0.058395153940786176
2024-07-12,0.054323182100068
2024-07-15,0.05390021237584657
2024-07-16,0.053901449438952836
2024-07-17,0.05516565583289364
2024-07-18,0.05672308591434038
2024-07-19,0.05574766131621568
2024-07-22,0.055829527989680425
2024-07-23,0.05429134456679901
2024-07-24,0.05449833058646917
2024-07-25,0.05502200861593934
2024-07-26,0.05493181078450746
2024-07-29,0.05499049951053521
2024-07-30,0.05423731805041161
2024-07-31,0.0573131553414286
2024-08-01,0.057630329183218
2024-08-02,0.07583964880714747
2024-08-05,0.0811871070729437
2024-08-06,0.08160911753199596
2024-08-07,0.08390379878480252
2024-08-08,0.08394231364486635
2024-08-09,0.08419191772267491
2024-08-12,0.08325253986777309
2024-08-13,0.08449067093328093
2024-08-14,0.08451028324235141
2024-08-15,0.08656775894191503
2024-08-16,0.08648734387188928
2024-08-19,0.08652550522707164
2024-08-20,0.08655974298366076
2024-08-21,0.08636021413961828
2024-08-22,0.08631317426709427
2024-08-23,0.08606946298555382
2024-08-26,0.08591776575145417
2024-08-27,0.08584201836379528
2024-08-28,0.08526671456163555
2024-08-29,0.08593431879084136
2024-08-30,0.08599634034815212
2024-09-02,0.08496066621558812
2024-09-03,0.08571654635629665
2024-09-04,0.08695082350794005
2024-09-05,0.08722199686405728
2024-09-06,0.0888029906657891
2024-09-09,0.08939925184695645
2024-09-10,0.08953883757118258
2024-09-11,0.08950880571803585
2024-09-12,0.09275335859657094
2024-09-13,0.09299177959416836
2024-09-16,0.09313778235802829
2024-09-17,0.09335755151105615
2024-09-18,0.09346860525336555
2024-09-19,0.095143003928446
2024-09-20,0.09557735185187272
2024-09-23,0.09598935035517431
2024-09-24,0.09600112434035755
2024-09-25,0.09592275360840948
2024-09-26,0.09558745336381014
2024-09-27,0.09563493239945381
2024-09-30,0.09561144603411051
2024-10-01,0.09564300973233981
2024-10-02,0.0956685180459272
2024-10-03,0.09573543025888663
2024-10-04,0.0959570817151665
2024-10-07,0.09580733709871139
2024-10-08,0.09578102019899713
2024-10-09,0.09625546974689742
2024-10-10,0.09628856527418905
2024-10-11,0.0963833105735832
2024-10-14,0.09537338762118741
2024-10-15,0.09450680059330789
2024-10-16,0.09396855036418399
2024-10-17,0.09441395036483617
2024-10-18,0.09323745387914996
2024-10-21,0.09028579022437391
2024-10-22,0.08990213402353574
2024-10-23,0.09010419710936987
2024-10-24,0.09011265043239906
2024-10-25,0.09015474483793955
2024-10-28,0.08774932362165634
2024-10-29,0.08702067404950885
2024-10-30,0.07070365594886491
2024-10-31,0.06761726579181938
2024-11-01,0.06776902966660672
2024-11-04,0.06650465280779194
2024-11-05,0.06673015879164879
2024-11-06,0.07853647575288966
2024-11-07,0.07880806470168861
2024-11-08,0.0783810442301728
2024-11-11,0.07927422480148617
2024-11-12,0.07747122409094838
2024-11-13,0.07748354273286946
2024-11-14,0.07748020128984998
2024-11-15,0.0791006368940132
2024-11-18,0.07911599306603476
2024-11-19,0.07910343807202079
2024-11-20,0.07910469330394888
2024-11-21,0.08036553639784759
2024-11-22,0.08141863989984888
2024-11-25,0.08155137058238963
2024-11-26,0.080593277512222
2024-11-27,0.08156491605067383
2024-11-28,0.08156892934539967
2024-11-29,0.08042503068586568
2024-12-02,0.07896194067007493
2024-12-03,0.0782492178485915
2024-12-04,0.07578219856945424
2024-12-05,0.07512683895195076
2024-12-06,0.07511579897058557
2024-12-09,0.07510518480022439
2024-12-10,0.07204940587922026
2024-12-11,0.07192317713698211
2024-12-12,0.07182012674369143
2024-12-13,0.07231432762185099
2024-12-16,0.07170402746860763
2024-12-17,0.07042005567657263
2024-12-18,0.06950439313989898
2024-12-19,0.07371676634382733
2024-12-20,0.07372049574552421
2024-12-23,0.07389042972712502
2024-12-24,0.0739252306384196
2024-12-25,0.07393102059456227
2024-12-26,0.07378771697475102
2024-12-27,0.07384693570684121
2024-12-30,0.07493632906912719
2024-12-31,0.07475480783160751
2025-01-01,0.07458468117558247
2025-01-02,0.0768065432637427
2025-01-03,0.07697585079449616
2025-01-06,0.07664292360345946
2025-01-07,0.07768501147397981
2025-01-08,0.07763110878722071
2025-01-09,0.07712590511720752
2025-01-10,0.07843852888197683
2025-01-13,0.07849346981931499
2025-01-14,0.077888853571955
2025-01-15,0.08086470623036322
2025-01-16,0.08049612724338522
2025-01-17,0.08123376844707927
2025-01-20,0.0813292412502773
2025-01-21,0.08129991359715669
2025-01-22,0.08161664249322846
2025-01-23,0.08160099311101454
2025-01-24,0.081924909565722
2025-01-27,0.08441946600223049
2025-01-28,0.08232784827885205
2025-01-29,0.08199332482687093
2025-01-30,0.08119425837983615
2025-01-31,0.08194664034317091
2025-02-03,0.07140247348225176
2025-02-04,0.07103775065980673
2025-02-05,0.07029122961079952
2025-02-06,0.07044639735887566
2025-02-07,0.07045484382617871
2025-02-10,0.07076011440730429
2025-02-11,0.07095033770023423
2025-02-12,0.06988469728167607
2025-02-13,0.07013759928322268
2025-02-14,0.07026751981986372
2025-02-17,0.07039672769289071
2025-02-18,0.06860842199943212
2025-02-19,0.06690588577305479
2025-02-20,0.06804092773248717
2025-02-21,0.06803129385316146
2025-02-24,0.06853818224271202
2025-02-25,0.0706986832813395
2025-02-26,0.07250418960608172
2025-02-27,0.07166986777481982
2025-02-28,0.07253916931921063
2025-03-03,0.07199492699459639
2025-03-04,0.08433161602500845
2025-03-05,0.08751932424513721
2025-03-06,0.08746066626863783
2025-03-07,0.0901345406528221
2025-03-10,0.08985363761224884
2025-03-11,0.09292109001225872
2025-03-12,0.09441004005156939
2025-03-13,0.09450870458207027
2025-03-14,0.09614190920906257
2025-03-17,0.09644398182395214
2025-03-18,0.09408662873229953
2025-03-19,0.09530686297372563
2025-03-20,0.09556539738249337
2025-03-21,0.09556706324675869
2025-03-24,0.09814472010934706
2025-03-25,0.09816157444793806
2025-03-26,0.09816567932585034
2025-03-27,0.09795037635710073
2025-03-28,0.10087554172627705
2025-03-31,0.10110808480562572
2025-04-01,0.10024566166081639
2025-04-02,0.10022211283975162
2025-04-03,0.11659674098583796
2025-04-04,0.13079438593527848
2025-04-07,0.13394481896781693
2025-04-08,0.1373023722836619
2025-04-09,0.1450388151019643
2025-04-10,0.15041695209424233
2025-04-11,0.15063552899384455
2025-04-14,0.15403509813642977
2025-04-15,0.15489512694949248
2025-04-16,0.15439572242955607
2025-04-17,0.15469336501283
2025-04-18,0.1546226118684166
2025-04-21,0.15408585312909232
2025-04-22,0.15407789177533385
2025-04-23,0.15943095575784036
2025-04-24,0.15935404527886965
2025-04-25,0.15851100994571077
2025-04-28,0.15844319290604933
2025-04-29,0.15860835347074978
2025-04-30,0.1578576162091509
2025-05-01,0.15774762396833616
2025-05-02,0.15979947248363982
2025-05-05,0.15984706519137787
2025-05-06,0.15883762943748964
2025-05-07,0.15884698741811512
2025-05-08,0.15994348644149603
2025-05-09,0.15994179618707402
2025-05-12,0.16430221641719178
2025-05-13,0.16428539949543777
2025-05-14,0.16428354084052324
2025-05-15,0.16423663264622243
2025-05-16,0.1645829494660991
2025-05-19,0.16459135677375014
2025-05-20,0.16431289552759815
2025-05-21,0.16446561537853654
2025-05-22,0.1641583681167682
2025-05-23,0.1636180520294461
2025-05-26,0.1630080957191194
2025-05-27,0.1634184557370867
2025-05-28,0.16317497392057137
2025-05-29,0.163173561755136
2025-05-30,0.1573527488266742
2025-06-02,0.15560319926072183
2025-06-03,0.15641999823240427
2025-06-04,0.15468119725030727
2025-06-05,0.154359201487049
2025-06-06,0.1521435409804166
2025-06-09,0.15142789916844301
2025-06-10,0.15118848209399707
2025-06-11,0.1503881032993419
2025-06-12,0.15055788327202982
2025-06-13,0.15062818438148703
2025-06-16,0.15001085570665224
2025-06-17,0.14987902037914633
2025-06-18,0.14986909916714325
2025-06-19,0.14859388399498635
2025-06-20,0.1486583182900235
2025-06-23,0.14853860971639854
2025-06-24,0.14881213037243543
2025-06-25,0.1466725298065097
2025-06-26,0.1464251617667842
2025-06-27,0.14599430877359615
2025-06-30,0.14600043312518793
2025-07-01,0.13179478935023312
2025-07-02,0.11496615675170226
2025-07-03,0.10979705855878025
2025-07-04,0.10754609858122996
2025-07-07,0.09285328398514672
2025-07-08,0.08680823908285407
2025-07-09,0.08566727980651699
2025-07-10,0.07825706571946
2025-07-11,0.07804225717875031
2025-07-14,0.07650713526811456
2025-07-15,0.07492144285503345
2025-07-16,0.07718767313430673
2025-07-17,0.07962270064825232
2025-07-18,0.07915725231301762
2025-07-21,0.07112376843299907
2025-07-22,0.07084965331856867
2025-07-23,0.071091945462944
2025-07-24,0.07110007593642846
2025-07-25,0.07088723600015202
2025-07-28,0.07128190052678787
2025-07-29,0.07130090822638215
2025-07-30,0.06826551910311585
2025-07-31,0.06834796290063046
2025-08-01,0.07867471792333482
2025-08-04,0.07957772230257347
2025-08-05,0.07770930070584546
2025-08-06,0.07770632714020927
2025-08-07,0.06969256304691102
2025-08-08,0.06938540888166965
2025-08-11,0.06956160935786998
2025-08-12,0.0695029350776674
2025-08-13,0.06902515765500422
2025-08-14,0.06898845336868085
2025-08-15,0.06939435647813709
2025-08-18,0.06861074729631074
2025-08-19,0.06790985470800891
2025-08-20,0.06733160502573143
2025-08-21,0.06675968174941618
2025-08-22,0.06661558780489925
2025-08-25,0.06668517283587755
2025-08-26,0.06648805656208409
2025-08-27,0.06696294517859998
2025-08-28,0.06671567305263568
2025-08-29,0.06628090477074433
2025-09-01,0.06632271425355844
2025-09-02,0.0683825297486393
2025-09-03,0.06882571459744272
2025-09-04,0.06973422911254151
2025-09-05,0.07009010449786515
2025-09-08,0.07042670745470528
2025-09-09,0.06969823153866218
2025-09-10,0.06955183612233759
2025-09-11,0.06968252962451522
2025-09-12,0.06966062811744195
2025-09-15,0.06965356688212014
2025-09-16,0.06957127101500085
2025-09-17,0.06955496420978208
2025-09-18,0.07077783939025878
2025-09-19,0.0700316343824798
2025-09-22,0.07003314153856316
2025-09-23,0.0700328032893908
2025-09-24,0.06948957462301462
2025-09-25,0.06948633968559105
2025-09-26,0.06930680183536073
2025-09-29,0.06932352833977454
2025-09-30,0.06877875638816566
2025-10-01,0.0688149657147084
2025-10-02,0.06896323479383719
2025-10-03,0.06899707656077633
2025-10-06,0.06884458632943595
2025-10-07,0.06857706699334135
2025-10-08,0.06870548939354647
2025-10-09,0.0687034696629586
2025-10-10,0.073145402865356
2025-10-13,0.07137944850533938
2025-10-14,0.06827951242789825
2025-10-15,0.06846939894695096
2025-10-16,0.06846493561774304
2025-10-17,0.07035473924482231
2025-10-20,0.07296038362133199
2025-10-21,0.07313184612730192
2025-10-22,0.07388631757810485
2025-10-23,0.07345157316839947
2025-10-24,0.07368210502405048
2025-10-27,0.07390491972947615
2025-10-28,0.07384553704888208
2025-10-29,0.062324472597050276
2025-10-30,0.06097579073600761
2025-10-31,0.0608938916414654
2025-11-03,0.06086396330750655
2025-11-04,0.06131918685451846
2025-11-05,0.06132284928061973
2025-11-06,0.06415415831881323
2025-11-07,0.06718461699890407
2025-11-10,0.07132195216671555
2025-11-11,0.07113048434455488
2025-11-12,0.0710418690063571
2025-11-13,0.07404936268254404
2025-11-14,0.07418605527336437
2025-11-17,0.0738479707638881
2025-11-18,0.07626864907310252
2025-11-19,0.07570084832841717
2025-11-20,0.0759689410954394
2025-11-21,0.07703816705284422
2025-11-24,0.07786641967482666
2025-11-25,0.07795385668813488
2025-11-26,0.07834829145251604
2025-11-27,0.07835448149814601
2025-11-28,0.07650766244035136
2025-12-01,0.07644943867869451
2025-12-02,0.07568043040167231
2025-12-03,0.0753179500001616
2025-12-04,0.07503678144319786
2025-12-05,0.0751376081983818
2025-12-08,0.07483531157308083
2025-12-09,0.07461103049574219
2025-12-10,0.07470284892981535
2025-12-11,0.07490404395567934
2025-12-12,0.07457185129351204
2025-12-15,0.07455280143125878
2025-12-16,0.0736726991146198
2025-12-17,0.07402532237170466
2025-12-18,0.07564147838678474
2025-12-19,0.07569598291199654
2025-12-22,0.0756572818879713
2025-12-23,0.07567255395781856
2025-12-24,0.07567265985766132
2025-12-25,0.07561129946515956
2025-12-26,0.07543699203956698
2025-12-29,0.07488181819349649
2025-12-30,0.0747058488313312
2025-12-31,0.07459170481128036
