,portfolio_return
2021-01-01,0.0
2021-01-04,-0.0040790954666710955
2021-01-05,0.0031893936176258185
2021-01-06,0.007718259581034293
2021-01-07,0.006962970576558336
2021-01-08,0.004769586730701142
2021-01-11,0.0018972011176547343
2021-01-12,-0.0007440799244119945
2021-01-13,0.0015913652202772604
2021-01-14,0.0031207928819738245
2021-01-15,-0.0037344967918228776
2021-01-18,-0.0006023928213335084
2021-01-19,-0.0004574667456188675
2021-01-20,0.00883482113685588
2021-01-21,-0.0005706994712860181
2021-01-22,-0.003714116639029974
2021-01-25,0.0003129870225968001
2021-01-26,0.0013846747438154116
2021-01-27,-0.009668109780750417
2021-01-28,0.0020054428783761015
2021-01-29,-0.013474463806112285
2021-02-01,0.007763043968406713
2021-02-02,0.015345271811272435
2021-02-03,0.0009186065624788977
2021-02-04,0.0059843834998538695
2021-02-05,0.0020135461053602324
2021-02-08,0.002308474306835173
2021-02-09,0.0009297108694009196
2021-02-10,-0.0023275018309749512
2021-02-11,0.004020383379195708
2021-02-12,0.001709033435846234
2021-02-15,0.00498843118604364
2021-02-16,-0.0013379674166384304
2021-02-17,-0.003918113884522556
2021-02-18,-0.004222062307267974
2021-02-19,0.0029596412836419674
2021-02-22,-0.005174643196808604
2021-02-23,-0.006172615191465494
2021-02-24,0.006297898943780763
2021-02-25,-0.0068897139233423275
2021-02-26,-0.004367040859871415
2021-03-01,0.011947174553108397
2021-03-02,-0.005040519404622096
2021-03-03,-0.0028606925228408103
2021-03-04,-0.007496176891950407
2021-03-05,-0.006562215731957271
2021-03-08,0.01864376229988235
2021-03-09,0.0050941584436198116
2021-03-10,0.0019370336602331395
2021-03-11,0.0069568275075762185
2021-03-12,-0.002074639355696584
2021-03-15,0.0037147963865442613
2021-03-16,0.005939025344654616
2021-03-17,-0.004260034621983239
2021-03-18,0.0007662853801769175
2021-03-19,-0.0047050486289796495
2021-03-22,0.0018258979242337658
2021-03-23,-0.0003486590570578401
2021-03-24,-0.0015165413024787772
2021-03-25,-0.0011621621610614584
2021-03-26,0.008879014190580348
2021-03-29,0.002189955825836032
2021-03-30,0.0034550625414744214
2021-03-31,0.0027709348155126904
2021-04-01,0.003799706600195754
2021-04-02,-3.3445192302306026e-06
2021-04-05,-3.3445188845904195e-06
2021-04-06,0.004998075381953182
2021-04-07,-0.0027396817512004234
2021-04-08,0.0037518630573126683
2021-04-09,0.0014040455249976825
2021-04-12,-0.0003447065103004687
2021-04-13,0.00023813412593225733
2021-04-14,-0.0002907029557042501
2021-04-15,0.002807140993547619
2021-04-16,0.0019693309541250316
2021-04-19,-0.004459529190718514
2021-04-20,-0.010631337745038216
2021-04-21,0.0066923495563910584
2021-04-22,0.004040738811188741
2021-04-23,2.292651052075408e-05
2021-04-26,0.0015175943536688274
2021-04-27,-0.0006550424791373743
2021-04-28,0.00046343990263931773
2021-04-29,-0.0010459073034486787
2021-04-30,-0.0004268141519402802
2021-05-03,0.0019827751924458292
2021-05-04,-0.008153921891014914
2021-05-05,0.00919248211164839
2021-05-06,-0.005591748632368265
2021-05-07,0.0058830063441660365
2021-05-10,-0.0008639210211796311
2021-05-11,-0.012327607751282993
2021-05-12,-0.004751244064008
2021-05-13,0.00038320782276870244
2021-05-14,0.0057596901198825375
2021-05-17,-0.002699265866950684
2021-05-18,0.000883662074845587
2021-05-19,-0.009920730616193144
2021-05-20,0.011508579886698855
2021-05-21,0.0031212908708877192
2021-05-24,-3.3491277848518575e-06
2021-05-25,0.0009477744518539665
2021-05-26,0.0027874455495171314
2021-05-27,0.0030605038157707045
2021-05-28,0.002829937108995745
2021-05-31,-0.004288332589916205
2021-06-01,0.00316209604642681
2021-06-02,0.002587016703625439
2021-06-03,-0.0004455030738401089
2021-06-04,0.0018025053992602735
2021-06-07,-0.0009121918049506683
2021-06-08,0.0010797298705259085
2021-06-09,0.00036738237208716325
2021-06-10,0.0011684876050447907
2021-06-11,0.004495546074699647
2021-06-14,-0.000801241676893466
2021-06-15,7.632119611619969e-05
2021-06-16,0.0018413033538534768
2021-06-17,0.004642285963451615
2021-06-18,-0.008196129958867107
2021-06-21,0.00272548750055146
2021-06-22,0.0039025474686817025
2021-06-23,-0.0018914712201767603
2021-06-24,0.004689318459128272
2021-06-25,0.0013803579019616874
2021-06-28,-4.7917676403025355e-05
2021-06-29,0.003771269995169288
2021-06-30,0.00023487216912989608
2021-07-01,0.002119457110519454
2021-07-02,0.00370974714141159
2021-07-05,0.0014244504534998703
2021-07-06,-0.0011476825589240402
2021-07-07,0.0039766319463565795
2021-07-08,-0.010776871725664296
2021-07-09,0.008903815707684486
2021-07-12,0.002547358718130499
2021-07-13,0.0038577957670667407
2021-07-14,-0.0026918605042169476
2021-07-15,-0.0022158722721319912
2021-07-16,-0.00254417638259575
2021-07-19,-0.011906010581695714
2021-07-20,0.00877153409594984
2021-07-21,0.00603407683232457
2021-07-22,0.003990415899905819
2021-07-23,0.007670509529790659
2021-07-26,-0.001354642864345168
2021-07-27,-0.006334777149966425
2021-07-28,0.004943670720973697
2021-07-29,0.0005042133839108981
2021-07-30,-0.0024882954453984475
2021-08-02,0.00246106540434321
2021-08-03,-0.0011351487001762806
2021-08-04,0.0027580485708373764
2021-08-05,0.003532227498738838
2021-08-06,0.0032712287582168987
2021-08-09,0.0009903681021375954
2021-08-10,0.0023085662207433743
2021-08-11,-0.00027951671789835654
2021-08-12,0.0013565179155361818
2021-08-13,-0.0010048747376043498
2021-08-16,-0.00195670458727773
2021-08-17,0.0014668543562186497
2021-08-18,0.00023523383314150712
2021-08-19,-0.006915938836000754
2021-08-20,0.004163815178507754
2021-08-23,0.004264265332559247
2021-08-24,0.0010607298455926478
2021-08-25,-1.2001938395830858e-05
2021-08-26,-0.002865052986827245
2021-08-27,0.0025540772479254294
2021-08-30,0.0030105652576783992
2021-08-31,-0.0018460712232129055
2021-09-01,2.5133078501217453e-05
2021-09-02,0.002445457947653787
2021-09-03,-0.0006818640801560846
2021-09-06,0.0040969493651688005
2021-09-07,-0.004210385307557282
2021-09-08,-0.002310883651823095
2021-09-09,0.0022101414909044353
2021-09-10,-0.003932650599054029
2021-09-13,-0.0008915112883253196
2021-09-14,-0.001554068161544224
2021-09-15,-0.001837574173387227
2021-09-16,0.0029739962197109504
2021-09-17,-0.0022559468771248675
2021-09-20,-0.01140307383513725
2021-09-21,0.005497646848281213
2021-09-22,0.004179136888163288
2021-09-23,0.0065370148105879985
2021-09-24,-0.002057482754723258
2021-09-27,0.0011790165711980105
2021-09-28,-0.013776381787106709
2021-09-29,0.005482017959200053
2021-09-30,-0.0011627458005599028
2021-10-01,-0.0037150050445952073
2021-10-04,-0.007962889296180498
2021-10-05,0.011692053604167595
2021-10-06,-0.005062077620819336
2021-10-07,0.014586229956961372
2021-10-08,-0.0032190359338639786
2021-10-11,0.0015628341863683226
2021-10-12,-0.004059857799567285
2021-10-13,-0.0023731323359479084
2021-10-14,0.011852224946750445
2021-10-15,0.005568709780974945
2021-10-18,-4.1665137521462725e-05
2021-10-19,0.0031997643581824
2021-10-20,0.00195832593438412
2021-10-21,-0.0015469196767149446
2021-10-22,-0.0002877208352846383
2021-10-25,0.004413931815294925
2021-10-26,0.004475245806548456
2021-10-27,-0.0038986319808648638
2021-10-28,-0.001707583937935958
2021-10-29,0.0055342933748980085
2021-11-01,0.0014066911565483453
2021-11-02,0.002864848974827694
2021-11-03,0.0005318744450888091
2021-11-04,0.004888128891536431
2021-11-05,0.003351605096544491
2021-11-08,-0.0017591036204257227
2021-11-09,-0.0028243125301559537
2021-11-10,0.0026878796792306147
2021-11-11,0.0006615504005107242
2021-11-12,0.004250533147009894
2021-11-15,0.0028036709103810287
2021-11-16,0.006413628563135887
2021-11-17,-0.0014652998562239422
2021-11-18,-0.002652285989917888
2021-11-19,0.003050793612920766
2021-11-22,0.0028093167000299846
2021-11-23,-0.00907694394418238
2021-11-24,0.006053534328909743
2021-11-25,0.0019074190028750882
2021-11-26,-0.020973801262193913
2021-11-29,0.0077755488568651
2021-11-30,-0.009794682189862939
2021-12-01,0.006594659603965544
2021-12-02,-0.010973415958476802
2021-12-03,-0.0020924862703998294
2021-12-06,0.006979100784447578
2021-12-07,0.01708683685176591
2021-12-08,-0.006090185043505517
2021-12-09,0.0023619730437401593
2021-12-10,-0.003720655954388155
2021-12-13,-0.0008180532582432454
2021-12-14,-0.005636995679164014
2021-12-15,0.0014997170500983148
2021-12-16,0.007837436060804333
2021-12-17,-0.004112882278917746
2021-12-20,-0.014502489634809629
2021-12-21,0.012142704244277158
2021-12-22,0.005652811606412234
2021-12-23,0.00713878245341556
2021-12-24,-1.9965646611735943e-05
2021-12-27,0.003844539226487531
2021-12-28,0.003465490110444447
2021-12-29,-0.0030198760244265765
2021-12-30,0.002130519445441459
2021-12-31,-0.0013238685080752405
2022-01-03,-0.0012871716970107305
2022-01-04,0.0031866933673035946
2022-01-05,-0.0024321107913006456
2022-01-06,-0.010032871090613746
2022-01-07,-0.004429073403301086
2022-01-10,-0.008332934737811881
2022-01-11,0.007633872475874087
2022-01-12,0.0022614313073734153
2022-01-13,-0.0025119345766186395
2022-01-14,-0.008218803345986478
2022-01-17,0.004275601505857984
2022-01-18,-0.007446092353947054
2022-01-19,-0.004001775256312341
2022-01-20,0.005064105140183309
2022-01-21,-0.01538888376057465
2022-01-24,-0.024251984567760287
2022-01-25,0.007244905910500227
2022-01-26,0.012030097921898481
2022-01-27,0.005265849595297595
2022-01-28,-0.006058581726645351
2022-01-31,0.010755565387520483
2022-02-01,0.004884694622019869
2022-02-02,0.001319563440056246
2022-02-03,-0.012046137313425055
2022-02-04,-0.0064105372515140605
2022-02-07,0.002889839510074066
2022-02-08,0.0028110240169235755
2022-02-09,0.00807716505247599
2022-02-10,-0.0024302801768038562
2022-02-11,-0.0036785550353729056
2022-02-14,-0.0049894365680962505
2022-02-15,0.004126292186101326
2022-02-16,-0.0031923690591505833
2022-02-17,-0.003118039840775148
2022-02-18,-0.006295643969923503
2022-02-21,-0.006647221409666181
2022-02-22,0.0007877085707590492
2022-02-23,-0.003479910644262074
2022-02-24,-0.006782040735322473
2022-02-25,0.017744393300547306
2022-02-28,0.004489709797764463
2022-03-01,-0.004122517970839416
2022-03-02,0.007209051049030158
2022-03-03,-0.0011128694927752146
2022-03-04,-0.004189815767871231
2022-03-07,-0.0031787461669760208
2022-03-08,-0.011004515098868843
2022-03-09,0.006667328931199849
2022-03-10,-0.005861837711685174
2022-03-11,0.008477968442958363
2022-03-14,-0.007623471793821756
2022-03-15,0.007654802964280518
2022-03-16,0.008657302410745608
2022-03-17,0.002000456465492051
2022-03-18,0.009618274300870077
2022-03-21,0.0020003872337311934
2022-03-22,0.007898901164597514
2022-03-23,-0.0014108782468597635
2022-03-24,0.0008041679042809967
2022-03-25,0.00395971745826001
2022-03-28,0.0014768243326184426
2022-03-29,0.00334305040414584
2022-03-30,-0.0030138089700099853
2022-03-31,0.0004724360522229687
2022-04-01,-0.001658128034325836
2022-04-04,0.006992065540364755
2022-04-05,0.0018129866847871822
2022-04-06,-0.011124893140888823
2022-04-07,-0.0010547253232023562
2022-04-08,0.00733921694047269
2022-04-11,-0.00850622739953294
2022-04-12,0.002108172955735263
2022-04-13,-0.0019065502710607818
2022-04-14,0.0037325475191405215
2022-04-15,-3.1081366357765814e-06
2022-04-18,-3.1081362968587985e-06
2022-04-19,3.0506065563251638e-05
2022-04-20,0.0010875941435486225
2022-04-21,-0.0002765311067754943
2022-04-22,-0.015267502691695481
2022-04-25,-0.008446109874669337
2022-04-26,-0.0011229299672276493
2022-04-27,0.006169737041460763
2022-04-28,0.004111417935050612
2022-04-29,0.0009823200471483495
2022-05-02,-0.012182778272711303
2022-05-03,0.007135872524283016
2022-05-04,-0.007676872167536416
2022-05-05,0.002009773382717178
2022-05-06,-0.0097219042134838
2022-05-09,-0.01440109889109129
2022-05-10,-0.0033239072536248924
2022-05-11,0.007499065219868282
2022-05-12,-0.004992588105790327
2022-05-13,0.014416133113123493
2022-05-16,-0.0031378593167009305
2022-05-17,0.002759353188474668
2022-05-18,-0.008237406273107824
2022-05-19,-0.010469546908226183
2022-05-20,-0.0018711650338251516
2022-05-23,0.005657939413702051
2022-05-24,-0.01357727520857577
2022-05-25,0.0104268426603136
2022-05-26,0.008998865800540731
2022-05-27,0.01146856187221346
2022-05-30,0.0025840867038094736
2022-05-31,-0.005906099760987598
2022-06-01,-5.6677733390448834e-05
2022-06-02,0.0007717492007123449
2022-06-03,-0.001796455907869705
2022-06-06,0.004934025853288282
2022-06-07,-0.0014422917237935096
2022-06-08,0.0011312609171096454
2022-06-09,-0.005230477707480362
2022-06-10,-0.01728713546833465
2022-06-13,-0.015438715263462176
2022-06-14,-0.004310113056392164
2022-06-15,0.004279999269873979
2022-06-16,-0.018181694238043212
2022-06-17,0.0009052950603352771
2022-06-20,0.0025901988590236067
2022-06-21,0.006106559341869005
2022-06-22,-0.0006878390610371187
2022-06-23,-0.0003588941860043376
2022-06-24,0.014212034750158463
2022-06-27,0.0013039813422468737
2022-06-28,-0.0006499176031192133
2022-06-29,-0.0029684132640113315
2022-06-30,-0.007074786813004735
2022-07-01,0.0031670004082549287
2022-07-04,0.001872802259942774
2022-07-05,-0.00013650754110618445
2022-07-06,0.011874145042295213
2022-07-07,0.011847853631774896
2022-07-08,0.0028178698396739863
2022-07-11,-0.0016756530182129303
2022-07-12,0.0004666101270032184
2022-07-13,-0.0071554369469493655
2022-07-14,-0.005950870367044882
2022-07-15,0.012014484773387861
2022-07-18,0.0016692809451068769
2022-07-19,-7.495507432749184e-05
2022-07-20,0.008068207960684836
2022-07-21,0.0013290369875678264
2022-07-22,-0.0007733026132916013
2022-07-25,0.0005342948962850035
2022-07-26,-0.0004242811876404185
2022-07-27,0.005273929429413067
2022-07-28,0.007932664011739398
2022-07-29,0.0051298452986599085
2022-08-01,0.002125441362987956
2022-08-02,0.0002321300938855053
2022-08-03,0.005943172096004932
2022-08-04,-0.001979326737474822
2022-08-05,0.0008403671950858215
2022-08-08,0.004446614802867765
2022-08-09,-0.0066131716474215705
2022-08-10,0.004523694898647854
2022-08-11,0.0037696018221387304
2022-08-12,0.00595830743231663
2022-08-15,0.00666429653713112
2022-08-16,0.002631953236786404
2022-08-17,-0.004801890661671486
2022-08-18,0.004568956588225678
2022-08-19,-0.004288109259721977
2022-08-22,-0.003736323908951766
2022-08-23,-0.004427240169449755
2022-08-24,0.002675788764285598
2022-08-25,0.002380655333014022
2022-08-26,-0.008293708349969741
2022-08-29,-0.010628055327192387
2022-08-30,-0.006715154167282698
2022-08-31,-0.004462942362636427
2022-09-01,-0.004012706721793096
2022-09-02,0.008280767760285645
2022-09-05,-0.003980326415204583
2022-09-06,-0.0014337609004559848
2022-09-07,-0.002396107219239569
2022-09-08,0.008725813779780777
2022-09-09,0.0045768526512848014
2022-09-12,0.0038524428585186895
2022-09-13,-0.009418479811915754
2022-09-14,-0.0037841580318099693
2022-09-15,-0.003752601561031016
2022-09-16,-0.010683721389329081
2022-09-19,0.0014156267457937632
2022-09-20,-0.0010651572954674968
2022-09-21,0.00799607910699987
2022-09-22,-0.012918496609037686
2022-09-23,-0.00423995093771307
2022-09-26,0.0009129466914831851
2022-09-27,-0.001217060646067429
2022-09-28,0.0016506458411859424
2022-09-29,-0.014571763768946333
2022-09-30,0.0035931462450992844
2022-10-03,0.0011851738713331006
2022-10-04,0.012066907416309083
2022-10-05,-0.0026237457191150963
2022-10-06,0.005687726756504913
2022-10-07,-0.010888603838612648
2022-10-10,-0.004104112390205072
2022-10-11,-0.0029015086086141414
2022-10-12,-0.002889994894315484
2022-10-13,0.002556038007980097
2022-10-14,-0.00013293745278029174
2022-10-17,0.00620207495973708
2022-10-18,0.0002435657542981623
2022-10-19,0.0026168834418428787
2022-10-20,0.0027583857741461035
2022-10-21,-0.0034669957219265832
2022-10-24,0.00767843124623404
2022-10-25,0.005914829483220503
2022-10-26,-0.0005453851783190336
2022-10-27,-0.0013007348328111451
2022-10-28,0.0035885449251102024
2022-10-31,0.004071083593011359
2022-11-01,0.0008905351497284275
2022-11-02,-0.004068374594924586
2022-11-03,-0.006528621515161861
2022-11-04,-0.006258945913723712
2022-11-07,0.0032974719185389634
2022-11-08,0.00559274423162798
2022-11-09,-0.007158831085353432
2022-11-10,0.01452425958402109
2022-11-11,-0.0025989617401732
2022-11-14,0.0023484803288148504
2022-11-15,0.0029992031635888705
2022-11-16,-0.007978735726448383
2022-11-17,-0.0031462121667790387
2022-11-18,0.005598300552383606
2022-11-21,0.0020767690074777745
2022-11-22,0.004474520287094499
2022-11-23,0.002279690866302353
2022-11-24,0.0018064142908546632
2022-11-25,-0.0018797216584742274
2022-11-28,-0.004866619018355778
2022-11-29,-0.0031178710714021033
2022-11-30,0.0037501790191604408
2022-12-01,0.006998068263348837
2022-12-02,-0.00400877092389829
2022-12-05,-0.005585056708210828
2022-12-06,-0.007925968896026783
2022-12-07,-0.003181417497727805
2022-12-08,4.544346856320963e-05
2022-12-09,0.0023480969088497754
2022-12-12,-0.002655472226567507
2022-12-13,0.009026360427436183
2022-12-14,-0.002237771383433676
2022-12-15,-0.021994977490006867
2022-12-16,-0.0067873269860108274
2022-12-19,-0.002322753172060543
2022-12-20,-0.00343682812757877
2022-12-21,0.011466711393293225
2022-12-22,-0.009850451816570705
2022-12-23,0.0022249400727081398
2022-12-26,-3.3295680920697457e-06
2022-12-27,-0.0013843814971733759
2022-12-28,-0.0030304189837104005
2022-12-29,0.005307967955091001
2022-12-30,-0.005428421762713856
2023-01-02,0.01281398051136634
2023-01-03,-0.005386173514670953
2023-01-04,0.006890337067763981
2023-01-05,-0.004124299593114053
2023-01-06,0.0065460762732893075
2023-01-09,0.0034467421337190385
2023-01-10,-0.006775972144445437
2023-01-11,0.005973651134558998
2023-01-12,0.002163816814709156
2023-01-13,0.002266524716717379
2023-01-16,0.002657814832178418
2023-01-17,0.0032416444180854097
2023-01-18,-0.002784512948609491
2023-01-19,-0.008960969236072825
2023-01-20,0.002983121004486111
2023-01-23,0.00889296894329833
2023-01-24,-0.0006729922266794711
2023-01-25,-0.004696976928770849
2023-01-26,0.0072114321791816064
2023-01-27,0.005657007749453968
2023-01-30,-0.003880028138657843
2023-01-31,-0.0002723865550013984
2023-02-01,-0.0007679140339196367
2023-02-02,0.016182699127774404
2023-02-03,0.002510477170441168
2023-02-06,-0.0037253179328901043
2023-02-07,0.000980959102644477
2023-02-08,-0.0008075537991350233
2023-02-09,0.0015658316545604802
2023-02-10,-0.0028316381406517767
2023-02-13,0.0036075660727489245
2023-02-14,-0.003303320460062038
2023-02-15,0.004293199468607895
2023-02-16,-0.0002712836179320999
2023-02-17,-0.007016860223037498
2023-02-20,0.0008527948709713962
2023-02-21,-0.006456579125862784
2023-02-22,-0.00021353199416387081
2023-02-23,0.00012685757241768654
2023-02-24,-0.003446098072018977
2023-02-27,0.003210065914171001
2023-02-28,-0.002435824524949633
2023-03-01,-0.006346971772292454
2023-03-02,0.002879306181225556
2023-03-03,0.010410833575862682
2023-03-06,0.002666256301087633
2023-03-07,-0.003739459449870028
2023-03-08,-0.00039397491794192495
2023-03-09,0.0003866884231094603
2023-03-10,-0.013444134543282459
2023-03-13,-0.01312851925430053
2023-03-14,0.00900164231007164
2023-03-15,-0.005161435093511059
2023-03-16,0.007173557702769566
2023-03-17,-0.003538141931958874
2023-03-20,0.000813981054145485
2023-03-21,0.005657977907757084
2023-03-22,0.0005756690798177199
2023-03-23,-0.004225167908511589
2023-03-24,-0.0015899495440217667
2023-03-27,0.004195199753288081
2023-03-28,-0.0035873828812848117
2023-03-29,0.00578186852008026
2023-03-30,0.0032735985292495196
2023-03-31,0.0071239571246856075
2023-04-03,0.0023722258519442985
2023-04-04,-0.003725694875017878
2023-04-05,-0.001045344699375845
2023-04-06,0.0007278871913975291
2023-04-07,-3.323552271394803e-06
2023-04-10,-3.323551899775401e-06
2023-04-11,0.0027673000163148664
2023-04-12,-0.002602241119871271
2023-04-13,-0.0007860761000538598
2023-04-14,0.004512428075479718
2023-04-17,0.002815993377158321
2023-04-18,0.0014122756085876418
2023-04-19,-0.001548870696761054
2023-04-20,-0.0019890536619146327
2023-04-21,-0.0016789519068014249
2023-04-24,-0.002368468664515039
2023-04-25,-0.00025240280094400083
2023-04-26,-0.00617991351257024
2023-04-27,0.0032311177399442074
2023-04-28,0.006577646959796644
2023-05-01,-3.326307602857792e-06
2023-05-02,-0.005123524316149819
2023-05-03,-0.00024954983871632096
2023-05-04,-0.004139050039554474
2023-05-05,0.007793832232997605
2023-05-08,0.0018671367226144042
2023-05-09,0.001522183998380651
2023-05-10,-0.0003015988913493778
2023-05-11,0.00207463011184826
2023-05-12,0.002184218497630723
2023-05-15,0.001600665852415195
2023-05-16,-0.0017197196088677043
2023-05-17,0.0020020066101939793
2023-05-18,0.008017408062667975
2023-05-19,-7.87960507617479e-06
2023-05-22,0.0020888340562414953
2023-05-23,-0.001879198475345943
2023-05-24,-0.010238561247489033
2023-05-25,0.0014093014151754456
2023-05-26,0.00888040246338763
2023-05-29,0.002866300370843289
2023-05-30,-0.0020531835585531205
2023-05-31,-0.003573268558664939
2023-06-01,0.0033819855248376197
2023-06-02,0.011106670897904463
2023-06-05,0.0011353793503847132
2023-06-06,0.0012532446077058626
2023-06-07,-0.0017107634489521566
2023-06-08,-0.0032915270627172136
2023-06-09,0.003348175338822123
2023-06-12,0.0017695026887612486
2023-06-13,0.0051011550199922505
2023-06-14,0.0005140679263651664
2023-06-15,-0.002502228574448928
2023-06-16,0.0038718054107944946
2023-06-19,-0.004173850487664388
2023-06-20,-0.0018684431994723527
2023-06-21,-0.0023922276825941525
2023-06-22,-0.0024020173620430477
2023-06-23,0.0007080198632453253
2023-06-26,-0.0011915699636582955
2023-06-27,-0.0012435929500801413
2023-06-28,0.006734593727470603
2023-06-29,0.002386705818646879
2023-06-30,0.0054703825493465155
2023-07-03,0.0012680935416779504
2023-07-04,0.0003818981960814462
2023-07-05,-0.00030697166029291096
2023-07-06,-0.011707978322782881
2023-07-07,-0.0006117012922309623
2023-07-10,-0.002434306405421277
2023-07-11,0.002384909091242391
2023-07-12,0.00400598286500597
2023-07-13,0.0008079960964692323
2023-07-14,-0.00026464496105309753
2023-07-17,-0.000413069949814715
2023-07-18,0.004776274260982241
2023-07-19,0.0044699064744638485
2023-07-20,0.00041421508432002633
2023-07-21,0.0018797880861258296
2023-07-24,0.0024218518253787402
2023-07-25,0.0033206557575613726
2023-07-26,-0.0030853322313649746
2023-07-27,0.009741733844547126
2023-07-28,-0.001248864677880236
2023-07-31,0.0002535533877188745
2023-08-01,-0.0011999842051025889
2023-08-02,-0.0065218190721398955
2023-08-03,-0.00402942096271953
2023-08-04,-0.00031082380448425043
2023-08-07,-0.001213464839505074
2023-08-08,-0.0012103878702175892
2023-08-09,0.0008316553508940379
2023-08-10,0.0025496039318985662
2023-08-11,-0.004280807369445019
2023-08-14,0.003348673887725473
2023-08-15,-0.004677640385149033
2023-08-16,-0.0005868578470247604
2023-08-17,-0.004263483200845789
2023-08-18,-0.004265584839242529
2023-08-21,-0.0005015856024908338
2023-08-22,0.007267400207077304
2023-08-23,0.0045524751916237675
2023-08-24,-0.0022831619723379577
2023-08-25,-0.00011040944492466949
2023-08-28,0.004386542522097303
2023-08-29,0.005558433170256163
2023-08-30,-0.0011181060957015758
2023-08-31,0.005705957705794641
2023-09-01,0.002105293983393426
2023-09-04,-0.0002869879756384752
2023-09-05,0.00205326210826112
2023-09-06,-0.005724435565967173
2023-09-07,0.0006496143618659189
2023-09-08,0.0016825565100044072
2023-09-11,-0.0003601440118540522
2023-09-12,0.001139241323347128
2023-09-13,-0.0005368332517799092
2023-09-14,0.008088611154595596
2023-09-15,-0.002927660405612348
2023-09-18,-0.002972556626477413
2023-09-19,-0.003116015237740786
2023-09-20,0.0023719362957471896
2023-09-21,-0.010840280311481387
2023-09-22,-0.00037742822684357774
2023-09-25,-0.00045515316885866297
2023-09-26,-0.005559804042335222
2023-09-27,0.0012174362751256698
2023-09-28,-0.0006694210628365562
2023-09-29,0.002437691077086432
2023-10-02,-0.001039885904341481
2023-10-03,-0.00895101381764232
2023-10-04,-0.0030346431634966807
2023-10-05,0.0007192005026143547
2023-10-06,0.002811319961240755
2023-10-09,0.004743959086466243
2023-10-10,0.009504378165575467
2023-10-11,-0.0015974270325535612
2023-10-12,0.004424523011403949
2023-10-13,-0.00267553116805683
2023-10-16,0.0023935848961759154
2023-10-17,-0.002928309201810121
2023-10-18,-0.003873244842425444
2023-10-19,-0.0073231421992546964
2023-10-20,-0.01154253840307969
2023-10-23,-0.0015504868297942231
2023-10-24,0.0028682994964647616
2023-10-25,-0.004289259686465466
2023-10-26,-0.004998053487730357
2023-10-27,-0.004991426695228838
2023-10-30,0.000783377970279775
2023-10-31,0.0055079984655793226
2023-11-01,0.008823301723936031
2023-11-02,0.010317367505808092
2023-11-03,0.003585233115806921
2023-11-06,-0.0025153882650961468
2023-11-07,0.00436113036810532
2023-11-08,-0.0014468040549358379
2023-11-09,0.0032462504155282247
2023-11-10,-0.002680343005230762
2023-11-13,0.004015068172073644
2023-11-14,0.004675743903080162
2023-11-15,0.0023031036668538104
2023-11-16,-0.002481456669873805
2023-11-17,0.00158275793377316
2023-11-20,0.0003166224345817481
2023-11-21,0.000646312993653042
2023-11-22,0.005193924797616603
2023-11-23,-0.0009403018143685216
2023-11-24,-0.0010594244269658867
2023-11-27,-5.821326972882401e-05
2023-11-28,-0.0017989429036910567
2023-11-29,0.0018708147081992546
2023-11-30,0.0025928258634808827
2023-12-01,0.0077906190965281365
2023-12-04,-0.0005155321421382308
2023-12-05,0.004333475180160951
2023-12-06,0.00255510862801588
2023-12-07,0.0005060515737181561
2023-12-08,0.0029872721486118763
2023-12-11,0.0017403555458288533
2023-12-12,-0.00039844307985463924
2023-12-13,0.001686669982923101
2023-12-14,0.0015146888419304988
2023-12-15,0.0040684005963970435
2023-12-18,-0.00047502711583785606
2023-12-19,0.0016031301816940556
2023-12-20,0.0030726563992434707
2023-12-21,-0.0039588161549613116
2023-12-22,0.0018902817850567923
2023-12-25,-3.3412168567725775e-06
2023-12-26,-3.3412165068025246e-06
2023-12-27,-0.0016908337659372885
2023-12-28,0.002415423410170628
2023-12-29,0.0006125970949621528
2024-01-01,-3.3423955968781005e-06
2024-01-02,-0.0009600203794095374
2024-01-03,-0.0028096013019481185
2024-01-04,-0.0019720444404363836
2024-01-05,-0.0008839330085302133
2024-01-08,0.0012646411073775066
2024-01-09,0.003963217251553441
2024-01-10,0.001147124317611581
2024-01-11,-0.0010905706248619698
2024-01-12,0.00533822785532123
2024-01-15,-1.2614665969634675e-05
2024-01-16,0.0010549638190704355
2024-01-17,-0.005754582229130202
2024-01-18,0.003220111366431527
2024-01-19,0.00160071620523715
2024-01-22,0.007338670322912355
2024-01-23,9.864120792442007e-05
2024-01-24,0.004036606500188405
2024-01-25,0.003965143279413774
2024-01-26,0.0017471300235373244
2024-01-29,0.003149831701842576
2024-01-30,0.0006089982653961629
2024-01-31,-0.0034481483001111953
2024-02-01,-0.002049024958823785
2024-02-02,0.01055929239125834
2024-02-05,-0.00018762456212242928
2024-02-06,0.001384167016911475
2024-02-07,0.0017376571582770673
2024-02-08,-0.0011343357402261987
2024-02-09,0.00032547086904479024
2024-02-12,0.005322870865292206
2024-02-13,-0.006653115502510786
2024-02-14,0.0027654991915648866
2024-02-15,0.00348957768346136
2024-02-16,0.0016905316535504532
2024-02-19,-0.0013793057191026914
2024-02-20,-0.005161663236000225
2024-02-21,-0.0018892540784917658
2024-02-22,0.012301922471482688
2024-02-23,0.0032202108662426274
2024-02-26,-0.0027273708362959836
2024-02-27,-0.0010273939129223058
2024-02-28,0.0006679668703347602
2024-02-29,0.0018001769675541428
2024-03-01,0.006157547643958596
2024-03-04,0.00016857166242723043
2024-03-05,-0.004331322490259172
2024-03-06,0.002144486793800385
2024-03-07,0.0010553703342297605
2024-03-08,0.001659594640558104
2024-03-11,-0.004546080472894121
2024-03-12,0.006274940455721296
2024-03-13,0.0015296596075814156
2024-03-14,0.0003469063566433478
2024-03-15,-0.004468871186548662
2024-03-18,0.0050981518379751845
2024-03-19,0.0009773188926337274
2024-03-20,0.0018360176674732415
2024-03-21,0.010489744995146896
2024-03-22,0.00163915658114534
2024-03-25,-0.0020958715528481275
2024-03-26,0.001589938442476227
2024-03-27,-0.001369354906865329
2024-03-28,0.0038512220378472224
2024-03-29,-3.3446506107204232e-06
2024-04-01,-3.344650265413307e-06
2024-04-02,-0.006206224699560031
2024-04-03,0.002102591708064196
2024-04-04,0.0018884577451992665
2024-04-05,-0.003956535983866903
2024-04-08,0.0005852914004271237
2024-04-09,-0.0027611362851845504
2024-04-10,0.0021765330355066836
2024-04-11,0.0002678023284500002
2024-04-12,0.003508068262136613
2024-04-15,-0.0021587118528627047
2024-04-16,-0.009976137308787773
2024-04-17,-0.002521670486519001
2024-04-18,0.0010894484960177434
2024-04-19,-0.00561506349603526
2024-04-22,0.0016398642039689992
2024-04-23,0.007807219986291638
2024-04-24,-0.0010062437749731549
2024-04-25,-0.009091725034574928
2024-04-26,0.012581227518392284
2024-04-29,0.0004910117772533584
2024-04-30,-0.001140093019475563
2024-05-01,0.0004623328860913101
2024-05-02,-0.004061006500407702
2024-05-03,0.005589315634592956
2024-05-06,0.005095351415553728
2024-05-07,0.004462382521564279
2024-05-08,-0.0006469265669623358
2024-05-09,0.0009446456893021482
2024-05-10,0.001684888019509187
2024-05-13,-0.0007411782081083451
2024-05-14,3.793256911844851e-05
2024-05-15,0.006356112031556077
2024-05-16,0.0020391110343592977
2024-05-17,-0.0023073218256678156
2024-05-20,0.0035612526905138275
2024-05-21,-0.0017549931226822108
2024-05-22,5.083197578026333e-05
2024-05-23,-0.0003916887502237787
2024-05-24,-0.00262583306678916
2024-05-27,0.0017432180837170796
2024-05-28,-0.0028984344865800983
2024-05-29,-0.0022701003640493876
2024-05-30,-0.0015575035083115083
2024-05-31,-0.00447967237279886
2024-06-03,0.005057957264449797
2024-06-04,-0.0013088293988124
2024-06-05,0.007672616229943957
2024-06-06,0.0022898460856279196
2024-06-07,0.0025761650645044374
2024-06-10,0.0020343071976303695
2024-06-11,-0.0013542913062305484
2024-06-12,0.005214101039050031
2024-06-13,0.0007691037357360209
2024-06-14,0.002518807706249257
2024-06-17,-0.00019728544455621666
2024-06-18,0.003912922029141458
2024-06-19,0.000770087634926847
2024-06-20,0.0021971854554394933
2024-06-21,-0.002429074137643486
2024-06-24,0.000947965270239548
2024-06-25,-0.0007108390716341034
2024-06-26,8.971656155606932e-06
2024-06-27,-7.187712311060301e-05
2024-06-28,0.0022076019056342573
2024-07-01,-0.0038033819536959224
2024-07-02,0.0006815995913444534
2024-07-03,0.002414113720225752
2024-07-04,0.0010787423945560564
2024-07-05,0.0007074068810140166
2024-07-08,0.0015937362946524258
2024-07-09,0.000877255091752982
2024-07-10,0.0033778384259973288
2024-07-11,-0.0009475965709107998
2024-07-12,0.0021318674770445327
2024-07-15,0.0004385090036461703
2024-07-16,0.0006036761630993758
2024-07-17,-0.007849519823142737
2024-07-18,-0.005821960046754279
2024-07-19,-0.004331108580249867
2024-07-22,0.002727247101941388
2024-07-23,0.00812233246596622
2024-07-24,-0.011468535229444594
2024-07-25,-0.0033061273505246708
2024-07-26,0.00025881045996590797
2024-07-29,0.0017123889757732491
2024-07-30,-0.00021278261812522343
2024-07-31,0.011037778897850186
2024-08-01,-0.0049292374822874855
2024-08-02,-0.024598117150601763
2024-08-05,-0.014503301511168104
2024-08-06,0.004063583440563784
2024-08-07,0.009716002361872412
2024-08-08,0.0014084666331149354
2024-08-09,0.0032194580295976495
2024-08-12,0.001336786609807683
2024-08-13,0.007429343760906437
2024-08-14,0.00262524137356363
2024-08-15,0.010072705582523428
2024-08-16,0.0009878557938557352
2024-08-19,0.0015683593907215299
2024-08-20,-0.0011013163314876951
2024-08-21,0.000574561981807098
2024-08-22,9.502512002509955e-05
2024-08-23,0.0005931054523676178
2024-08-26,-0.0003731131515360697
2024-08-27,-0.00038630550522553706
2024-08-28,0.0006058707820962767
2024-08-29,0.007493886109489228
2024-08-30,-0.0019233743045187213
2024-09-02,0.003339995693924902
2024-09-03,-0.00556559486300035
2024-09-04,-0.007367123108898857
2024-09-05,-0.0037955559475269683
2024-09-06,-0.008372962373996323
2024-09-09,0.0072954942033325865
2024-09-10,0.002599665062906464
2024-09-11,-0.0022783452649633106
2024-09-12,0.012106343312787057
2024-09-13,0.005155377705236807
2024-09-16,-0.0025299424402133175
2024-09-17,0.0039147837486520395
2024-09-18,-0.0032843731329526087
2024-09-19,0.00903246891169177
2024-09-20,-0.004389721835479868
2024-09-23,0.00463927362084926
2024-09-24,0.0010950405231206107
2024-09-25,-5.520254176566447e-06
2024-09-26,0.0012557141860439712
2024-09-27,0.0018709020798990754
2024-09-30,-0.0015007854699299328
2024-10-01,0.0017415352829562025
2024-10-02,0.0014696944291392483
2024-10-03,-0.001929789914988167
2024-10-04,0.0035617380262232268
2024-10-07,0.0018694177970290937
2024-10-08,-0.0002299524115549845
2024-10-09,0.005381094745722415
2024-10-10,0.0015978130471828
2024-10-11,0.0024987389858720454
2024-10-14,0.005154473242460045
2024-10-15,-0.0004413911629935596
2024-10-16,5.059288136212149e-05
2024-10-17,0.00571493588744717
2024-10-18,0.00010808869623282757
2024-10-21,-0.0032073647544427764
2024-10-22,0.0011338359305023166
2024-10-23,-0.002203425415425386
2024-10-24,-0.00028130259724446773
2024-10-25,0.002525486299317947
2024-10-28,2.2937427207603278e-07
2024-10-29,8.746533009222346e-05
2024-10-30,-0.003275102351928011
2024-10-31,-0.010669010347821053
2024-11-01,0.004829612935403576
2024-11-04,-0.004752558002874163
2024-11-05,0.0037002533835162167
2024-11-06,0.021756947825273383
2024-11-07,0.00452233276492231
2024-11-08,0.0058910571625958195
2024-11-11,0.0073471588099761065
2024-11-12,-0.001580768921513484
2024-11-13,0.0018883385705168135
2024-11-14,0.0010275940966988667
2024-11-15,-0.007081146899866478
2024-11-18,0.00202305594951685
2024-11-19,0.00037562293783968963
2024-11-20,0.0005476698658447188
2024-11-21,0.008379400283974745
2024-11-22,0.008006987955189032
2024-11-25,-0.0010625160041444759
2024-11-26,0.0009467358608190951
2024-11-27,-0.0057551501892902064
2024-11-28,0.0033771167124422687
2024-11-29,0.0021841917654872255
2024-12-02,0.005865996369380955
2024-12-03,0.0005185690988372571
2024-12-04,0.004490871545587133
2024-12-05,-0.0008462209266319299
2024-12-06,0.0009535362853464235
2024-12-09,-0.0022279629444124094
2024-12-10,0.0006467793333343213
2024-12-11,0.004492088000489697
2024-12-12,-0.0020424634686282165
2024-12-13,-0.0034882127663849933
2024-12-16,0.0011139163821110576
2024-12-17,-0.0025099800516595744
2024-12-18,0.0005964042010576097
2024-12-19,-0.01149001740875406
2024-12-20,0.0014209912007467796
2024-12-23,-0.0016552975925850089
2024-12-24,-0.00013441500981185294
2024-12-25,-3.3640128569434324e-06
2024-12-26,-3.364012536449801e-06
2024-12-27,0.0026467517235145843
2024-12-30,-0.005376620953196326
2024-12-31,-0.000275164870008221
2025-01-01,-3.3637126699848086e-06
2025-01-02,0.010083962278405967
2025-01-03,-0.0018185094365580647
2025-01-06,0.003595224377807571
2025-01-07,-0.00543415427971423
2025-01-08,-5.326814118354617e-05
2025-01-09,0.0005243180682213882
2025-01-10,-0.006498343370048165
2025-01-13,-0.0009429213576086504
2025-01-14,-0.001266798480948908
2025-01-15,0.011384149732560018
2025-01-16,0.0016092457535244146
2025-01-17,0.006226597653678355
2025-01-20,-0.0027776443297946596
2025-01-21,0.0011349085877707444
2025-01-22,0.004799083984760982
2025-01-23,0.0004832488683375741
2025-01-24,-0.0028214578114471533
2025-01-27,-0.010097538459757666
2025-01-28,0.0077990736131202
2025-01-29,0.0020350689767078657
2025-01-30,0.002289189752636092
2025-01-31,0.007196691413672024
2025-02-03,-0.004996361452889092
2025-02-04,-0.0006837927997845855
2025-02-05,-0.0008417525954576928
2025-02-06,0.007731334199555029
2025-02-07,-0.0016484328186666091
2025-02-10,0.0040808940380170355
2025-02-11,-0.002058759080804673
2025-02-12,-0.004071656188151212
2025-02-13,0.0038750259874851924
2025-02-14,-0.0015335843598719757
2025-02-17,0.0027136381237846674
2025-02-18,0.00018916420064277184
2025-02-19,0.0012195053823246677
2025-02-20,-0.005957738303867502
2025-02-21,0.0006121136580531733
2025-02-24,-0.0070304481221372395
2025-02-25,-0.009002784142715051
2025-02-26,0.008363881529843683
2025-02-27,0.0019160205518721578
2025-02-28,-0.0055063948049600495
2025-03-03,0.0009422542078666996
2025-03-04,-0.02199841936127791
2025-03-05,-0.012175828772316977
2025-03-06,-0.0010348131501339286
2025-03-07,-0.011548138302347983
2025-03-10,-0.0048183337547873795
2025-03-11,-0.012782028926088457
2025-03-12,0.007666400116047381
2025-03-13,-0.003904325224211999
2025-03-14,0.008005720706022188
2025-03-17,0.0032391255481872827
2025-03-18,-0.003123285769172901
2025-03-19,0.00721370086734133
2025-03-20,0.003162706480572272
2025-03-21,-0.0009144223473819074
2025-03-24,0.010695184627210641
2025-03-25,0.0006460312018737535
2025-03-26,-0.0033758057719489613
2025-03-27,-0.00419606494355895
2025-03-28,-0.01243739318660054
2025-03-31,-0.004054112885106709
2025-04-01,0.00786488490488885
2025-04-02,-0.0010783577557962165
2025-04-03,-0.030830696682186767
2025-04-04,-0.031078873875540966
2025-04-07,-0.016163030267314943
2025-04-08,0.013377815493918255
2025-04-09,-0.0254644004893727
2025-04-10,0.017977480277266807
2025-04-11,-0.005746240965950699
2025-04-14,0.018949491950529085
2025-04-15,0.007116923401212294
2025-04-16,-0.006496612296939053
2025-04-17,-0.006625146043216015
2025-04-18,-3.290539765415934e-06
2025-04-21,-3.2905393564930385e-06
2025-04-22,-0.004198175921638264
2025-04-23,0.018556678365539904
2025-04-24,0.006768082640172113
2025-04-25,0.002913207498146092
2025-04-28,0.0011641497739589002
2025-04-29,0.0037381828829644663
2025-04-30,0.0025967396049683955
2025-05-01,0.0005608044151114999
2025-05-02,0.011366995203920593
2025-05-05,0.0007665676156504597
2025-05-06,-0.002646137975666919
2025-05-07,-0.0022612034142945026
2025-05-08,0.009411493682906587
2025-05-09,-0.0005629315201532414
2025-05-12,0.017808144255515423
2025-05-13,0.003730740105492657
2025-05-14,-0.0013989063803491087
2025-05-15,0.0021463782360072103
2025-05-16,0.004518405730272918
2025-05-19,-0.003140180297360684
2025-05-20,0.000992048221485514
2025-05-21,-0.00465443446286467
2025-05-22,-0.00449073394080084
2025-05-23,-0.0056535642119173125
2025-05-26,0.0051249680512080115
2025-05-27,0.00553982505291064
2025-05-28,0.0010412238784777883
2025-05-29,-0.002332852088274628
2025-05-30,0.00010076841338996445
2025-06-02,-0.0027653312845159483
2025-06-03,0.007797480224612704
2025-06-04,0.0004431232059762879
2025-06-05,3.393047252846283e-05
2025-06-06,0.0022245273536722807
2025-06-09,-1.946871545513984e-05
2025-06-10,0.00045736816570252526
2025-06-11,-8.563403289428394e-05
2025-06-12,-0.004528568705365224
2025-06-13,-0.0038500987810598216
2025-06-16,0.002421867644498099
2025-06-17,-0.0006228037573785449
2025-06-18,0.00016209933707583504
2025-06-19,-0.005055640604777571
2025-06-20,0.002088374679219118
2025-06-23,-0.0012827521703678622
2025-06-24,0.005895700903830576
2025-06-25,0.00043571550858815253
2025-06-26,0.0004583689287762804
2025-06-27,0.005470173009689192
2025-06-30,-0.0012430377707925765
2025-07-01,-0.0017705381813989717
2025-07-02,0.0017127931140498817
2025-07-03,0.005820489685709737
2025-07-04,-0.0035088532155480396
2025-07-07,0.001546036358050351
2025-07-08,-0.000393956187997937
2025-07-09,0.0032616949740968265
2025-07-10,0.004414859646228686
2025-07-11,-0.003976560874956772
2025-07-14,0.000579548121887674
2025-07-15,0.0032335921644226825
2025-07-16,-0.007987917089732705
2025-07-17,0.011125372125862747
2025-07-18,-0.0022507866052015515
2025-07-21,0.001159385446049077
2025-07-22,-0.0036475178504754933
2025-07-23,0.004495477132232955
2025-07-24,0.0004896422703641678
2025-07-25,0.0010539786677004814
2025-07-28,0.00504963934973277
2025-07-29,0.0019868456543290173
2025-07-30,0.0028757542325103702
2025-07-31,0.002603913958619381
2025-08-01,-0.018817730900349397
2025-08-04,0.007423380476273556
2025-08-05,-0.000825485251679986
2025-08-06,0.0019169978831038575
2025-08-07,0.0029355813842139892
2025-08-08,0.0008866219883377602
2025-08-11,0.0035674408516631617
2025-08-12,-0.00034596731137260807
2025-08-13,0.0009710037400467637
2025-08-14,0.0039184221490165426
2025-08-15,-0.003250170595368457
2025-08-18,0.000740665551069275
2025-08-19,-0.0008939172434193233
2025-08-20,-0.0038664053744079637
2025-08-21,0.0018386293425724453
2025-08-22,0.005037627929594971
2025-08-25,-0.0010246135722607463
2025-08-26,-0.0008179850216292416
2025-08-27,0.00458449652894849
2025-08-28,-0.001230687618525053
2025-08-29,-0.005622777257664316
2025-09-01,0.0016282581433727517
2025-09-02,-0.007863790309698037
2025-09-03,0.004655885158206291
2025-09-04,0.006014118882910735
2025-09-05,-0.003048134067075775
2025-09-08,0.003908501844493484
2025-09-09,0.0012367306010756308
2025-09-10,0.004541405147808042
2025-09-11,0.003435078661461155
2025-09-12,-0.00030876161937050113
2025-09-15,0.0010407049102248433
2025-09-16,-0.004807478670829498
2025-09-17,-0.00040387243466611376
2025-09-18,0.007598627350289003
2025-09-19,0.0007105306132670881
2025-09-22,0.0011838971304762302
2025-09-23,0.0010955208955274048
2025-09-24,-0.0011966628750807728
2025-09-25,-0.001214144855738769
2025-09-26,0.000733513998395427
2025-09-29,0.001969004905319427
2025-09-30,-0.002172333921813019
2025-10-01,0.004993436365209819
2025-10-02,0.003129172515550405
2025-10-03,0.0023779794407389975
2025-10-06,0.0017508527642435268
2025-10-07,-0.001380472228822316
2025-10-08,0.005952700717440876
2025-10-09,0.0007801433498865306
2025-10-10,-0.011968765717126434
2025-10-13,0.00428846845921993
2025-10-14,-0.0006788739662836997
2025-10-15,0.004535546975763707
2025-10-16,0.0005147130300374003
2025-10-17,-0.008446804377175553
2025-10-20,0.01100343755214006
2025-10-21,0.0032621204158070514
2025-10-22,-0.004490843288466728
2025-10-23,0.0025084466220760965
2025-10-24,0.0038464474243435935
2025-10-27,0.004280649824224658
2025-10-28,0.0019083672052508161
2025-10-29,0.002051784875695259
2025-10-30,0.0001335175228748209
2025-10-31,0.00014847648758352936
2025-11-03,0.0006055743236635935
2025-11-04,-0.003383382204240268
2025-11-05,0.0011518147018236558
2025-11-06,-0.009062528760143147
2025-11-07,-0.009394659798389543
2025-11-10,0.012440843674534963
2025-11-11,0.0026488244074779647
2025-11-12,0.004214985088441448
2025-11-13,-0.009695228734458272
2025-11-14,-0.0020980601098780057
2025-11-17,-0.002149594946317168
2025-11-18,-0.009043517240684928
2025-11-19,0.0010176591155397624
2025-11-20,0.003860455841929325
2025-11-21,-0.006067428559971094
2025-11-24,0.00739407141649473
2025-11-25,0.002896442744249522
2025-11-26,0.007879536868487757
2025-11-27,-0.0004291976040521839
2025-11-28,0.0025634322770217237
2025-12-01,-0.002870829553487636
2025-12-02,0.00037524664909115434
2025-12-03,0.0004538270254960036
2025-12-04,0.001210761669231225
2025-12-05,0.0026474236208807954
2025-12-08,-0.0015370893476622793
2025-12-09,0.0010337485956447125
2025-12-10,-0.001513528261286426
2025-12-11,-0.002331787841680727
2025-12-12,-0.0034727106052508338
2025-12-15,0.0006529212612909618
2025-12-16,-0.00411811195708357
2025-12-17,-0.003364467254574688
2025-12-18,0.008035935813571931
2025-12-19,0.001946413583211709
2025-12-22,0.0013389558741045415
2025-12-23,0.0021862365201900493
2025-12-24,0.00010910640503454804
2025-12-25,-3.337372723011267e-06
2025-12-26,-3.3373723692109447e-06
2025-12-29,0.0011905447850428796
2025-12-30,0.0014682893688389488
2025-12-31,9.011701882630231e-05
