,core,satellite
2021-01-01,0.0,0.0
2021-01-04,-0.00543879395556135,0.0
2021-01-05,0.003153348941124845,0.0032975276471274074
2021-01-06,0.009557291663108591,0.0022011633348120617
2021-01-07,0.006667474502377813,0.007849458799100572
2021-01-08,0.005182890108779592,0.0035296765964664576
2021-01-11,0.0025296014902060904,0.0
2021-01-12,-0.0014221632824855668,0.0012901701498103878
2021-01-13,0.0028431480113180196,-0.002163983152847016
2021-01-14,0.0037151645778992215,0.0013376777941976337
2021-01-15,-0.00424611370770045,-0.002199646044189163
2021-01-18,-0.0008031904284446778,0.0
2021-01-19,-0.0009919214203231164,0.001145897278493879
2021-01-20,0.010697749844719828,0.0032460350132627047
2021-01-21,-0.0007060331863949498,-0.0001646983259585566
2021-01-22,-0.0057358404959407805,0.0023510549317027783
2021-01-25,0.00041731603012862273,0.0
2021-01-26,0.003148224607952166,-0.003905974848593519
2021-01-27,-0.010260720198758677,-0.007890278526727301
2021-01-28,0.0015682246636701258,0.00331709752249536
2021-01-29,-0.01706951756249364,-0.002689302536968552
2021-02-01,0.010350725291209173,0.0
2021-02-02,0.017473031607652567,0.008961992422132702
2021-02-03,0.00041291001844800945,0.002435696194568898
2021-02-04,0.007485932097873738,0.0014797377057942651
2021-02-05,0.0029508943921643382,-0.0007984987550514189
2021-02-08,0.0030779657424468976,0.0
2021-02-09,-0.00017945074115954807,0.0042571957010826555
2021-02-10,-0.002974022784735353,-0.0003879389696937463
2021-02-11,0.004012608893168013,0.00404370683727746
2021-02-12,0.002212458557801833,0.00019875806998010393
2021-02-15,0.0066512415813915204,0.0
2021-02-16,-0.0022174256215896637,0.0013004071982136046
2021-02-17,-0.004007869720687451,-0.003648846376027537
2021-02-18,-0.004555325707511382,-0.003222272106537749
2021-02-19,0.0028369170053481607,0.0033278141185233865
2021-02-22,-0.006899524262411694,0.0
2021-02-23,-0.007230230005146665,-0.002999770750422981
2021-02-24,0.008832248544558219,-0.0013051498585502693
2021-02-25,-0.007897733298488863,-0.003865655797902057
2021-02-26,-0.006712249829583294,0.0026685860492635547
2021-03-01,0.015929566070811196,0.0
2021-03-02,-0.004588368888753025,-0.006396970952228642
2021-03-03,-0.0024205741507825618,-0.004181047639016555
2021-03-04,-0.006483358146391671,-0.010534633128626614
2021-03-05,-0.008468527679862614,-0.0008432798882419101
2021-03-08,0.024858349733176466,0.0
2021-03-09,0.0045084556361458805,0.006851266866041606
2021-03-10,0.0024862883518206313,0.0002892695854719962
2021-03-11,0.005902202697227965,0.010120701938620979
2021-03-12,-0.0043489999090911,0.004748442304485966
2021-03-15,0.004953061848725682,0.0
2021-03-16,0.008469464642097746,-0.001652292547674772
2021-03-17,-0.00625302332098765,0.0017189314750289952
2021-03-18,0.0022602623841738723,-0.0037156456318132806
2021-03-19,-0.005637831054685405,-0.001906701351862383
2021-03-22,0.002434530565645465,0.0
2021-03-23,0.002016267131030647,-0.007443437621323967
2021-03-24,-0.0004844474259686482,-0.00461282293200983
2021-03-25,-0.002757286331922293,0.0036232103515203787
2021-03-26,0.007731951773532142,0.012320201441725631
2021-03-29,0.002919941101114487,0.0
2021-03-30,0.004019669349737187,0.001761242116687456
2021-03-31,0.0024401440975068134,0.00376330696952899
2021-04-01,0.004045040863155158,0.003063703811317542
2021-04-02,-4.459358973529781e-06,0.0
2021-04-05,-4.459358512898248e-06,0.0
2021-04-06,0.006664100509270909,0.0
2021-04-07,-0.0037782006569898607,0.0003758749661668892
2021-04-08,0.004153071801994868,0.0025482368232667366
2021-04-09,0.0020205046582750796,-0.0004453318748345093
2021-04-12,-0.0004596086804001809,0.0
2021-04-13,0.001889066611907575,-0.004714663331994362
2021-04-14,0.00017162068155740506,-0.001677673867491214
2021-04-15,0.004569324611046532,-0.002479409858949122
2021-04-16,0.0022006840017065876,0.0012752718113803628
2021-04-19,-0.005946038920957575,0.0
2021-04-20,-0.011308056616450068,-0.008601181130803659
2021-04-21,0.007156842302981081,0.005298871316620324
2021-04-22,0.005946840296284561,-0.001677565644098056
2021-04-23,-0.0027505726878296333,0.008343424105570917
2021-04-26,0.0020234591382255473,0.0
2021-04-27,-0.0015365028267516623,0.0019893385637061558
2021-04-28,-0.0005303839979859948,0.00344491160451359
2021-04-29,-0.002021972665711913,0.0018822887833410242
2021-04-30,0.0018420831252325964,-0.007233505983459576
2021-05-03,0.002643700256594217,0.0
2021-05-04,-0.009805639286699752,-0.0031987697039600697
2021-05-05,0.011548642684458432,0.0021240003932175957
2021-05-06,-0.004955907723878217,-0.007499271357838411
2021-05-07,0.005486777580065549,0.007071692636468829
2021-05-10,-0.0011518946949063968,0.0
2021-05-11,-0.01668538567193445,0.0007457260106720435
2021-05-12,-0.0037770345736108935,-0.007673872535198656
2021-05-13,0.0015380372493654093,-0.0030812804570234166
2021-05-14,0.007292101472662571,0.0011624560615437706
2021-05-17,-0.0035990211559344676,0.0
2021-05-18,0.00016551633278805156,0.0030380993010188594
2021-05-19,-0.012533864905362901,-0.002081327748683537
2021-05-20,0.013234992455826378,0.006329342179316288
2021-05-21,0.004371377811413835,-0.0006289699506919599
2021-05-24,-4.465503713024788e-06,0.0
2021-05-25,0.0014569026789919004,-0.0005796102295611672
2021-05-26,0.003046372936077457,0.002010663389837486
2021-05-27,0.0023238178170934543,0.005270561811801122
2021-05-28,0.003497628601863978,0.0008268626303923777
2021-05-31,-0.005717776786555051,0.0
2021-06-01,0.004216128061902857,0.0
2021-06-02,0.0038017142471400422,-0.0010570759269177051
2021-06-03,-0.0003205268024595309,-0.0008204318879841743
2021-06-04,0.0026720972740046367,-0.0008062702249721496
2021-06-07,-0.0012162557399338914,0.0
2021-06-08,0.0009965772544955342,0.0013291877186163647
2021-06-09,0.00188489415556381,-0.004185152978344109
2021-06-10,0.00207208201611242,-0.0015422956281594292
2021-06-11,0.005828701580634643,0.0004960795568966559
2021-06-14,-0.0010683222358586209,0.0
2021-06-15,0.0005254525327575976,-0.0012710728138066619
2021-06-16,0.002069877696799338,0.0011555803250152263
2021-06-17,0.00817442932447876,-0.005954144119629822
2021-06-18,-0.007808523595125405,-0.009358949050092547
2021-06-21,0.0036339833340690575,0.0
2021-06-22,0.004658721671695565,0.0016340248596414474
2021-06-23,-0.0028703746876671543,0.0010452391822944216
2021-06-24,0.0060110871044933845,0.0007240125230296047
2021-06-25,0.0009365931012450535,0.0027116523041135878
2021-06-28,-6.389023520403381e-05,0.0
2021-06-29,0.004087890713901476,0.0028214078389713904
2021-06-30,0.001126508878676713,-0.0024400379595098886
2021-07-01,0.0022486448347829313,0.0017318939377283572
2021-07-02,0.005148621680184595,-0.000606876474906759
2021-07-05,0.0018992672713336045,0.0
2021-07-06,-0.0014614395244791911,-0.00020641166225892073
2021-07-07,0.006126732571864801,-0.0024736699301694197
2021-07-08,-0.01213856000456548,-0.00669180688895975
2021-07-09,0.009255870738767102,0.007847650614434643
2021-07-12,0.0033964782908408875,0.0
2021-07-13,0.004748068009169826,0.0011869790407588177
2021-07-14,-0.003308926611244156,-0.0008406621831349881
2021-07-15,-0.0026947392357569155,-0.0007792713812585506
2021-07-16,-0.0028361767703166674,-0.001668175219432
2021-07-19,-0.015874680775594507,0.0
2021-07-20,0.011176184412111656,0.0015575831474623936
2021-07-21,0.006201035302583868,0.00553320142154734
2021-07-22,0.004399057371927029,0.002764491483842857
2021-07-23,0.009461724060711996,0.0022968659370279807
2021-07-26,-0.0018061904857937794,0.0
2021-07-27,-0.0076937309026228196,-0.0022579158919965757
2021-07-28,0.005855631860407051,0.00220778730267297
2021-07-29,0.0004204269103535996,0.0007555728045827937
2021-07-30,-0.003405160062447732,0.0002622984057504053
2021-08-02,0.003281420539124058,0.0
2021-08-03,-0.0015135316002353738,0.0
2021-08-04,0.0038056994009865175,-0.00038490391960938064
2021-08-05,0.0036609180669415764,0.0031461557941299565
2021-08-06,0.004524110172588358,-0.0004874154848961476
2021-08-09,0.0013204908028499052,0.0
2021-08-10,0.003016132426059581,0.00018586760479408768
2021-08-11,-4.4364936428342716e-05,-0.000984972062308065
2021-08-12,0.0018613377121456942,-0.00015794147429302183
2021-08-13,-0.0010053143734530812,-0.001003555830057823
2021-08-16,-0.002608939449702974,0.0
2021-08-17,0.002345687878400504,-0.0011696462103289117
2021-08-18,-0.00015478024818338376,0.001405276077117512
2021-08-19,-0.008834156287041761,-0.0011612864828767333
2021-08-20,0.0056649978292278025,-0.0003397327736530564
2021-08-23,0.005685687110078552,0.0
2021-08-24,0.0012186824437225852,0.0005868720512035019
2021-08-25,0.00012104578355809359,-0.00041114510425827033
2021-08-26,-0.003681054031997033,-0.00041704985131688077
2021-08-27,0.0031436441811889537,0.0007853764481348557
2021-08-30,0.004014087010237644,0.0
2021-08-31,-0.002146366857055937,-0.0009451843216834787
2021-09-01,-0.0006292575593938032,0.0019883049921856134
2021-09-02,0.0022068022575367774,0.0031614250180061476
2021-09-03,-0.001648824889124989,0.0022190183467486304
2021-09-06,0.005462599153558623,0.0
2021-09-07,-0.005106811964561198,-0.001521105336544537
2021-09-08,-0.0024476964383289834,-0.0019004452923057635
2021-09-09,0.0021232367476533565,0.002470855720657672
2021-09-10,-0.004820371288602021,-0.0012694885304110504
2021-09-13,-0.0011886817177672038,0.0
2021-09-14,-0.0009724433151482303,-0.0032989427007302065
2021-09-15,-0.002619767113732352,0.0005090046476488141
2021-09-16,0.004096112526154938,-0.0003923526996210125
2021-09-17,-0.002415242374286475,-0.0017780603856410448
2021-09-20,-0.015204098446849224,0.0
2021-09-21,0.006925773034759608,0.0012132682888440272
2021-09-22,0.004378212708163298,0.0035819094281625886
2021-09-23,0.007155018910639077,0.004683002510433432
2021-09-24,-0.0027291842208191364,-4.237835643229333e-05
2021-09-27,0.0015720220949295705,0.0
2021-09-28,-0.016497014098882268,-0.005614484851778701
2021-09-29,0.00686655924344115,0.0013283941064780925
2021-09-30,-0.0019306314444662576,0.0011409111311591613
2021-10-01,-0.004909082605709325,-0.00013277236125385232
2021-10-04,-0.010617185728240996,0.0
2021-10-05,0.01484668826931923,0.002228149608714025
2021-10-06,-0.006108616792773414,-0.0019224601049574353
2021-10-07,0.01862819191238141,0.002460344090699928
2021-10-08,-0.004646969823439928,0.0010647657348635377
2021-10-11,0.0020837789151579855,0.0
2021-10-12,-0.005699791430090473,0.0008599430920012808
2021-10-13,-0.0021899041005104536,-0.0029228170422586075
2021-10-14,0.014541256294851035,0.0037851309024480085
2021-10-15,0.006705571567431123,0.002158124421605079
2021-10-18,-5.5553516694839544e-05,0.0
2021-10-19,0.003973277576340362,0.0008792247037078482
2021-10-20,0.0028358964951604726,-0.000674385747945605
2021-10-21,-0.0014579680933907158,-0.001813774426686965
2021-10-22,0.0014197041011529965,-0.005409995644598875
2021-10-25,0.005885242420393677,0.0
2021-10-26,0.00596699440873083,0.0
2021-10-27,-0.0034571043469170393,-0.005223214882707006
2021-10-28,-0.0022699454529724328,-2.0499392828532284e-05
2021-10-29,0.0068312465175359716,0.001643433946985451
2021-11-01,0.0018755882087315712,0.0
2021-11-02,0.003983408380799913,-0.0004908292430896299
2021-11-03,-0.00019362475104978127,0.0027083720335045803
2021-11-04,0.009280891563541838,-0.00829015912447979
2021-11-05,0.0048963059071474024,-0.001282497335264243
2021-11-08,-0.0023454714939014076,0.0
2021-11-09,-0.002620982290187146,-0.0034343032500607105
2021-11-10,0.0028149804635755338,0.0023065773261938594
2021-11-11,0.0006575276147835485,0.0006736187576915853
2021-11-12,0.005529663157561426,0.0004131431153572951
2021-11-15,0.003738227880507372,0.0
2021-11-16,0.007787428075913372,0.0022922300248047643
2021-11-17,-0.0011825648527504784,-0.0023135048666440006
2021-11-18,-0.00275194856562222,-0.0023532982628052257
2021-11-19,0.003884408609057255,0.0005499486245099661
2021-11-22,0.0037457556000402015,0.0
2021-11-23,-0.011792892661608656,-0.0009290977919022227
2021-11-24,0.007027335308668725,0.003132131389632131
2021-11-25,0.0025344896146128892,2.6207167660352583e-05
2021-11-26,-0.02813975990980555,0.0005240746806419949
2021-11-29,0.010367398475820577,0.0
2021-11-30,-0.011474509299473357,-0.004755200861032349
2021-12-01,0.009547348082866058,-0.0022634058327346664
2021-12-02,-0.014971686298894227,0.0010213950627761426
2021-12-03,-0.0018612099954957717,-0.002786315095112668
2021-12-06,0.009305467712596327,0.0
2021-12-07,0.022778831002877364,1.0854398432202949e-05
2021-12-08,-0.007454983496298029,-0.0019957896851296453
2021-12-09,0.0034936027980239093,-0.0010329162191104247
2021-12-10,-0.004677409825021628,-0.0008503943424857385
2021-12-13,-0.0010907376776576605,0.0
2021-12-14,-0.008358015486582548,0.0025260637430899236
2021-12-15,0.0010923011817400852,0.0027219646551750023
2021-12-16,0.011273140219846933,-0.002469676416322797
2021-12-17,-0.00652441429863404,0.003121713780231139
2021-12-20,-0.01933665284641284,0.0
2021-12-21,0.014754477361563767,0.0043073848924153335
2021-12-22,0.007859241526179339,-0.0009664781528877509
2021-12-23,0.008790570230539752,0.0021834191220436506
2021-12-24,-4.501861927797002e-06,-6.635700066355276e-05
2021-12-27,0.005126052301983375,0.0
2021-12-28,0.004620653480592596,0.0
2021-12-29,-0.004026501365901769,0.0
2021-12-30,0.002840692593921723,0.0
2021-12-31,-4.504913150848999e-06,-0.005281959292848082
2022-01-03,-0.0017162289293479738,0.0
2022-01-04,0.004248924489738348,0.0
2022-01-05,-0.002848104724392786,-0.001184128992024558
2022-01-06,-0.013031438243106375,-0.0010371696331355263
2022-01-07,-0.005611351464925751,-0.0008822392184267558
2022-01-10,-0.011110579650415842,0.0
2022-01-11,0.010173068243419348,1.628517323764012e-05
2022-01-12,0.0036446679368218327,-0.001888278580971836
2022-01-13,-0.0023265903263557375,-0.0030679673274066786
2022-01-14,-0.010852327707331355,-0.00031823026195084705
2022-01-17,0.005700802007810202,0.0
2022-01-18,-0.009092840813169967,-0.002505846976277981
2022-01-19,-0.004054146243735901,-0.003844662294041662
2022-01-20,0.007223878437311759,-0.0014152147512013769
2022-01-21,-0.018382433355651484,-0.006408234975343147
2022-01-24,-0.03233597942368105,0.0
2022-01-25,0.00971091841826821,-0.0001531316128030591
2022-01-26,0.014283577263443314,0.0052696598972626464
2022-01-27,0.005102660198441411,0.005755417785867478
2022-01-28,-0.00936363972591192,0.0038565922711556897
2022-01-31,0.014340753850026866,0.0
2022-02-01,0.006397467996510864,0.0013548900815408826
2022-02-02,0.0024203712333601413,-0.0012489880776523244
2022-02-03,-0.01713244936241154,-0.00017807586579018366
2022-02-04,-0.008971202050893745,-0.00043565271962813233
2022-02-07,0.0041283421572484436,0.0
2022-02-08,0.0031523619603206487,0.0020145688156647744
2022-02-09,0.012132729822402988,-0.0013858194106880382
2022-02-10,-0.005755349667243004,0.005328215300888006
2022-02-11,-0.006748161529308905,0.0034838601171441664
2022-02-14,-0.007127766525851897,0.0
2022-02-15,0.006772791731200378,-0.002048873419129793
2022-02-16,-0.0033885314861582527,-0.0027346567294668
2022-02-17,-0.0028841656248291825,-0.003663746344648289
2022-02-18,-0.0092879416068955,0.0006863838496775632
2022-02-21,-0.00949603058523707,0.0
2022-02-22,0.0012875368550027133,-0.00037855742580950036
2022-02-23,-0.004831721180550863,-0.0003256860595884925
2022-02-24,-0.009902153078713893,0.0004982213992580256
2022-02-25,0.02522326735911551,0.00029368716388713514
2022-02-28,0.0064138711396641845,0.0
2022-03-01,-0.0027029686587223267,-0.007434799699113659
2022-03-02,0.007539210836655874,0.006438678211237336
2022-03-03,-0.002845277573604754,0.002929416029159859
2022-03-04,-0.0067137877597611695,0.0016994522132060652
2022-03-07,-0.004541065952822776,0.0
2022-03-08,-0.01617110437222602,0.0010508598722966055
2022-03-09,0.009317867540955316,0.0004827388417709466
2022-03-10,-0.008824175639139953,0.0010502841190426437
2022-03-11,0.010392484263113122,0.00401076486259726
2022-03-14,-0.010890673991173605,0.0
2022-03-15,0.009562575498226034,0.0032033337184055764
2022-03-16,0.014412063841279688,-0.0047704742605000575
2022-03-17,0.00285779495070293,0.0
2022-03-18,0.013740391858385825,0.0
2022-03-21,0.002857696048187419,0.0
2022-03-22,0.009897850661412466,0.0032346856720292918
2022-03-23,-0.002552588359801433,0.0012531120166707989
2022-03-24,-7.017945388310132e-05,0.0028443117399974847
2022-03-25,0.003792151727386228,0.004350704163632169
2022-03-28,0.0021097490465979973,0.0
2022-03-29,0.005815906308872076,-0.0024269467068830817
2022-03-30,-0.003956557627182167,-0.0008140621032754146
2022-03-31,0.00046802349018726375,0.00048273203030679834
2022-04-01,-0.0042377390776989765,0.004360964400212009
2022-04-04,0.009988665057663493,0.0
2022-04-05,0.0009037623228780323,0.0039345101959095685
2022-04-06,-0.015497037576556849,-0.0009232227909980627
2022-04-07,-0.001697480797112405,0.00044503744925494245
2022-04-08,0.009515558126797607,0.0022610875057155868
2022-04-11,-0.01215175342790431,0.0
2022-04-12,0.0036194266399482977,-0.001418085640761818
2022-04-13,-0.0029108587208500625,0.0004368361117806141
2022-04-14,0.003761332185244992,0.003665383298229574
2022-04-15,-4.440195193966545e-06,0.0
2022-04-18,-4.440194709798284e-06,0.0
2022-04-19,4.3580093661343966e-05,0.0
2022-04-20,0.00262777556775573,-0.002506162512934629
2022-04-21,-0.0008653217396986657,0.0010973137033785721
2022-04-22,-0.020517334208788873,-0.003017895818477051
2022-04-25,-0.012065871249527294,0.0
2022-04-26,-0.0009294201678777814,-0.0015744528323770822
2022-04-27,0.008054637823638577,0.001771635216378681
2022-04-28,0.0027521523072830956,0.007283037733173781
2022-04-29,0.0018413033081134955,-0.001021974228436473
2022-05-02,-0.017403968961016147,0.0
2022-05-03,0.010200950502796013,-1.5976092247826925e-05
2022-05-04,-0.010158209573595922,-0.0018870848867296062
2022-05-05,0.002305891719626363,0.0013188305965962654
2022-05-06,-0.014226576804181046,0.0007889984981423238
2022-05-09,-0.020572998415845145,0.0
2022-05-10,-0.004579938910861059,-0.0003931667200735789
2022-05-11,0.01161746625598803,-0.0021105371977449827
2022-05-12,-0.00581167286219364,-0.003081390340849005
2022-05-13,0.018844223300186647,0.004083922676642804
2022-05-16,-0.004482656166714949,0.0
2022-05-17,0.0035023724316998184,0.001025641620948281
2022-05-18,-0.011509912967285207,-0.0006015573200277846
2022-05-19,-0.014502017793421196,-0.0010604481761034511
2022-05-20,-0.003093615060116517,0.000981218360853664
2022-05-23,0.00808277059100293,0.0
2022-05-24,-0.017924006654882696,-0.0034349018338593494
2022-05-25,0.014748191953014356,0.00034369431067953756
2022-05-26,0.012573348486030644,0.0006584062010637548
2022-05-27,0.016737429499471768,-0.0008254625913887426
2022-05-30,0.003691552434013756,0.0
2022-05-31,-0.008582220417178932,0.00033818177012473466
2022-06-01,-0.0017608025791782111,0.003919613573448699
2022-06-02,0.0011092098125420335,-1.565889355744643e-05
2022-06-03,-0.0032725945652842814,0.0016478676260986759
2022-06-06,0.007048608361840403,0.0
2022-06-07,-0.0020168122155790336,-0.00010174390962858215
2022-06-08,0.0006034758404347418,0.0023627594293521236
2022-06-09,-0.00901198940251735,0.0035930495809395344
2022-06-10,-0.026739226522838222,0.004767743658840091
2022-06-13,-0.02205530751923168,0.0
2022-06-14,-0.00748821091788443,0.0031054486204241563
2022-06-15,0.008363059618275548,-0.005247141543064571
2022-06-16,-0.025366481985521272,-0.001417189493928511
2022-06-17,0.000944953964639117,0.0008127576169601689
2022-06-20,0.0037002840843194384,0.0
2022-06-21,0.008765802529011824,-9.834142813038856e-05
2022-06-22,0.0008474997177860821,-0.004270296211625624
2022-06-23,0.0017638513732562977,-0.0053119671576119685
2022-06-24,0.020658721634890354,-0.0008302346475497992
2022-06-27,0.0018628304889238834,0.0
2022-06-28,-0.0016457186159530846,0.0016736180934941892
2022-06-29,-0.004425207519578422,0.0004307733323126561
2022-06-30,-0.008068048989052334,-0.004757175068895225
2022-07-01,0.0067952610821928605,-0.005298941164265875
2022-07-04,0.0026754317999180266,0.0
2022-07-05,-0.0003845154599350087,0.000442177602828775
2022-07-06,0.017431104678507614,-0.0010920941088675695
2022-07-07,0.015558698261043835,0.003189216163481745
2022-07-08,0.003206240899575663,0.00191167069990289
2022-07-11,-0.002393790026018583,0.0
2022-07-12,0.002397063774993269,-0.004037781718306899
2022-07-13,-0.011806709265632431,0.003697531796645226
2022-07-14,-0.009325132350928023,0.001922407595348852
2022-07-15,0.016852033805962563,0.0007268703640463724
2022-07-18,0.0023846870644386176,0.0
2022-07-19,0.00026200606932813564,-0.0008611977428572893
2022-07-20,0.011297019855941226,0.0005343135384188954
2022-07-21,0.002279692866202554,-0.0008891600625793529
2022-07-22,0.001831230515755955,-0.00685054658106975
2022-07-25,0.0007632784232642909,0.0
2022-07-26,-0.0014144641821609572,0.00188614579957469
2022-07-27,0.008009924853231931,-0.0011100598928309503
2022-07-28,0.012777717581258674,-0.003372460983806613
2022-07-29,0.007791084044362906,-0.0010797117746470853
2022-08-01,0.003036344804268065,0.0
2022-08-02,0.0003092052392654754,5.22880879989085e-05
2022-08-03,0.0071845526324871845,0.0030466175108796786
2022-08-04,-0.0022971916036949036,-0.0012376420496277073
2022-08-05,-0.003516959378545237,0.011007462533559586
2022-08-08,0.006352306861239443,0.0
2022-08-09,-0.009269506944980854,-0.00041505595311631645
2022-08-10,0.007521416622471078,-0.00247098912360737
2022-08-11,0.004935588005580804,0.0010489673941087795
2022-08-12,0.007130442512104818,0.0032233255794770098
2022-08-15,0.009520423624473251,0.0
2022-08-16,0.0037753479683779734,-3.5967803594960624e-05
2022-08-17,-0.008587062173239568,0.004030176198655072
2022-08-18,0.00636116317598745,0.0003871412167815447
2022-08-19,-0.00663880243146342,0.0011968414743413923
2022-08-22,-0.005337605584217364,0.0
2022-08-23,-0.006365809597329686,9.608849560419075e-05
2022-08-24,0.0027237115243496923,0.002563968990802712
2022-08-25,0.003984963722295731,-0.0013627309086438164
2022-08-26,-0.01274783688481318,0.0020992582313323904
2022-08-29,-0.01518293618170341,0.0
2022-08-30,-0.009583202885719677,-2.3040490930525964e-05
2022-08-31,-0.00646470881037553,0.00020784601542199742
2022-09-01,-0.006321421861539167,0.0013742952709461793
2022-09-02,0.011867289319483554,-8.778254450895182e-05
2022-09-05,-0.005686180593149404,0.0
2022-09-06,-0.001370811085859014,-0.0015806438011827684
2022-09-07,-0.0022974790054131056,-0.002626239718168244
2022-09-08,0.01047134567029162,0.004652906035255477
2022-09-09,0.006778379122585276,-0.0005600424484157874
2022-09-12,0.0055034897978833985,0.0
2022-09-13,-0.015323522269844236,0.004359952589915816
2022-09-14,-0.006108213916467653,0.001638639032392586
2022-09-15,-0.005811994783605168,0.001052649291642005
2022-09-16,-0.015330497561671486,0.00015875634613626843
2022-09-19,0.002022323922562519,0.0
2022-09-20,-0.003006794020136816,0.0034653283954283578
2022-09-21,0.01132203495391959,0.00023551546418770775
2022-09-22,-0.019115812129101517,0.0015419062711104718
2022-09-23,-0.009450283672292392,0.0079174921096392
2022-09-26,0.0013042095592616931,0.0
2022-09-27,-0.003194130738374601,0.003396102902648268
2022-09-28,0.0038909428080364794,-0.0035767137481319774
2022-09-29,-0.020530633383903374,-0.0006677346673804263
2022-09-30,0.00576605050498924,-0.0014769636946429076
2022-10-03,0.001693105530475858,0.0
2022-10-04,0.018494730228517664,-0.0029313458121781213
2022-10-05,-0.0039835348474256405,0.0005490955802741003
2022-10-06,0.0060408529963946744,0.004863765530096508
2022-10-07,-0.017501352962963068,0.004541144118206297
2022-10-10,-0.005863017700292628,0.0
2022-10-11,-0.004396818486323895,0.0005875477727073199
2022-10-12,-0.004387726823758209,0.0006047129410511332
2022-10-13,0.002865376237713768,0.0018342488052661256
2022-10-14,0.0006641632181654256,-0.0019928390183197807
2022-10-17,0.00886010708533913,0.0
2022-10-18,0.0015128614030743837,-0.00271812409284739
2022-10-19,0.0023161384688810127,0.003318621712087233
2022-10-20,0.0022482311326217364,0.003948746604370146
2022-10-21,-0.004705246123671181,-0.0005777447845235594
2022-10-24,0.010969187494620725,0.0
2022-10-25,0.010018266782960694,-0.0036598575495086823
2022-10-26,0.0019287342629379367,-0.006318330541251965
2022-10-27,5.824760694661535e-05,-0.004471693858912068
2022-10-28,0.004492467061087302,0.0014793932744969708
2022-10-31,0.005815833704301943,0.0
2022-11-01,0.0009443977864707076,0.0007289472395042518
2022-11-02,-0.004825025446382636,-0.0017984220405524334
2022-11-03,-0.01094074980393156,0.006707763351146567
2022-11-04,-0.0076246422618425624,-0.0021618568693668296
2022-11-07,0.004396629224718618,0.0
2022-11-08,0.008674601783710711,-0.0036528284246195473
2022-11-09,-0.00881224402890013,-0.0021985922547140047
2022-11-10,0.022094047787970528,-0.00818510502782523
2022-11-11,-0.0037084504036597465,0.0007295042502854397
2022-11-14,0.0031313071050869112,0.0
2022-11-15,0.004970525622410182,-0.0029147642128770634
2022-11-16,-0.010259882550836763,-0.0011352952532819093
2022-11-17,-0.004423271894083203,0.0006849670151327869
2022-11-18,0.007297940780520706,0.0004993798679743032
2022-11-21,0.0027690253433034773,0.0
2022-11-22,0.005647270160330287,0.0009562706673864719
2022-11-23,0.004005415133901069,-0.0028974819364937956
2022-11-24,0.0022179792468339787,0.0005717194229160504
2022-11-25,-0.0021059663709619425,-0.0012009875210094167
2022-11-28,-0.006488825357808259,0.0
2022-11-29,-0.004081208990838525,-0.0002278573130935046
2022-11-30,0.004881655623944381,0.00035574920480861965
2022-12-01,0.010282954969444091,-0.002856591854936258
2022-12-02,-0.004585155524264861,-0.00227961712279891
2022-12-05,-0.007446742277614771,0.0
2022-12-06,-0.00994064243507542,-0.0018819482788788755
2022-12-07,-0.004078906885765066,-0.0004889493336156902
2022-12-08,0.00022622940418814963,-0.0004969143383129426
2022-12-09,0.003319778523968475,-0.0005669479365069897
2022-12-12,-0.0035406296354230093,0.0
2022-12-13,0.01244354651841384,-0.0012251978454967895
2022-12-14,-0.002805307282151226,-0.000535163687280693
2022-12-15,-0.030416159300555856,0.0032685679416407597
2022-12-16,-0.008530238071262852,-0.0015585937302574184
2022-12-19,-0.0030970042294139466,0.0
2022-12-20,-0.0037829370824364883,-0.0023985012630046154
2022-12-21,0.014563496293469758,0.0021763566927642977
2022-12-22,-0.012645188376524175,-0.0014662421367116264
2022-12-23,0.0018623877925190158,0.0033125969132755118
2022-12-26,-4.439424122759661e-06,0.0
2022-12-27,-0.001845841996231612,0.0
2022-12-28,-0.004095044994518515,0.0001634590487149423
2022-12-29,0.007080464160781563,-9.520661980016996e-06
2022-12-30,-0.006462703588676066,-0.0023255762848282237
2023-01-02,0.017085307348488232,0.0
2023-01-03,-0.0072341958852510935,0.00015789359707113482
2023-01-04,0.009460149382347405,-0.0008190998759876222
2023-01-05,-0.005942011295927863,0.001328835515329041
2023-01-06,0.00881894748247114,-0.00027253735425619154
2023-01-09,0.004595656178291607,0.0
2023-01-10,-0.009452933855813472,0.0012549129896603339
2023-01-11,0.008575664376737402,-0.0018323885919768802
2023-01-12,0.002985842924217108,-0.00030226151381469995
2023-01-13,0.0030315195421426466,-2.8459759559090693e-05
2023-01-16,0.0035437531095707797,0.0
2023-01-17,0.003903161369750885,0.001257093563090983
2023-01-18,-0.0035147719669452737,-0.0005937358936021429
2023-01-19,-0.012445520281940792,0.0014926839015297403
2023-01-20,0.0036991104026418142,0.0008351528100196681
2023-01-23,0.011857291924397773,0.0
2023-01-24,-0.0005076253028580835,-0.001169092998143301
2023-01-25,-0.006796932564861025,0.0016028899794996777
2023-01-26,0.00892267882648512,0.0020776922372717334
2023-01-27,0.007318299472276912,0.0006731325809844702
2023-01-30,-0.005173370851543901,0.0
2023-01-31,-2.668308844588907e-05,-0.0010094969546665942
2023-02-01,-0.0009073677511514111,-0.00034955288222464657
2023-02-02,0.022763694854053496,-0.0035602880510635314
2023-02-03,0.0029189343606295104,0.0012851055998761409
2023-02-06,-0.004967090577186251,0.0
2023-02-07,0.0012650652084389424,0.00012864078526041433
2023-02-08,-0.001387818894212245,0.0009332414860959758
2023-02-09,0.0012786921758971559,0.0024272500905504536
2023-02-10,-0.004221031624602634,0.00133654231120246
2023-02-13,0.004810088096998344,0.0
2023-02-14,-0.004116409746760641,-0.000864052599967563
2023-02-15,0.00626551603467318,-0.001623750229586629
2023-02-16,-0.0006277037756808879,0.0007979768553145972
2023-02-17,-0.009478654354954319,0.000368522172712965
2023-02-20,0.0011370598279620836,0.0
2023-02-21,-0.009101034639705241,0.0014767874156642546
2023-02-22,-5.162121069435255e-05,-0.0006992643445724256
2023-02-23,1.3565617675848074e-06,0.0005033606043679917
2023-02-24,-0.004829325151662678,0.0007035831669127911
2023-02-27,0.004280087885561112,0.0
2023-02-28,-0.0033572263935197633,0.0003283810807610922
2023-03-01,-0.009466450836314033,0.0030114654197709533
2023-03-02,0.0032073381182839977,0.0018952103700508982
2023-03-03,0.013880000290756866,3.3334311794641324e-06
2023-03-06,0.003555008401450177,0.0
2023-03-07,-0.005146152331394371,0.0004806191947033353
2023-03-08,-0.0005721431311102032,0.00014052972156257677
2023-03-09,0.00040098535286814396,0.00034379763383407536
2023-03-10,-0.01634922284281537,-0.00472886964468439
2023-03-13,-0.017504692339067485,0.0
2023-03-14,0.01058484792181047,0.00425202547485648
2023-03-15,-0.004206116859428621,-0.008027389795760037
2023-03-16,0.009569657344540516,-1.4741222543285042e-05
2023-03-17,-0.00516817477235032,0.0013519565892171294
2023-03-20,0.001085308072193536,0.0
2023-03-21,0.005132881805531397,0.007233266214435474
2023-03-22,0.0005474264997857858,0.0006603968199135224
2023-03-23,-0.004991239264388714,-0.0019269538408802135
2023-03-24,-0.001403127651200764,-0.0021504152224854412
2023-03-27,0.005593599671050997,0.0
2023-03-28,-0.00484272451636969,0.00017864202397048772
2023-03-29,0.007959398340065205,-0.0007507209398752405
2023-03-30,0.003385381226430617,0.0029382504377062275
2023-03-31,0.009988705125178132,-0.001470286876790636
2023-04-03,0.003162967802591954,0.0
2023-04-04,-0.004984912026549049,5.195657957663409e-05
2023-04-05,-0.001042040118834242,-0.0010552584410016524
2023-04-06,0.00080192714034788,0.0005057673445458099
2023-04-07,-4.431403028637426e-06,0.0
2023-04-10,-4.431402532922846e-06,0.0
2023-04-11,0.0036897333550867106,0.0
2023-04-12,-0.0038507728291052867,0.0011433540078304438
2023-04-13,-0.0012264669981095766,0.0005350965941142899
2023-04-14,0.005312616020881844,0.0021118642392740057
2023-04-17,0.003754657836210651,0.0
2023-04-18,0.0016493362398954936,0.0007010937146654185
2023-04-19,-0.0020133962827130203,-0.00015529393890748613
2023-04-20,-0.0015415799735624125,-0.0033314747269699604
2023-04-21,-0.0014517307755023134,-0.0023606153006997584
2023-04-24,-0.003157958219353607,0.0
2023-04-25,-0.0003400191439297817,1.044622801400791e-05
2023-04-26,-0.008894771236153343,0.001964659658178069
2023-04-27,0.0037749593070970366,0.0015995930384877179
2023-04-28,0.008471410730229723,0.0008963556484960777
2023-05-01,-4.435076803810389e-06,0.0
2023-05-02,-0.006831365754866536,0.0
2023-05-03,0.00020648987274518582,-0.001617668973099509
2023-05-04,-0.004548390655959689,-0.0029110281903391624
2023-05-05,0.009708703616855052,0.0020492180814245973
2023-05-08,0.002489515630152539,0.0
2023-05-09,0.002412590663965819,-0.0011490359983761856
2023-05-10,-0.0007135132318873971,0.0009341441302643472
2023-05-11,0.003567901008911578,-0.002405182579341028
2023-05-12,0.002225355732022427,0.0020608067944542785
2023-05-15,0.0021342211365535935,0.0
2023-05-16,-0.0018562528586429927,-0.0013101198595415055
2023-05-17,0.0023975596052050463,0.0008153476251607781
2023-05-18,0.010553044579123094,0.0004104985133026205
2023-05-19,8.671411071770052e-05,-0.00029166075245646845
2023-05-22,0.0027851120749884384,0.0
2023-05-23,-0.0021626356185133755,-0.0010288870458433131
2023-05-24,-0.012400944894394583,-0.0037514103067740473
2023-05-25,0.0028426978629756405,-0.0028908879282251386
2023-05-26,0.01155404708047203,0.0008594686121357582
2023-05-29,0.0038217338277908297,0.0
2023-05-30,-0.0029577525994434195,0.0006605235641197749
2023-05-31,-0.0037050051050343535,-0.003178058919558027
2023-06-01,0.004286473325610052,0.0006685221225203234
2023-06-02,0.014558280774533472,0.0007518412680161069
2023-06-05,0.0015138391338462842,0.0
2023-06-06,0.0016179413808972143,0.00015915428813247364
2023-06-07,-0.002482177357535531,0.0006034782767986331
2023-06-08,-0.0042406987702939825,-0.0004440119399862413
2023-06-09,0.004765987640599878,-0.0009052615665118086
2023-06-12,0.0023593369183483315,0.0
2023-06-13,0.007020524677463724,-0.000656953952423503
2023-06-14,0.0003285218642423704,0.0010707061127335547
2023-06-15,-0.003592549652919108,0.0007687346609616115
2023-06-16,0.00400183324817216,0.003481721898660833
2023-06-19,-0.005565133983551962,0.0
2023-06-20,-0.002813600026319474,0.0009670272810680114
2023-06-21,-0.004120783259149663,0.002793439047074378
2023-06-22,-0.002938525296500183,-0.0007924935586729741
2023-06-23,0.00043378109208003224,0.0015307361767418705
2023-06-26,-0.001588759951544949,0.0
2023-06-27,-0.0012424603841417747,-0.001246990647894908
2023-06-28,0.008409154608633118,0.0017109110839830576
2023-06-29,0.002296162768165466,0.002658334970091117
2023-06-30,0.007399781033652353,-0.00031781290357099656
2023-07-03,0.0016907913889037118,0.0
2023-07-04,0.0005975058621303653,-0.00026492480206464494
2023-07-05,-0.0008100834770604637,0.001202363790009081
2023-07-06,-0.015016758182953338,-0.0017816387422705106
2023-07-07,-0.00013018609571824324,-0.0020562468817687863
2023-07-10,-0.003245741873895036,0.0
2023-07-11,0.00299937255181959,0.0005415187095114601
2023-07-12,0.005065649784039117,0.0008269821079071925
2023-07-13,0.0006285503166929551,0.0013463334357960654
2023-07-14,-0.0006313830468226422,0.0008355692962552035
2023-07-17,-0.0005507599330862867,0.0
2023-07-18,0.006076580866618997,0.0008753544440719712
2023-07-19,0.006466034226674244,-0.0015184767821686707
2023-07-20,-0.0002446737299942603,0.0023908815272652177
2023-07-21,0.001987039480348507,0.0015580339034577978
2023-07-24,0.0032291357671716536,0.0
2023-07-25,0.0043744636785274515,0.00015923199466313644
2023-07-26,-0.0037732649912917138,-0.0010215339515840915
2023-07-27,0.0120585627881451,0.00279124701375254
2023-07-28,-0.002470796174638634,0.002416929812393626
2023-07-31,0.000338071183625388,0.0
2023-08-01,-0.001242688480179388,-0.0010718713798715251
2023-08-02,-0.00851744558278611,-0.0005349395402029194
2023-08-03,-0.004762895986543336,-0.0018289958912467762
2023-08-04,-0.0009409199387639955,0.0015794645983539855
2023-08-07,-0.0016179531193400987,0.0
2023-08-08,-0.001663270044107712,0.000148258651453112
2023-08-09,-0.0004613833008269008,0.0047107713060581865
2023-08-10,0.0034564210034946363,-0.000170847282889644
2023-08-11,-0.006093682971045511,0.001157819435355792
2023-08-14,0.004464898516967075,0.0
2023-08-15,-0.006152035450884941,-0.00025445518793997814
2023-08-16,-0.0010592073397343027,0.0008301906311022012
2023-08-17,-0.0062883102854495165,0.0018109980529647269
2023-08-18,-0.005565510999889556,-0.0003658063573011153
2023-08-21,-0.0006687808033207787,0.0
2023-08-22,0.0089023344327952,0.0023625975299249482
2023-08-23,0.006567855131959233,-0.0014936646293832955
2023-08-24,-0.003048368950135716,1.2458961056316355e-05
2023-08-25,0.00042211565673322404,-0.0017079847498996823
2023-08-28,0.005848723362796404,0.0
2023-08-29,0.007610361326343185,-0.0005973512980029043
2023-08-30,-0.0009781596085574051,-0.001537945557134754
2023-08-31,0.007485106409260478,0.00036851159539579546
2023-09-01,0.0026742598394680073,0.00039839641516968273
2023-09-04,-0.0003826506341844116,0.0
2023-09-05,0.0031135277205585066,-0.0011275347286283765
2023-09-06,-0.007623107279580155,-2.84204251298937e-05
2023-09-07,-0.0002723128088816251,0.003415395874108218
2023-09-08,0.0018349256197047747,0.0012254491809046363
2023-09-11,-0.0004801920158052919,0.0
2023-09-12,0.0007010979028265751,0.002453671584906788
2023-09-13,-0.0006176215030718746,-0.00029446849790301384
2023-09-14,0.010807605686556476,-6.837244128704567e-05
2023-09-15,-0.004273142374467964,0.0011087855009538348
2023-09-18,-0.003963408835303328,0.0
2023-09-19,-0.00443770942636923,0.0008490673281442123
2023-09-20,0.0030860616905190597,0.00022956011143291093
2023-09-21,-0.013653512936403822,-0.0024005824367134107
2023-09-22,-0.0007054256299211525,0.0006065639823874812
2023-09-25,-0.0006068708918113286,0.0
2023-09-26,-0.007292672506140074,-0.00036119865092099643
2023-09-27,0.001845719665647394,-0.000667413896438837
2023-09-28,0.0006749325965260677,-0.004702482040925094
2023-09-29,0.002360978357319299,0.002667829236389163
2023-10-02,-0.0013865145391225298,0.0
2023-10-03,-0.010678106739175575,-0.0037697350530422223
2023-10-04,-0.002997357887002172,-0.0031464989929785416
2023-10-05,0.0009870032860790356,-8.420784778102042e-05
2023-10-06,0.004635215035896811,-0.0026603652627260827
2023-10-09,0.006325278781954546,0.0
2023-10-10,0.011583148013804223,0.003268068620889869
2023-10-11,-0.0026247884672854216,0.0014846572716396887
2023-10-12,0.0055987635337808594,0.0009018014442752133
2023-10-13,-0.004431223739714496,0.002591546546915169
2023-10-16,0.003191446528234998,0.0
2023-10-17,-0.002495801427485067,-0.00422583252478595
2023-10-18,-0.005313249426709743,0.0004467689104287854
2023-10-19,-0.00938835196039034,-0.0011275129158490993
2023-10-20,-0.014802772708495171,-0.0017618354868322418
2023-10-23,-0.002067315773058853,0.0
2023-10-24,0.0037162001085553342,0.0003245976601930432
2023-10-25,-0.0038546683692796124,-0.005593033638023692
2023-10-26,-0.005776876873952896,-0.002661583329060741
2023-10-27,-0.0068135242124638395,0.00047486585647449944
2023-10-30,0.0010445039603730333,0.0
2023-10-31,0.007005655873246308,0.0010150262425783652
2023-11-01,0.010499868817637426,0.003793600442830514
2023-11-02,0.0132727281434033,0.0014512855930231324
2023-11-03,0.004610804596558271,0.000508518673552205
2023-11-06,-0.0033538510201278626,0.0
2023-11-07,0.0060918847330804216,-0.0008311327268199832
2023-11-08,-0.002389316423425991,0.0013807330505336225
2023-11-09,0.0030353246574896797,0.0038790276896445266
2023-11-10,-0.002461291363694995,-0.003337497929839062
2023-11-13,0.005353424229431747,0.0
2023-11-14,0.007111080657930424,-0.0026302663614699573
2023-11-15,0.002609070956044235,0.0013852017992832036
2023-11-16,-0.004084031838177182,0.0023262688350353276
2023-11-17,0.003097701107505957,-0.002962071587425896
2023-11-20,0.00042216324610899747,0.0
2023-11-21,0.0012041237581235098,-0.001027119299757695
2023-11-22,0.006891969160983447,9.9791707514074e-05
2023-11-23,-0.00103022528730079,-0.0006705313955717162
2023-11-24,-0.0018120512424805169,0.001198456019579669
2023-11-27,-7.761769297165433e-05,0.0
2023-11-28,-0.0017718506227485387,-0.0018802197465199427
2023-11-29,0.0022964450717724016,0.0005939236174811456
2023-11-30,0.0034747630062585966,-5.298556485359155e-05
2023-12-01,0.010309621867435892,0.00023361078380553524
2023-12-04,-0.0006873761895181962,0.0
2023-12-05,0.0050750833243120574,0.0021086507477096313
2023-12-06,0.002269449382231281,0.0034120863653690106
2023-12-07,0.0007270196616055991,-0.0001568526899435068
2023-12-08,0.0039874522057150585,-1.3268022699003365e-05
2023-12-11,0.002320474061105582,0.0
2023-12-12,0.0009468800606051708,-0.004434412501235402
2023-12-13,0.003672073674580778,-0.004269541092049264
2023-12-14,0.0003872559064579395,0.004896987648348177
2023-12-15,0.007082532592549429,-0.004973995392061445
2023-12-18,-0.000633369487783364,0.0
2023-12-19,0.0023770446759274755,-0.0007186133010068708
2023-12-20,0.0032680949181458363,0.0024863408425370406
2023-12-21,-0.0063454184506354094,0.0032009907320589837
2023-12-22,0.00282814839862211,-0.0009233180556384946
2023-12-25,-4.454955808808059e-06,0.0
2023-12-26,-4.454955342403366e-06,0.0
2023-12-27,-0.00225444502124994,0.0
2023-12-28,0.003246173958304288,-7.682823423035278e-05
2023-12-29,0.0009213431805079608,-0.00031364116167460505
2024-01-01,-4.456527462615156e-06,0.0
2024-01-02,-0.001280027172545939,0.0
2024-01-03,-0.0030770537847508717,-0.0020072438535415236
2024-01-04,-0.0017258110212253763,-0.00271074469806874
2024-01-05,-0.0016802037585043061,0.0015048792413930646
2024-01-08,0.0016861881431700088,0.0
2024-01-09,0.005309570211850856,-7.584162933746961e-05
2024-01-10,0.00042703856357628744,0.003307381579716795
2024-01-11,-0.004543664015836502,0.00926870954806096
2024-01-12,0.0068871252173829944,0.0006915357691359369
2024-01-15,-1.6819554626179567e-05,0.0
2024-01-16,0.001921085728558758,-0.0015434019093951978
2024-01-17,-0.007024132719601672,-0.001945930757714126
2024-01-18,0.003440114804524441,0.002560101052151453
2024-01-19,0.003214602618863527,-0.0032409430356406476
2024-01-22,0.009784893763882918,0.0
2024-01-23,0.00015497921025953154,-7.037279908091436e-05
2024-01-24,0.0042581659679084005,0.0033719280970290863
2024-01-25,0.004726615637298703,0.0016807262057583205
2024-01-26,0.0005018878949538674,0.005482856409287029
2024-01-29,0.00419977560245699,0.0
2024-01-30,0.0021590127528268166,-0.004041045196895798
2024-01-31,-0.004223333361913273,-0.00112259311470696
2024-02-01,-0.003211211522918256,0.001437534733462292
2024-02-02,0.012752213351758579,0.003980529509756292
2024-02-05,-0.0002501660828299057,0.0
2024-02-06,0.0023084387290970287,-0.001388648119645186
2024-02-07,0.0033726319198348342,-0.0031672671263969
2024-02-08,-1.6847745219594756e-05,-0.0044867997252460105
2024-02-09,0.0011236949159780796,-0.0020692012717544116
2024-02-12,0.007097161153723164,0.0
2024-02-13,-0.008380504133705169,-0.0014709496089269692
2024-02-14,0.0016631231164880855,0.006072627416795956
2024-02-15,0.0043550697749434875,0.0008931014090156453
2024-02-16,0.0030789534241451033,-0.002474733658234829
2024-02-19,-0.001839074292137366,0.0
2024-02-20,-0.007463590622091898,0.0017441189222751285
2024-02-21,-0.0019479165774204388,-0.0017132665817044146
2024-02-22,0.014152550685242238,0.006750037830205368
2024-02-23,0.0036133051419504625,0.0020409280391177897
2024-02-26,-0.003636494448394645,0.0
2024-02-27,-0.0016330029062321394,0.00078943306700886
2024-02-28,0.0005272524838302317,0.0010901100298476795
2024-02-29,0.0027480106016868344,-0.001043323934845264
2024-03-01,0.00511100378620033,0.009297179217234724
2024-03-04,0.00022476221656941853,0.0
2024-03-05,-0.0045334753531534044,-0.003724863901576475
2024-03-06,0.0033215031445461562,-0.0013865622584355974
2024-03-07,0.004006807027706172,-0.0077989397462008055
2024-03-08,0.0008007493453037196,0.00423613052632259
2024-03-11,-0.006061440630525272,0.0
2024-03-12,0.006854303756216096,0.0045368505542349
2024-03-13,0.00042878551089930994,0.004832281897629731
2024-03-14,-0.00013769251685069595,0.0018007029771248129
2024-03-15,-0.004963742705056395,-0.0029842566310251282
2024-03-18,0.006797535783966913,0.0
2024-03-19,0.0016840936117654692,-0.0011430052647628307
2024-03-20,0.0018844283145920127,0.0016907857261175942
2024-03-21,0.01229388430776468,0.005077327057293546
2024-03-22,1.2370755141155598e-05,0.006519514059159226
2024-03-25,-0.0027944954037975034,0.0
2024-03-26,0.0017370034136767742,0.0011487435288725866
2024-03-27,0.0003897417283960092,-0.00664664481265001
2024-03-28,0.005321844649661678,-0.0005606457975934786
2024-03-29,-4.459534147849276e-06,0.0
2024-04-01,-4.459533687217743e-06,0.0
2024-04-02,-0.008274966266080042,0.0
2024-04-03,0.0009375940944547079,0.005597584548891993
2024-04-04,0.0014227890233582396,0.0032854639107230132
2024-04-05,-0.0062212249423422294,0.0028375308915590787
2024-04-08,0.0007803885339026095,0.0
2024-04-09,-0.003709847223621443,8.49965301261274e-05
2024-04-10,0.0030181188020783623,-0.00034822426420901833
2024-04-11,0.0010934359538792293,-0.002209098547837021
2024-04-12,0.0045061468576885755,0.0005138324754807244
2024-04-15,-0.0028782824704836063,0.0
2024-04-16,-0.013616247049264674,0.0009441919126432663
2024-04-17,-0.004309905909691825,0.002843035782998471
2024-04-18,0.0016124544567956978,-0.0004795693863154538
2024-04-19,-0.007695437917885184,0.0006260597695158438
2024-04-22,0.002186485605291777,0.0
2024-04-23,0.009194877368516652,0.003644247839615932
2024-04-24,-0.0009705775199029265,-0.0011132425401831735
2024-04-25,-0.010478272748746686,-0.004932081892059651
2024-04-26,0.01603801230167967,0.002210873168528793
2024-04-29,0.0006546823696713666,0.0
2024-04-30,-0.0025796816808344447,0.0031786729646010813
2024-05-01,-4.457515092481934e-06,0.0018627040896420201
2024-05-02,-0.005515691846065929,0.00030304953656697944
2024-05-03,0.007499411978881154,-0.00014097339827097153
2024-05-06,0.006793801887404971,0.0
2024-05-07,0.005715873786148906,0.0007019087278103964
2024-05-08,-0.0005127674356996126,-0.0010494039607498395
2024-05-09,0.001108363359704434,0.0004534926780952908
2024-05-10,0.002546559779385449,-0.0009001272601202649
2024-05-13,-0.0009882376108109048,0.0
2024-05-14,-0.00068582583330834,0.0022092077763968157
2024-05-15,0.007717123477224197,0.0022730776945523836
2024-05-16,0.002696501036707488,6.69410273153925e-05
2024-05-17,-0.002964873464367912,-0.00033466690956952534
2024-05-20,0.004748336920685325,0.0
2024-05-21,-0.0019015850521229005,-0.0013152173343601414
2024-05-22,0.00034121976558165734,-0.0008203313936225864
2024-05-23,-0.00041308935066286523,-0.0003274869489061861
2024-05-24,-0.003036489340364268,-0.0013938642460658345
2024-05-27,0.0023242907782894395,0.0
2024-05-28,-0.003950912893690983,0.0002590007347538892
2024-05-29,-0.0036799924378905224,0.001959575857472684
2024-05-30,-0.0025692464582387498,0.0014777253414702154
2024-05-31,-0.0046368810324539655,-0.004008046393834541
2024-06-03,0.0067439430192672845,0.0
2024-06-04,-0.0017872540109082902,0.00012644443747293898
2024-06-05,0.010423751005005588,-0.0005807880952396038
2024-06-06,0.0027424406641125554,0.0009320623501740124
2024-06-07,0.003343925771294165,0.00027288294413658766
2024-06-10,0.0027124095968407147,0.0
2024-06-11,-0.0013048962610517911,-0.0015024764417681524
2024-06-12,0.005463458950243361,0.0044660273054713765
2024-06-13,0.0002140667451828726,0.0024342147073954656
2024-06-14,0.003036570176977671,0.000965520294064681
2024-06-17,-0.00026304725940806684,0.0
2024-06-18,0.004966459057106798,0.0007523109452441056
2024-06-19,0.0008398941338045862,0.0005606681382942957
2024-06-20,0.003080674430164132,-0.00045328146873442333
2024-06-21,-0.0029448618426400897,-0.0008817110226546742
2024-06-24,0.0012639536936529527,0.0
2024-06-25,-0.0004956594671570169,-0.0013563778850663622
2024-06-26,-0.0002512835428648552,0.0007897372532169934
2024-06-27,-0.00034080742609210457,0.0007349137858345678
2024-06-28,0.0029162815512233653,8.156296886560057e-05
2024-07-01,-0.005071175938260897,0.0
2024-07-02,0.001805389730017204,-0.0026897708246744643
2024-07-03,0.0026774122729242844,0.0016242180621321544
2024-07-04,0.0016850835234178962,-0.0007402809920314613
2024-07-05,0.0003238279517534526,0.001858143668797041
2024-07-08,0.0021249817262032344,0.0
2024-07-09,0.0004577233916585044,0.002135850192036415
2024-07-10,0.0040096723621605435,0.0014823366175076846
2024-07-11,-0.0008917221021024213,-0.0011152199773366016
2024-07-12,0.003996878756078681,-0.0034631663600592447
2024-07-15,0.0005846786715286711,0.0
2024-07-16,0.0016319967534221824,-0.002481285607869044
2024-07-17,-0.00879865458013751,-0.005002115552160414
2024-07-18,-0.005509172559590381,-0.00676032250824431
2024-07-19,-0.00579448143486494,5.9009983595348457e-05
2024-07-22,0.00363632946925474,0.0
2024-07-23,0.008377166920084722,0.0073578291036113805
2024-07-24,-0.014378422487860476,-0.002738873454196944
2024-07-25,-0.004254343126324223,-0.0004614800231260152
2024-07-26,0.001682062739589707,-0.004010946378905489
2024-07-29,0.002283185301031443,0.0
2024-07-30,0.0005318902773698841,-0.0024468013046132107
2024-07-31,0.013213887585038053,0.004509452836289252
2024-08-01,-0.008218897543217363,0.004939742700501149
2024-08-02,-0.03257516980213393,-0.00066695919600559
2024-08-05,-0.019337735348223806,0.0
2024-08-06,0.00751707969127291,-0.006296905311565592
2024-08-07,0.011249500699027415,0.0051155073504080655
2024-08-08,0.00020307982566847294,0.005024627055453657
2024-08-09,0.0030547108537553047,0.0037136995571246836
2024-08-12,0.0017823821464109102,0.0
2024-08-13,0.009047228012965203,0.0025756910047301405
2024-08-14,0.0020293481454141116,0.00441292105801152
2024-08-15,0.013983391713872972,-0.0016593528115252053
2024-08-16,0.0009913193764761186,0.0009774650459939195
2024-08-19,0.002091145854295373,0.0
2024-08-20,-0.0014675083401124445,-2.7403056131136673e-06
2024-08-21,0.0013533251525783552,-0.0017617275305066738
2024-08-22,0.0009289418287101725,-0.0024067250060314516
2024-08-23,0.00045626569273848894,0.0010036247312556702
2024-08-26,-0.000497484202048093,0.0
2024-08-27,-4.824481646636958e-05,-0.0014004875715037056
2024-08-28,0.00021492633367814484,0.0017787041273513383
2024-08-29,0.009711066895689457,0.0008423437508885412
2024-08-30,-0.0029968806027887984,0.0012971445902925094
2024-09-02,0.004453327591899203,0.0
2024-09-03,-0.007927937153936249,0.0015214320098086765
2024-09-04,-0.009280767042806892,-0.0016261913071754174
2024-09-05,-0.004795765456895085,-0.0007949274194219537
2024-09-06,-0.010881380637530191,-0.000847707583394386
2024-09-09,0.00972732560444367,0.0
2024-09-10,0.001813460762273511,0.00495827796480599
2024-09-11,-0.0037528325795948003,0.002145116678929826
2024-09-12,0.015207282708102454,0.002803525126842865
2024-09-13,0.006164629055231741,0.0021276236552506766
2024-09-16,-0.003373256586951201,0.0
2024-09-17,0.00475991092230843,0.0013794022276835348
2024-09-18,-0.0049156002923920195,0.0016093083453659562
2024-09-19,0.011474197420562326,0.001707283385080771
2024-09-20,-0.005423929739485023,-0.0012870981234657352
2024-09-23,0.006185698161132125,0.0
2024-09-24,0.0007459662393676236,0.00214226337438157
2024-09-25,-0.00011981534130689475,0.00033736500721275313
2024-09-26,0.002482159736447498,-0.002423622465166608
2024-09-27,0.00297330847055588,-0.001436317092069339
2024-09-30,-0.0020010472932402434,0.0
2024-10-01,0.0025414057185388916,-0.0006580760237925309
2024-10-02,0.0023866079323044964,-0.0012810460803551638
2024-10-03,-0.0023119022277978685,-0.0007834529765597287
2024-10-04,0.004393008674527854,0.0010679260813106772
2024-10-07,0.00249255706270457,0.0
2024-10-08,-0.0008523729589919871,0.001637309230755357
2024-10-09,0.006569362210791407,0.0018162923505174347
2024-10-10,0.0015901013350207993,0.001620948183668802
2024-10-11,0.003183064993214524,0.00044576096384461026
2024-10-14,0.0068726309899473925,0.0
2024-10-15,-0.0013269797694086538,0.002215374656251723
2024-10-16,-6.936648554456415e-05,0.0004104709820811792
2024-10-17,0.007506211878770097,0.00034110791347838896
2024-10-18,-0.000643704963817493,0.0023634696763837892
2024-10-21,-0.004276486339256813,0.0
2024-10-22,0.0007866543541339421,0.0021753806596054416
2024-10-23,-0.00240236334040711,-0.0016066116404788834
2024-10-24,-0.0008090212316850254,0.0013018533060772052
2024-10-25,0.002292362745729193,0.0032248569600835443
2024-10-28,3.058323625459991e-07,0.0
2024-10-29,-1.9600757400706215e-05,0.00040866359257201167
2024-10-30,-0.00444429591191875,0.00023247832804520487
2024-10-31,-0.014594400996953416,0.001107161599575368
2024-11-01,0.0057942861924391575,0.0019355931642981662
2024-11-04,-0.006336744003832884,0.0
2024-11-05,0.004072551292829241,0.002583359655577144
2024-11-06,0.02625713442023958,0.008256388040376117
2024-11-07,0.0044758945382976645,0.004661647444796246
2024-11-08,0.006581802239862267,0.003818821930796479
2024-11-11,0.009796211746635253,0.0
2024-11-12,-0.002908402951771527,0.00240213316925898
2024-11-13,0.003117050324340287,-0.0017977966909536068
2024-11-14,3.171453827333082e-05,0.004015232771976807
2024-11-15,-0.011447828616736544,0.006018898250743721
2024-11-18,0.002697407932688467,0.0
2024-11-19,-0.000765755647800126,0.003799758694761468
2024-11-20,0.00010466399898434453,0.0018766874664258415
2024-11-21,0.01118744824001805,-4.474358415450518e-05
2024-11-22,0.010452975983240353,0.000669023871034402
2024-11-25,-0.001416688005526745,0.0
2024-11-26,0.0012397205189842442,6.778188632364785e-05
2024-11-27,-0.006875876605571873,-0.002392970940445205
2024-11-28,0.004506814424948269,-1.1976425073734195e-05
2024-11-29,0.0033620939623828505,-0.001349514825199649
2024-12-02,0.007821328492507273,0.0
2024-12-03,-0.0007954038192019564,0.004460487852957562
2024-12-04,0.002881675361390945,0.009318460098173697
2024-12-05,-0.0007198980111259301,-0.0012251896731505954
2024-12-06,0.00042828444542886146,0.002529291805100442
2024-12-09,-0.002970617259216879,0.0
2024-12-10,0.0011336019057854863,-0.0008136883840191735
2024-12-11,0.004842123405425447,0.0034419817856811146
2024-12-12,-0.002286953387240942,-0.0013089937127883755
2024-12-13,-0.004708732525554926,0.00017334651112413976
2024-12-16,0.0014852218428147435,0.0
2024-12-17,-0.0024256709042695945,-0.0027629074938311793
2024-12-18,0.0019392393262680496,-0.00343210117457371
2024-12-19,-0.013466950782643594,-0.005559217287085128
2024-12-20,0.0014275262793124188,0.0014013859650498619
2024-12-23,-0.002207063456780012,0.0
2024-12-24,-4.4853509031383965e-06,-0.0005242039865389958
2024-12-25,-4.485350475924577e-06,0.0
2024-12-26,-4.485350048599734e-06,0.0
2024-12-27,0.003529002298020334,0.0
2024-12-30,-0.0071688279375954345,0.0
2024-12-31,-4.484950654415343e-06,-0.001087204628069638
2025-01-01,-4.484950226535389e-06,0.0
2025-01-02,0.01344528303787551,0.0
2025-01-03,-0.0022075243239453313,-0.00065146477439893
2025-01-06,0.00479363250374365,0.0
2025-01-07,-0.006511930262975807,-0.0022008263299285015
2025-01-08,0.000427241359709285,-0.001494796643864038
2025-01-09,0.0005938023099325562,0.00031586534308855054
2025-01-10,-0.00858352884520086,-0.00024278694458907958
2025-01-13,-0.001257228476812089,0.0
2025-01-14,-0.002118372396806012,0.001287923266623403
2025-01-15,0.014300366991186975,0.002635497956679811
2025-01-16,0.0014664567671565099,0.0020376127126261303
2025-01-17,0.007383009401312979,0.0027573624107751493
2025-01-20,-0.00370352577305999,0.0
2025-01-21,0.0012085166351416543,0.0009140844456593468
2025-01-22,0.006687632675973276,-0.0008665620888792302
2025-01-23,0.000602693222264028,0.00012491580655954457
2025-01-24,-0.0038702886384460733,0.0003250346695489403
2025-01-27,-0.013463384613009555,0.0
2025-01-28,0.010625132762484224,-0.0006791038349725386
2025-01-29,0.002523029491123152,0.000571187433462006
2025-01-30,0.00299589078148621,0.0001690866660864044
2025-01-31,0.009204719939898576,0.0011726058349897039
2025-02-03,-0.006661815270518456,0.0
2025-02-04,-2.9730488836254843e-05,-0.0026459797326305766
2025-02-05,-0.002122723367668944,0.0030011597211773927
2025-02-06,0.009440327773705404,0.0026043534771039044
2025-02-07,-0.0023090072974956133,0.00033329061782140236
2025-02-10,0.005441192050688937,0.0
2025-02-11,-0.0027192883019677705,-7.717141731471426e-05
2025-02-12,-0.006091928131110258,0.001989159640726257
2025-02-13,0.005686592350821362,-0.0015596731025226517
2025-02-14,-0.0022608830617401043,0.0006483117457307452
2025-02-17,0.0036181841650464452,0.0
2025-02-18,0.00022366416285302115,8.566431401135777e-05
2025-02-19,0.001631385125040019,-1.61338458213867e-05
2025-02-20,-0.007920887948176136,-6.828937094126579e-05
2025-02-21,0.0018806800811443924,-0.003193585611220484
2025-02-24,-0.00937393082951632,0.0
2025-02-25,-0.011791876409173119,-0.0006355073433408464
2025-02-26,0.009957658181880324,0.003582551573734427
2025-02-27,0.0022520034954673918,0.000908071721085124
2025-02-28,-0.008143408094410609,0.0024046450633919635
2025-03-03,0.001256338943822266,0.0
2025-03-04,-0.026899755713693074,-0.007294410304033749
2025-03-05,-0.014867415047657206,-0.004101069946293622
2025-03-06,-2.4136062934609903e-05,-0.004066844411733217
2025-03-07,-0.013568379048640167,-0.005487416063472094
2025-03-10,-0.006424445006383173,0.0
2025-03-11,-0.016984709487484317,-0.0001739872419015409
2025-03-12,0.008846216251351846,0.004126951710133986
2025-03-13,-0.005750410597665345,0.0016339308961473733
2025-03-14,0.009378631598699005,0.003886988027993066
2025-03-17,0.004318834064249488,0.0
2025-03-18,-0.0038337993973269757,-0.0009917448847090115
2025-03-19,0.008931892276475617,0.0020591266399378025
2025-03-20,0.003183254959391757,0.0031010610441144833
2025-03-21,-0.0024086342481686174,0.003568213354975891
2025-03-24,0.014260246169614632,0.0
2025-03-25,0.0013760640144535596,-0.001544067235866997
2025-03-26,-0.003812000274673877,-0.002067222263773216
2025-03-27,-0.003857751732018966,-0.005211004578177236
2025-03-28,-0.016383969167057533,-0.0005976652452302279
2025-03-31,-0.005405483846809167,0.0
2025-04-01,0.010634300699832178,-0.0004433624799418001
2025-04-02,-0.0017354269156035773,0.000892849723626532
2025-04-03,-0.03873309450672868,-0.007123503208562354
2025-04-04,-0.03691512298787736,-0.013570126538530458
2025-04-07,-0.021550707023087146,0.0
2025-04-08,0.024737688871838026,-0.020701804639839727
2025-04-09,-0.03723748776694025,0.009854861343329935
2025-04-10,0.03203921459041026,-0.024207722662165542
2025-04-11,-0.009463863576352205,0.0054066268652568136
2025-04-14,0.025265989267371003,0.0
2025-04-15,0.008461660419738726,0.0030827123456329984
2025-04-16,-0.009484731231244714,0.002467744505978597
2025-04-17,-0.008111514652157092,-0.002166040216394116
2025-04-18,-4.3873863536658675e-06,0.0
2025-04-21,-4.387385808879429e-06,0.0
2025-04-22,-0.0055975678955173525,0.0
2025-04-23,0.02324468029905824,0.004492672564984889
2025-04-24,0.008154012710678726,0.0026102924286522723
2025-04-25,0.0026212710285795637,0.0037890169068456768
2025-04-28,0.001552199698611867,0.0
2025-04-29,0.0045911932209588,0.0011791518689827974
2025-04-30,0.003212102268512318,0.000750651614335962
2025-05-01,-4.4000545500466615e-06,0.0018796148443217752
2025-05-02,0.01855340689635887,-0.005401298745101535
2025-05-05,0.001095096593786371,0.0
2025-05-06,-0.004325871821092564,0.0012732409969929193
2025-05-07,-0.0033369209417628554,0.00024880414979832065
2025-05-08,0.013143534970010418,0.0007033973463320242
2025-05-09,-0.00096620054299279,0.0003780295331380024
2025-05-12,0.025440206079307526,0.0
2025-05-13,0.004645360260735254,0.0015966264099271156
2025-05-14,-0.0021811366564905565,0.0004262975973137518
2025-05-15,0.0037865636470824082,-0.0016807210565010665
2025-05-16,0.0062523303507286965,0.00047258161587662153
2025-05-19,-0.004485971853372628,0.0
2025-05-20,0.0013180612623666654,0.0002313511260966794
2025-05-21,-0.0065332348140928476,-0.000270566976666109
2025-05-22,-0.006123608445917861,-0.0006806934288616451
2025-05-23,-0.008305834364735643,0.0005350661446595682
2025-05-26,0.007321382930297382,0.0
2025-05-27,0.0072528661873059175,0.0015427290726539589
2025-05-28,0.0007699854618443691,0.0016741135172890999
2025-05-29,-0.0033254225803970305,-1.6854273322874924e-05
2025-05-30,0.0004552735624063775,-0.0007264102676462602
2025-06-02,-0.003950473263594656,0.0
2025-06-03,0.0098564916262589,0.002993120287438766
2025-06-04,0.0001915010286150931,0.001030241619819594
2025-06-05,-0.00032063710858998284,0.0008612548284707256
2025-06-06,0.0031404009297393287,8.748900951687232e-05
2025-06-09,-2.781245065019977e-05,0.0
2025-06-10,0.0005343162256721268,0.0002778226924401217
2025-06-11,0.00023794957917355752,-0.0008406624610530987
2025-06-12,-0.006459009546020633,-2.420674383645237e-05
2025-06-13,-0.0041655329691436815,-0.0031140856755295207
2025-06-16,0.003459810920711348,0.0
2025-06-17,-0.001991065309463469,0.0025698065308201287
2025-06-18,-0.00019385114978931473,0.0009926504730942587
2025-06-19,-0.007012606678927891,-0.0004893864317611962
2025-06-20,0.0029886486867187756,-1.2264671613415601e-05
2025-06-23,-0.0018325031005256287,0.0
2025-06-24,0.007338994954027456,0.0025280147867045243
2025-06-25,-0.0006386600434141743,0.002942591796593841
2025-06-26,0.0003583089996888056,0.0006918420966470551
2025-06-27,0.006854810671189648,0.0022393517995214604
2025-06-30,-0.0017757682439893951,0.0
2025-07-01,-0.001491006480043633,-0.0024227788178942445
2025-07-02,0.0020219871446254256,0.0009913403760413164
2025-07-03,0.00821676750444067,0.00022917477533652704
2025-07-04,-0.005216629367080894,0.00047595780469580353
2025-07-07,0.0022086233686433587,0.0
2025-07-08,-0.00025147252847324,-0.0007264180602240434
2025-07-09,0.0026680988555471963,0.004646752584047519
2025-07-10,0.005653407659325982,0.0015249142823344775
2025-07-11,-0.005148422456725643,-0.0012422171841614425
2025-07-14,0.0008279258884102969,0.0
2025-07-15,0.004561223147628857,0.0001357865369421285
2025-07-16,-0.011994952420281257,0.001361832014880582
2025-07-17,0.01510000933197908,0.0018512186449251566
2025-07-18,-0.0028727417330015603,-0.0007995579736681969
2025-07-21,0.001656264922927475,0.0
2025-07-22,-0.005361762697233874,0.00035238679196046845
2025-07-23,0.007350567376013917,-0.0021664001032564717
2025-07-24,0.0009542103628450427,-0.000594349945424022
2025-07-25,0.0015036788237734466,4.678303530747342e-06
2025-07-28,0.007213770499618022,0.0
2025-07-29,0.0035473554825384834,-0.0016543439448258865
2025-07-30,0.0035302063358355618,0.0013486993247515898
2025-07-31,0.0023116603848269968,0.0032858389641333913
2025-08-01,-0.0246651474933256,-0.0012754811214187865
2025-08-04,0.009897840635030963,0.0
2025-08-05,-0.00203580017035232,0.0028054595043376816
2025-08-06,0.0021229743350688057,0.0012990685272076807
2025-08-07,0.001836220330938776,0.00623366454403963
2025-08-08,0.0018620899702159743,-0.002039781957297548
2025-08-11,0.004756587802217327,0.0
2025-08-12,-0.0004929293193320916,9.491871250584256e-05
2025-08-13,0.0017317424045224517,-0.0013112122533796343
2025-08-14,0.004408995271001803,0.0024467027830607615
2025-08-15,-0.003547995596422604,-0.0023566955922053492
2025-08-18,0.0009875540680921446,0.0
2025-08-19,0.000267932089665468,-0.004379465242674363
2025-08-20,-0.003904483562804262,-0.0037521708092174036
2025-08-21,0.002702441203797701,-0.0007528062411019887
2025-08-22,0.005080201230311943,0.004909908027442056
2025-08-25,-0.001366151429680773,0.0
2025-08-26,-0.0016154273574984224,0.0015743419859766351
2025-08-27,0.006508175856819287,-0.001186541454662571
2025-08-28,-0.0018083356287313945,0.0005022564120949702
2025-08-29,-0.006458907683615789,-0.0031143859798105633
2025-09-01,0.0021710108578298914,0.0
2025-09-02,-0.01005867080773204,-0.0012791488155953657
2025-09-03,0.006291040738932718,-0.00024958158397299086
2025-09-04,0.0071743363934915205,0.0025334663511677124
2025-09-05,-0.004710535673640659,0.0019390707526195428
2025-09-08,0.005211335792657756,0.0
2025-09-09,0.00030532699784990847,0.004030941410753464
2025-09-10,0.0042117450626164565,0.005530385403382132
2025-09-11,0.005325000503080046,-0.002234686863396185
2025-09-12,-0.00032735068482003804,-0.00025299442302022517
2025-09-15,0.0013876065469662358,0.0
2025-09-16,-0.006837717715096114,0.0012832384619713476
2025-09-17,-0.0003731622553845293,-0.0004960029725131986
2025-09-18,0.00878328029161235,0.00404466852632096
2025-09-19,0.0007362426462178551,0.0006333945144134547
2025-09-22,0.0015785295073020844,0.0
2025-09-23,0.0006634983813802453,0.0023915884379688834
2025-09-24,-0.0013028448357922384,-0.0008781169929460431
2025-09-25,-0.0015297040741710788,-0.00026746720044417153
2025-09-26,0.0011630335617021093,-0.0005550446915219553
2025-09-29,0.002625339873759236,0.0
2025-09-30,-0.001032123285748754,-0.005592965830006813
2025-10-01,0.006077320397374075,0.0017417842687163841
2025-10-02,0.0032453170039452583,0.002780739050367842
2025-10-03,0.0038747924365689634,-0.002112459546752232
2025-10-06,0.0023344703523247023,0.0
2025-10-07,-0.0014815465506485825,-0.0010772492633428499
2025-10-08,0.007764218702698056,0.000518146761670002
2025-10-09,0.0004623833871177929,0.0017334232381940762
2025-10-10,-0.015710856664396644,-0.0007424928753174689
2025-10-13,0.005717957945626573,0.0
2025-10-14,-0.002591937851432191,0.0050603176891621075
2025-10-15,0.004670313159532924,0.004131248424454725
2025-10-16,-0.0004388014215574998,0.0033752563848221005
2025-10-17,-0.00940795758984836,-0.00556334473915614
2025-10-20,0.014671250069520303,0.0
2025-10-21,0.0035301587617286856,0.0024580053780421498
2025-10-22,-0.0047922103240500835,-0.0035867421817176617
2025-10-23,0.003355181040466393,-3.175663309346044e-05
2025-10-24,0.005827489005309161,-0.0020966773185544406
2025-10-27,0.005707533098966211,0.0
2025-10-28,0.0012862441140828462,0.0037747364787567243
2025-10-29,0.0017064301114864122,0.003087849168321133
2025-10-30,0.0009425583618263289,-0.002293604993979037
2025-10-31,-0.0005254573074385815,0.00217027787264853
2025-11-03,0.0008074324315516801,0.0
2025-11-04,-0.003353075459602173,-0.003474302438154553
2025-11-05,0.0011032529985339767,0.0012974998116926924
2025-11-06,-0.01194844155802266,-0.0004047903665049369
2025-11-07,-0.010565648300415731,-0.005881694292311312
2025-11-10,0.01658779156604684,0.0
2025-11-11,0.003476318046367499,0.00016634349081002826
2025-11-12,0.004929215371803464,0.002072294238356731
2025-11-13,-0.011721035208559938,-0.0036178093121549404
2025-11-14,-0.001561907124201789,-0.0037065190669066553
2025-11-17,-0.0028661265950896686,0.0
2025-11-18,-0.011320936072087728,-0.002211260746475863
2025-11-19,0.0016653861326876296,-0.0009255219359038392
2025-11-20,0.004999729632181982,0.00044263447117068875
2025-11-21,-0.007283847917076147,-0.002418170488654603
2025-11-24,0.009858761888659417,0.0
2025-11-25,0.002675493379476812,0.0035592908385663202
2025-11-26,0.009855511322425237,0.0019516135066753202
2025-11-27,-0.0008222609007635384,0.0007499922860825459
2025-11-28,0.003254834728575462,0.0004892249223618417
2025-12-01,-0.003827772737984292,0.0
2025-12-02,3.196389660931054e-05,0.001405094906538018
2025-12-03,0.0001036837306205296,0.0015042569101224256
2025-12-04,0.0017525508308193771,-0.0004146058155332312
2025-12-05,0.002908986666910085,0.001862734482792261
2025-12-08,-0.002049452463549817,0.0
2025-12-09,0.0010463546477457175,0.0009959304393430293
2025-12-10,-0.002006790094567501,-3.374276144286754e-05
2025-12-11,-0.003160437840790231,0.00015416215564612035
2025-12-12,-0.0048387420067079745,0.0006253835991205882
2025-12-15,0.0008705616817217265,0.0
2025-12-16,-0.005171911299802878,-0.0009567139289263116
2025-12-17,-0.0042241992995677435,-0.0007852711195955211
2025-12-18,0.010184253799478293,0.0015909818558521806
2025-12-19,0.0027704097616210177,-0.0005255749520155506
2025-12-22,0.0017852744988056113,0.0
2025-12-23,0.0024570897536173586,0.0013736768199081207
2025-12-24,-4.4498307684159855e-06,0.0004497751124437732
2025-12-25,-4.449830297237334e-06,0.0
2025-12-26,-4.449829825725615e-06,0.0
2025-12-29,0.0015873930467231734,0.0
2025-12-30,0.0013956518058548806,0.0016862020577918192
2025-12-31,-4.450059043703547e-06,0.0003738182524363199
