,core
2019-01-01,0.0
2019-01-02,0.003808476575484665
2019-01-03,-0.0055491966299273665
2019-01-04,0.004004116283345072
2019-01-07,0.001482447619710614
2019-01-08,6.761883467576446e-05
2019-01-09,0.0031368587678866078
2019-01-10,0.0017166854138479515
2019-01-11,0.0018194124712134219
2019-01-14,-0.0004804222447145623
2019-01-15,0.004661220005542921
2019-01-16,0.002690179894611955
2019-01-17,-0.0003786310478556265
2019-01-18,0.005581549913298289
2019-01-21,-0.0011279920040258018
2019-01-22,-0.0007770998567344645
2019-01-23,-0.0015752579249405096
2019-01-24,0.0038979827193121874
2019-01-25,0.0020974053435780515
2019-01-28,-0.004322981812898363
2019-01-29,0.0013415582444751273
2019-01-30,0.0028430920029227646
2019-01-31,0.00483213222785861
2019-02-01,0.00010475140875221278
2019-02-04,0.0004998359016221698
2019-02-05,0.004532675577004541
2019-02-06,-0.0005467635214658761
2019-02-07,-0.003702231258571831
2019-02-08,-0.0001756209012210297
2019-02-11,0.002811770336413666
2019-02-12,0.0025919192366783417
2019-02-13,0.0029781003174300658
2019-02-14,-0.0009651581006713261
2019-02-15,0.004249771112946776
2019-02-18,0.00018872905854872002
2019-02-19,0.0003432837400649813
2019-02-20,0.00019373779540243774
2019-02-21,-0.0009560358672645597
2019-02-22,0.0020659115337959832
2019-02-25,0.0016609388161417105
2019-02-26,-0.0003533404109228311
2019-02-27,-0.0017927315672007227
2019-02-28,-0.000632853778462894
2019-03-01,0.0004513770659764216
2019-03-04,0.0024907066793491417
2019-03-05,0.000484341114560527
2019-03-06,-0.00045325493253434157
2019-03-07,0.0021108277020838173
2019-03-08,-0.004058210725273237
2019-03-11,0.004357892771903016
2019-03-12,0.0009333524481467403
2019-03-13,0.00196271301137263
2019-03-14,0.0009398279631331885
2019-03-15,0.0015638063104073119
2019-03-18,0.000876759968862606
2019-03-19,0.0030595092088985254
2019-03-20,-0.0064105941499574826
2019-03-21,0.005369530669166123
2019-03-22,-0.003357056460199681
2019-03-25,-0.003999046329789646
2019-03-26,0.0059421739077607505
2019-03-27,0.000255369328359345
2019-03-28,0.001592948946831374
2019-03-29,0.004395939098698953
2019-04-01,0.0051913014827840165
2019-04-02,0.0024821507680681254
2019-04-03,0.001458537576858987
2019-04-04,-0.0004433807292761882
2019-04-05,0.0022276657161153235
2019-04-08,-0.0015590568687251505
2019-04-09,-0.0017061978326776694
2019-04-10,0.001845502311217606
2019-04-11,0.0005879482078123832
2019-04-12,-0.0007226405918151491
2019-04-15,0.0006490386078128463
2019-04-16,0.002420098922505609
2019-04-17,-0.0019710241523270833
2019-04-18,0.0037995922024516293
2019-04-19,0.0
2019-04-22,0.0
2019-04-23,0.004724085050175519
2019-04-24,0.0021626834341788026
2019-04-25,0.0008210355509461476
2019-04-26,0.0007314810786318571
2019-04-29,0.0013097298111275357
2019-04-30,-0.002542382590962844
2019-05-01,0.0
2019-05-02,-0.0025270989413869183
2019-05-03,0.004034524201604439
2019-05-06,-0.004421536001193216
2019-05-07,-0.005039989961555524
2019-05-08,-0.002686339412665828
2019-05-09,-0.009396115819486184
2019-05-10,-0.0014837178968539755
2019-05-13,-0.004231327581012967
2019-05-14,0.0074727942188128615
2019-05-15,0.0020294952213812945
2019-05-16,0.00908789137942656
2019-05-17,-0.001512281652185199
2019-05-20,-0.006735502842687313
2019-05-21,0.0035974612434741537
2019-05-22,-0.0005514032241553668
2019-05-23,-0.007727984462502002
2019-05-24,0.0011221604582531963
2019-05-27,0.0020351623795413776
2019-05-28,-0.0004544371808177239
2019-05-29,-0.006248842937805477
2019-05-30,0.0019833014576822183
2019-05-31,-0.0037853929344270343
2019-06-03,-0.0035318054790861586
2019-06-04,0.0054599684740936905
2019-06-05,0.004691632422749725
2019-06-06,0.0018689070960518084
2019-06-07,0.006484627971755419
2019-06-10,0.0
2019-06-11,0.003935048146017639
2019-06-12,-0.0022265045009112194
2019-06-13,0.002261785402430716
2019-06-14,0.0021411413232175214
2019-06-17,0.0006219418272506161
2019-06-18,0.011477947157350066
2019-06-19,-0.0017610813606065978
2019-06-20,0.0036852646418972235
2019-06-21,-0.0012861039327058954
2019-06-24,-0.003579391337770854
2019-06-25,-0.001825113294767422
2019-06-26,-0.0025160988939688655
2019-06-27,0.000646150906349785
2019-06-28,0.003075202524116083
2019-07-01,0.009471502862813841
2019-07-02,0.0015204174968399542
2019-07-03,0.00744575321789509
2019-07-04,0.0015442173430793016
2019-07-05,-0.002526517134783357
2019-07-08,-0.001021764567601835
2019-07-09,-0.0013419863035065704
2019-07-10,-1.0978102630621045e-05
2019-07-11,-0.00048058167484210657
2019-07-12,0.0004218197931427081
2019-07-15,0.002282426770277679
2019-07-16,0.0022936609345156622
2019-07-17,-0.0019110618482118813
2019-07-18,-0.003101527954772365
2019-07-19,0.00405822878294293
2019-07-22,-0.0014603335126114336
2019-07-23,0.005727940141039944
2019-07-24,0.0036662239363367544
2019-07-25,-0.0020134848733189825
2019-07-26,0.003986935951425519
2019-07-29,-0.0007786730447192358
2019-07-30,-0.0036473806700947353
2019-07-31,0.0024265673215948524
2019-08-01,0.0030291026466857662
2019-08-02,-0.017468337532743572
2019-08-05,-0.013450190887265845
2019-08-06,-0.0037455558699227565
2019-08-07,0.0028061707211279874
2019-08-08,0.011597119682457357
2019-08-09,-0.004552287289097956
2019-08-12,-0.0024487988033490282
2019-08-13,0.007460337161562691
2019-08-14,-0.008036655116450464
2019-08-15,0.0010524122168946715
2019-08-16,0.007440700758463814
2019-08-19,0.004795395863912422
2019-08-20,-0.0007011338725068095
2019-08-21,0.0028992315580145256
2019-08-22,-0.002550358036879752
2019-08-23,-0.008200111276484345
2019-08-26,0.0008571064098672476
2019-08-27,0.00432890387101903
2019-08-28,0.0011406049101412297
2019-08-29,0.0077428014391875966
2019-08-30,0.0030740416347678767
2019-09-02,0.00012162334970167166
2019-09-03,-0.0009112576967119645
2019-09-04,0.002047439651198024
2019-09-05,0.004402161768097601
2019-09-06,0.002345693033427132
2019-09-09,-0.00218221660292639
2019-09-10,-0.0033312309765494152
2019-09-11,0.007509301924177203
2019-09-12,0.0018085230186521972
2019-09-13,-0.0011333181950784477
2019-09-16,0.0002335706079519273
2019-09-17,-0.002635073393001508
2019-09-18,8.090038114705322e-05
2019-09-19,0.004834758929870953
2019-09-20,0.0003261429575485142
2019-09-23,-0.000773598060286651
2019-09-24,-0.00036028149926448094
2019-09-25,-0.0013731819691865654
2019-09-26,0.0018656910394296844
2019-09-27,0.0010653454004778684
2019-09-30,0.001375874964081758
2019-10-01,-0.005292300587032006
2019-10-02,-0.01573896282097509
2019-10-03,0.0
2019-10-04,0.008343921065107285
2019-10-07,0.002543645600337374
2019-10-08,-0.007207554770470526
2019-10-09,0.0010616511917538318
2019-10-10,0.0022179945760014697
2019-10-11,0.008151220502865542
2019-10-14,-0.002446540787687468
2019-10-15,0.0037324318521894106
2019-10-16,-0.0025417734342502163
2019-10-17,-0.0012408666937926416
2019-10-18,-0.002835461886813717
2019-10-21,0.0019048228442812842
2019-10-22,0.002578393459901518
2019-10-23,0.0004034974003908065
2019-10-24,0.0030519878185790716
2019-10-25,0.001983465213749369
2019-10-28,0.0006690217219411654
2019-10-29,0.000563516040886336
2019-10-30,-0.0016118790798886895
2019-10-31,-0.001430515485492334
2019-11-01,0.0041876566026446405
2019-11-04,0.004745391404697763
2019-11-05,0.002527331392197407
2019-11-06,-6.110452460905691e-05
2019-11-07,0.002702375700430526
2019-11-08,-0.0005720569735280234
2019-11-11,-0.0022610908661115925
2019-11-12,0.00394958850365601
2019-11-13,-0.0006354231589760229
2019-11-14,-0.0010432612825057586
2019-11-15,0.0027835532900450932
2019-11-18,-0.0002190248330382616
2019-11-19,-0.000861344570354805
2019-11-20,-0.0005521131031416271
2019-11-21,-0.0031907243428944687
2019-11-22,0.0034674714044875543
2019-11-25,0.005944922602767688
2019-11-26,0.0016900738652936287
2019-11-27,0.002121969357508524
2019-11-28,-0.00038507230326012554
2019-11-29,-0.0023649324627573742
2019-12-02,-0.010598335114497148
2019-12-03,-0.0031848118805338776
2019-12-04,0.005989214289302547
2019-12-05,-0.002627326072320524
2019-12-06,0.009121778908089961
2019-12-09,-0.001222805790192183
2019-12-10,-0.0020225130506515976
2019-12-11,0.0008172241270512082
2019-12-12,0.0016747107267209849
2019-12-13,0.002276318738973826
2019-12-16,0.0055625572484958585
2019-12-17,-0.0013189425753487027
2019-12-18,0.00044847107694634403
2019-12-19,0.0005122569636302199
2019-12-20,0.005670371782251049
2019-12-23,-0.001143736764815717
2019-12-24,0.0
2019-12-25,0.0
2019-12-26,0.0
2019-12-27,0.00012430847673527978
2019-12-30,-0.002988692139218263
2019-12-31,0.0
2020-01-01,0.0
2020-01-02,0.0015044303452336205
2020-01-03,0.0010807642299148768
2020-01-06,-0.0015298367189917617
2020-01-07,0.002947934396917651
2020-01-08,0.00012514080809533645
2020-01-09,0.004569972106240883
2020-01-10,-0.00043184967563392185
2020-01-13,-0.0014242976179164035
2020-01-14,0.0024889349518937287
2020-01-15,0.0005446883480000331
2020-01-16,0.0020341169671826975
2020-01-17,0.0047961517802601605
2020-01-20,0.0007750304682929698
2020-01-21,2.8129350482242188e-05
2020-01-22,0.0013054282389322047
2020-01-23,-0.0005644646774477513
2020-01-24,0.0030764109764458425
2020-01-27,-0.010412442753371165
2020-01-28,0.004817386236106502
2020-01-29,0.002556974119493738
2020-01-30,-0.005191294700913396
2020-01-31,-0.0055859481771148856
2020-02-03,0.002010515144428071
2020-02-04,0.010257559976734942
2020-02-05,0.0038448924768514914
2020-02-06,0.004272361691470827
2020-02-07,-0.00026408855732917846
2020-02-10,0.0024344140127854352
2020-02-11,0.0038415539666893928
2020-02-12,0.003192549494881014
2020-02-13,0.002682562259097576
2020-02-14,-0.00014627082107332434
2020-02-17,0.0019973586283872358
2020-02-18,-0.003197667080408695
2020-02-19,0.005720839536156985
2020-02-20,-0.0065624990038457565
2020-02-21,-0.002769258746624814
2020-02-24,-0.018797528853195744
2020-02-25,-0.008998467882559535
2020-02-26,-0.0031512120947676525
2020-02-27,-0.024760561365232414
2020-02-28,-0.022541980449906518
2020-03-02,0.006563749134526287
2020-03-03,0.007098681447623267
2020-03-04,0.004682530618575598
2020-03-05,-0.003945239824527547
2020-03-06,-0.024263615443079423
2020-03-09,-0.045536727935054144
2020-03-10,-0.0017632027574540077
2020-03-11,0.0038619538232529393
2020-03-12,-0.06483809483789627
2020-03-13,0.010009479905498164
2020-03-16,-0.023439087127181457
2020-03-17,0.002096277001796043
2020-03-18,-0.04449404839866278
2020-03-19,0.03381575774978551
2020-03-20,0.01156164139332505
2020-03-23,-0.03536404473385368
2020-03-24,0.04754550819940051
2020-03-25,0.01577663552890174
2020-03-26,0.016352270066478658
2020-03-27,-0.012903802145675769
2020-03-30,0.011868834317831922
2020-03-31,0.007019390938858505
2020-04-01,-0.024601370434733094
2020-04-02,0.00537305672755517
2020-04-03,-0.004045445038348139
2020-04-06,0.025761614621839346
2020-04-07,0.016012558387166642
2020-04-08,0.0010162319059869862
2020-04-09,0.016337919045977367
2020-04-10,0.0
2020-04-13,0.0
2020-04-14,0.0032727727104051585
2020-04-15,-0.009623374342128566
2020-04-16,0.007177672411919467
2020-04-17,0.0064551130874552776
2020-04-20,0.005514844201246483
2020-04-21,-0.023783446923375084
2020-04-22,0.011872267758697763
2020-04-23,0.009627643992893065
2020-04-24,-0.004017948705064667
2020-04-27,0.014413123710448783
2020-04-28,0.003799005440777492
2020-04-29,0.009724834725800546
2020-04-30,-0.008075738245360009
2020-05-01,0.0
2020-05-04,-0.0182628267080841
2020-05-05,0.01723946173347879
2020-05-06,-0.0047007740468075765
2020-05-07,0.007391029138431149
2020-05-08,0.0026150474647759214
2020-05-11,0.0009373083520816117
2020-05-12,-0.0018176464931002334
2020-05-13,-0.01199152003240811
2020-05-14,-0.00665111966627252
2020-05-15,0.0020168966734246396
2020-05-18,0.021537461784688627
2020-05-19,-0.00223202524994226
2020-05-20,0.003090076616419468
2020-05-21,-0.003516430306507168
2020-05-22,0.0010568222047062648
2020-05-25,0.01124687535209179
2020-05-26,-0.0001667397726854425
2020-05-27,-0.0005641611237324762
2020-05-28,0.00895827929792481
2020-05-29,-0.00977344996700591
2020-06-01,0.0
2020-06-02,0.00907517577837269
2020-06-03,0.007989749552102854
2020-06-04,-0.004732888509514699
2020-06-05,0.01768918302878908
2020-06-08,0.0006321297246079105
2020-06-09,-0.005628113159231174
2020-06-10,-0.002724044572420259
2020-06-11,-0.020146132523178317
2020-06-12,0.0024470769269604453
2020-06-15,-0.0047388973075990215
2020-06-16,0.017765667532598783
2020-06-17,0.004666714033674024
2020-06-18,-0.0015610005308006603
2020-06-19,0.004271389138791326
2020-06-22,-0.006750329309344494
2020-06-23,0.004579467187621811
2020-06-24,-0.01369077556929521
2020-06-25,0.002283199151536852
2020-06-26,-0.0017650950452919867
2020-06-29,0.0008681754040420486
2020-06-30,0.004622879914622624
2020-07-01,0.0014828688244263866
2020-07-02,0.008696590834119444
2020-07-03,-0.002729987718544047
2020-07-06,0.008314664240761438
2020-07-07,-0.0007476733246434275
2020-07-08,-0.006203652436226892
2020-07-09,-0.001150165720625984
2020-07-10,0.0053779527675241745
2020-07-13,0.006555617479768072
2020-07-14,-0.009121626030084262
2020-07-15,0.00951528488822695
2020-07-16,-0.0032905863554768544
2020-07-17,0.0014806263874371783
2020-07-20,0.003468323908821569
2020-07-21,0.004179572557485134
2020-07-22,-0.005483401606767413
2020-07-23,0.0012586484272152365
2020-07-24,-0.01153842498983959
2020-07-27,-0.0032403805154977983
2020-07-28,0.00422165058398849
2020-07-29,-0.0009942722869938914
2020-07-30,-0.005135368579402333
2020-07-31,-0.002980168907011138
2020-08-03,0.013276188505299658
2020-08-04,0.0014365268373528473
2020-08-05,-0.001495661927314873
2020-08-06,0.001394484552607489
2020-08-07,0.004197754106335827
2020-08-10,0.002710848459626769
2020-08-11,0.004243509306444793
2020-08-12,0.0012734551725606114
2020-08-13,-0.00290794812965689
2020-08-14,-0.002228296726278778
2020-08-17,0.0012452445078001695
2020-08-18,-0.0012777766569102011
2020-08-19,0.00369535178782443
2020-08-20,-0.0016469617383950697
2020-08-21,0.0034454559303978005
2020-08-24,0.004436749792346095
2020-08-25,-0.0018089403619836464
2020-08-26,0.0045201357221840155
2020-08-27,0.0034403660960569127
2020-08-28,-0.004267615575882511
2020-08-31,-0.002521925243235912
2020-09-01,0.002298901454605762
2020-09-02,0.011784872581566797
2020-09-03,-0.00996858318092364
2020-09-04,-0.012918739815331981
2020-09-07,0.008090325969755785
2020-09-08,-0.00974659021646862
2020-09-09,0.00659597561219516
2020-09-10,-0.003200980944740195
2020-09-11,-0.0027673524548667006
2020-09-14,0.004868852915264732
2020-09-15,0.005127586744515522
2020-09-16,0.002339377687163413
2020-09-17,-0.007283655899646857
2020-09-18,-0.004756106008806271
2020-09-21,-0.011246984298569407
2020-09-22,0.006038527502176816
2020-09-23,0.005164286838267307
2020-09-24,-0.006701280914636176
2020-09-25,0.0053845105744745325
2020-09-28,0.01116810217602815
2020-09-29,-0.0050137354923239785
2020-09-30,0.003247507141442396
2020-10-01,0.0013054031663621846
2020-10-02,-0.0019192485379038171
2020-10-05,0.0035552739215172213
2020-10-06,0.0016828894097957736
2020-10-07,0.000646552434875769
2020-10-08,0.005612077155368489
2020-10-09,0.0030230945811140497
2020-10-12,0.008566812433522308
2020-10-13,0.0018410838855917877
2020-10-14,-0.0018563053993265743
2020-10-15,-0.005804287602715119
2020-10-16,0.005895732989965818
2020-10-19,-0.005378548172895736
2020-10-20,-0.007025275798093644
2020-10-21,-0.0027076351445757263
2020-10-22,-0.000524967421699607
2020-10-23,0.0022489258360502973
2020-10-26,-0.008833836593044042
2020-10-27,0.001001201332267554
2020-10-28,-0.012794770479240936
2020-10-29,0.004870510072380707
2020-10-30,-0.005587256096619697
2020-11-02,0.00942585335541124
2020-11-03,0.008890769942405896
2020-11-04,0.013528032836802373
2020-11-05,0.004169403732018351
2020-11-06,-0.0028117619918421877
2020-11-09,0.01697016277888208
2020-11-10,-0.007830447370477667
2020-11-11,0.00784251757442922
2020-11-12,-0.0038134467465082977
2020-11-13,0.00016911217549209212
2020-11-16,0.008834607970836794
2020-11-17,-0.0010950470483572783
2020-11-18,0.0015211728297950255
2020-11-19,-0.004868870044442808
2020-11-20,0.00296687389602579
2020-11-23,-0.0010575461199386904
2020-11-24,0.007511384712812541
2020-11-25,-0.0012947479424375574
2020-11-26,0.001161943825998657
2020-11-27,0.00017649785638718107
2020-11-30,-0.004400296741536303
2020-12-01,0.0017647528235169574
2020-12-02,-0.0027712466837553906
2020-12-03,0.0008882252543473967
2020-12-04,0.003539013955775161
2020-12-07,0.0008334113132104637
2020-12-08,0.0021209482828294934
2020-12-09,0.0015580119375897539
2020-12-10,-0.0037510283724442317
2020-12-11,-0.0029168981755155476
2020-12-14,0.0030241498581085047
2020-12-15,-0.0008531206237464284
2020-12-16,0.0029821707671549014
2020-12-17,-0.0001265180299613311
2020-12-18,-0.001097579196663534
2020-12-21,-0.00650361519528031
2020-12-22,0.005248455082826231
2020-12-23,0.0015449769374391575
2020-12-24,0.0
2020-12-25,0.0
2020-12-28,0.004316332325021932
2020-12-29,0.0005265403527292545
2020-12-30,-0.0009659002519865068
2020-12-31,0.0
2021-01-01,0.0
2021-01-04,-0.0033181018704786513
2021-01-05,0.0019198708955763255
2021-01-06,0.006134884323553802
2021-01-07,0.004621611403616832
2021-01-08,0.0038241017171547487
2021-01-11,0.0008736027985982719
2021-01-12,-0.002029741546783481
2021-01-13,0.00310249809569374
2021-01-14,0.002626036547780375
2021-01-15,-0.0031760168726486793
2021-01-18,-0.0008107491055101557
2021-01-19,-0.0005161833428786178
2021-01-20,0.007306615370068492
2021-01-21,-0.001285207149910983
2021-01-22,-0.003963014921966157
2021-01-25,0.0010215845663823497
2021-01-26,0.0019576463374315622
2021-01-27,-0.007207306304988337
2021-01-28,0.0010168912692736232
2021-01-29,-0.011872946864338263
2021-02-01,0.007144088051364461
2021-02-02,0.01154993774112012
2021-02-03,0.0003943228577214519
2021-02-04,0.004944486971377948
2021-02-05,0.0018493062292010976
2021-02-08,0.0022729210749599105
2021-02-09,-0.00037263059918757335
2021-02-10,-0.0020572623368461107
2021-02-11,0.00314140799984286
2021-02-12,0.0007877310356356748
2021-02-15,0.0039028055493581792
2021-02-16,-0.0021390204888911413
2021-02-17,-0.0027655878630307162
2021-02-18,-0.003849683039418017
2021-02-19,0.0018101439774227401
2021-02-22,-0.004372978259824412
2021-02-23,-0.005530639866612952
2021-02-24,0.005574491187273045
2021-02-25,-0.007119145154959372
2021-02-26,-0.003727571696599097
2021-03-01,0.012473615146508799
2021-03-02,-0.003135398498061104
2021-03-03,-0.0026165934472003327
2021-03-04,-0.004125408870971681
2021-03-05,-0.006099158043158526
2021-03-08,0.016709111189341375
2021-03-09,0.003476653579759459
2021-03-10,0.0016304973722329752
2021-03-11,0.004795987819565584
2021-03-12,-0.0036801997393517416
2021-03-15,0.0039062174435542385
2021-03-16,0.005527032607364646
2021-03-17,-0.005356194922624735
2021-03-18,0.001267789501351313
2021-03-19,-0.003336544701532107
2021-03-22,0.002001139581617295
2021-03-23,0.0018369327905272126
2021-03-24,0.00018230390735252122
2021-03-25,-0.0015510255944035656
2021-03-26,0.004710884515144453
2021-03-29,0.0013919557846833186
2021-03-30,0.0020851250709503777
2021-03-31,0.0023103618475486254
2021-04-01,0.0034245513963153673
2021-04-02,0.0
2021-04-05,0.0
2021-04-06,0.0039033352993391723
2021-04-07,-0.002558964867062641
2021-04-08,0.0032407732908474873
2021-04-09,0.0005129860525789898
2021-04-12,-0.0005139755237589805
2021-04-13,0.0011582328482866444
2021-04-14,-0.00037712965053315894
2021-04-15,0.003821981354355186
2021-04-16,0.0010913238779277634
2021-04-19,-0.004595617807320096
2021-04-20,-0.00719780511424728
2021-04-21,0.004967631280285545
2021-04-22,0.003974788751575087
2021-04-23,-0.001916683538806141
2021-04-26,0.0013261469874161769
2021-04-27,-0.0011468619197956276
2021-04-28,-0.0007086556143818257
2021-04-29,-0.002205224875563405
2021-04-30,0.0013080574463817385
2021-05-03,0.001970333810669578
2021-05-04,-0.00610885079654877
2021-05-05,0.007515817353334064
2021-05-06,-0.0034481497032812225
2021-05-07,0.003325096537990957
2021-05-10,-0.0007015732617062787
2021-05-11,-0.012292354459773502
2021-05-12,-0.0033326040195262863
2021-05-13,0.0007570782101429252
2021-05-14,0.004830620394942642
2021-05-17,-0.0026979137115646923
2021-05-18,0.0001440250043165392
2021-05-19,-0.008531834658117243
2021-05-20,0.009079945340533024
2021-05-21,0.003288415002154599
2021-05-24,0.0
2021-05-25,0.0018674640215692317
2021-05-26,0.002733873187306113
2021-05-27,0.001042872909672532
2021-05-28,0.002699303758385563
2021-05-31,-0.003828279522869349
2021-06-01,0.0025904135343037815
2021-06-02,0.0029512874011481394
2021-06-03,-0.0003854609929567765
2021-06-04,0.002386036166872829
2021-06-07,-0.0009332178586047846
2021-06-08,0.0012082928667014325
2021-06-09,0.0015353216912605827
2021-06-10,0.0014027220422379028
2021-06-11,0.004609361524580136
2021-06-14,-0.0012891070663332282
2021-06-15,6.130504872925435e-05
2021-06-16,0.0017551813514646852
2021-06-17,0.0049297169423663245
2021-06-18,-0.005175318852076116
2021-06-21,0.0017734686685422218
2021-06-22,0.0029962544380552902
2021-06-23,-0.0015904109675058953
2021-06-24,0.0040865183668037375
2021-06-25,-4.861819957413527e-05
2021-06-28,0.0004944629584582305
2021-06-29,0.0028136556732827334
2021-06-30,0.0012345829698146016
2021-07-01,0.0016408058185592989
2021-07-02,0.003924416566202904
2021-07-05,0.000982367796907635
2021-07-06,7.204521346548809e-05
2021-07-07,0.004507339604597593
2021-07-08,-0.007930109034350097
2021-07-09,0.005801605073486815
2021-07-12,0.0024667975098577877
2021-07-13,0.0032275382389912455
2021-07-14,-0.0019102238995172272
2021-07-15,-0.0017191268441695273
2021-07-16,-0.0014522856635912351
2021-07-19,-0.010283727977182688
2021-07-20,0.007850965866310622
2021-07-21,0.0039256530290796565
2021-07-22,0.0033690930317791246
2021-07-23,0.006495380565356035
2021-07-26,-0.001203294339223282
2021-07-27,-0.00475598417481915
2021-07-28,0.0040410740412613055
2021-07-29,0.0003522926278156646
2021-07-30,-0.0021750635979082
2021-08-02,0.0025815119247580842
2021-08-03,-0.0008582320009610234
2021-08-04,0.0027117538303988997
2021-08-05,0.0025789872085493215
2021-08-06,0.0022940704005895984
2021-08-09,0.0008696130648655487
2021-08-10,0.002077860215200955
2021-08-11,-0.0001815308555698225
2021-08-12,0.001289457997670107
2021-08-13,-0.000608155652738307
2021-08-16,-0.0018065875220688588
2021-08-17,0.0014797572374811718
2021-08-18,0.00019533291272444409
2021-08-19,-0.005845136737396617
2021-08-20,0.003903555623576027
2021-08-23,0.0034306273807227505
2021-08-24,0.0007864391737957277
2021-08-25,-0.0011359862581907798
2021-08-26,-0.0027500766138867094
2021-08-27,0.002387587039655248
2021-08-30,0.0029539786240184718
2021-08-31,-0.0023815987211220913
2021-09-01,-0.0005303871755271139
2021-09-02,0.001731736271662232
2021-09-03,-0.0015218285814054822
2021-09-06,0.0036554223294931187
2021-09-07,-0.004270029506604267
2021-09-08,-0.0015114903688324688
2021-09-09,0.002384095780648021
2021-09-10,-0.003705343870275768
2021-09-13,-0.0006658985529092165
2021-09-14,-0.000335517606665503
2021-09-15,-0.0022393577871799852
2021-09-16,0.002645863397321202
2021-09-17,-0.0021046845343312137
2021-09-20,-0.009659491037410262
2021-09-21,0.004804762415619557
2021-09-22,0.0029989215071115627
2021-09-23,0.003475744606142417
2021-09-24,-0.002288562308968123
2021-09-27,0.0010405498259640211
2021-09-28,-0.011557901319781738
2021-09-29,0.0049483413136870436
2021-09-30,-0.0016756548389269543
2021-10-01,-0.0027368840052677257
2021-10-04,-0.007097015554764496
2021-10-05,0.009245191572636369
2021-10-06,-0.004410753626708841
2021-10-07,0.012576612996592518
2021-10-08,-0.003831377401624869
2021-10-11,0.0007721510599276726
2021-10-12,-0.004313056389391834
2021-10-13,-0.0008346552866219659
2021-10-14,0.010863322089315952
2021-10-15,0.004092579940564223
2021-10-18,-0.0005890214050456866
2021-10-19,0.002017890062551597
2021-10-20,0.0021724068384536555
2021-10-21,-0.0014656716769169131
2021-10-22,0.0009171596257024905
2021-10-25,0.0043962859469592885
2021-10-26,0.003986257867295784
2021-10-27,-0.0014127324939997576
2021-10-28,-0.0020973628226884644
2021-10-29,0.0033189986327171184
2021-11-01,0.0010858988345212595
2021-11-02,0.0038157432846226413
2021-11-03,0.0001624110633939857
2021-11-04,0.007392221764166429
2021-11-05,0.004277999335149163
2021-11-08,-0.0021910100668457444
2021-11-09,-0.0006161626944206633
2021-11-10,0.0006087549103823697
2021-11-11,5.603420339905796e-05
2021-11-12,0.0038543581531060855
2021-11-15,0.001819809266281558
2021-11-16,0.00480380873902253
2021-11-17,-0.001116345096988658
2021-11-18,-0.0007152921504016696
2021-11-19,0.0036229122238891076
2021-11-22,0.001414527587692449
2021-11-23,-0.009116285151666292
2021-11-24,0.003989395169160748
2021-11-25,0.0018146083960823844
2021-11-26,-0.017931221941418496
2021-11-29,0.007072549393160488
2021-11-30,-0.007036619184643156
2021-12-01,0.00664389554083078
2021-12-02,-0.009083868550707308
2021-12-03,-0.0011690198407628971
2021-12-06,0.0065849027332158805
2021-12-07,0.015044833591632667
2021-12-08,-0.006497809520864872
2021-12-09,0.0033009300460109525
2021-12-10,-0.002997528958810558
2021-12-13,-0.00012149206362621623
2021-12-14,-0.005806220864437717
2021-12-15,0.0006726387608511075
2021-12-16,0.00710443961215379
2021-12-17,-0.0037170321590783706
2021-12-20,-0.012947845277894832
2021-12-21,0.008522794862369842
2021-12-22,0.00498896608129451
2021-12-23,0.00485684977059897
2021-12-24,0.0
2021-12-27,0.0033443365686200988
2021-12-28,0.003092236568398299
2021-12-29,-0.00355362726915176
2021-12-30,0.0019265295782062708
2021-12-31,0.0
2022-01-03,-0.002451228540171213
2022-01-04,0.0030171865946138077
2022-01-05,-0.0020982181071750317
2022-01-06,-0.009502710449520557
2022-01-07,-0.004074447774734424
2022-01-10,-0.008047308494389283
2022-01-11,0.0061131751563689996
2022-01-12,0.003372073384753982
2022-01-13,-0.0013251006205442506
2022-01-14,-0.008208616366090826
2022-01-17,0.003573319121979779
2022-01-18,-0.006615208315650434
2022-01-19,-0.002654473846002481
2022-01-20,0.005372779497765601
2022-01-21,-0.011930315768422184
2022-01-24,-0.022934647865696545
2022-01-25,0.006452964908728376
2022-01-26,0.009677578683821908
2022-01-27,0.0032005794197214055
2022-01-28,-0.007047496434396283
2022-01-31,0.00899333462954921
2022-02-01,0.004442222525423478
2022-02-02,0.0014216223818024343
2022-02-03,-0.014878985866842442
2022-02-04,-0.008147480436376253
2022-02-07,0.0015865034580828663
2022-02-08,0.0020331083850542164
2022-02-09,0.009473548085630057
2022-02-10,-0.005640141324925629
2022-02-11,-0.0050324121912302955
2022-02-14,-0.004889033747152438
2022-02-15,0.0041900546062214605
2022-02-16,-0.0017158750060438654
2022-02-17,-0.0012403113993884052
2022-02-18,-0.006455388065470302
2022-02-21,-0.006806704820946363
2022-02-22,0.00024152170931079908
2022-02-23,-0.0037119377076634263
2022-02-24,-0.006424141374723802
2022-02-25,0.017073301890378367
2022-02-28,0.005542399415277233
2022-03-01,0.0022296413577160834
2022-03-02,0.0032943978054740253
2022-03-03,-0.0020623686875795855
2022-03-04,-0.0038503178571214214
2022-03-07,-0.005327554992420214
2022-03-08,-0.012665805360874471
2022-03-09,0.006181787499625946
2022-03-10,-0.008470851260448886
2022-03-11,0.007553332436424975
2022-03-14,-0.009168158889272138
2022-03-15,0.007152095999355845
2022-03-16,0.009885536208924073
2022-03-17,0.002495095612367937
2022-03-18,0.009918186234222803
2022-03-21,0.00034680909820883343
2022-03-22,0.006208529842308019
2022-03-23,-0.001281255828517458
2022-03-24,-0.00048261733692767095
2022-03-25,0.0017571741064190682
2022-03-28,0.0013721504983377208
2022-03-29,0.0040200866593582685
2022-03-30,-0.003672248583151849
2022-03-31,0.002251914483537343
2022-04-01,-0.0032184615038658437
2022-04-04,0.0073739412964941575
2022-04-05,-0.0016848181155652009
2022-04-06,-0.011352195387307917
2022-04-07,-0.0016890543544010317
2022-04-08,0.0060171381973319615
2022-04-11,-0.010162226840005562
2022-04-12,0.002837597147980153
2022-04-13,-0.001849190064051931
2022-04-14,0.0017726417629477798
2022-04-15,0.0
2022-04-18,0.0
2022-04-19,-0.0011904789530298165
2022-04-20,0.0024594144412912744
2022-04-21,-0.001878756137953741
2022-04-22,-0.015188529245916405
2022-04-25,-0.006758646985525973
2022-04-26,-0.0005974759764347803
2022-04-27,0.004823368118751947
2022-04-28,0.0005969767191262854
2022-04-29,0.00016815803265401996
2022-05-02,-0.01227815032169055
2022-05-03,0.007091252608119714
2022-05-04,-0.007860255110166636
2022-05-05,0.00041342439454905566
2022-05-06,-0.011809276568493954
2022-05-09,-0.014098786106693795
2022-05-10,-0.0013220663355526519
2022-05-11,0.008812953353827258
2022-05-12,-0.0021461781092905197
2022-05-13,0.01223979887776272
2022-05-16,-0.002931729991840437
2022-05-17,0.0006211699001985593
2022-05-18,-0.00781403023564986
2022-05-19,-0.009390456521649604
2022-05-20,-0.002690118638444483
2022-05-23,0.0045846362838106725
2022-05-24,-0.011730102455731584
2022-05-25,0.010733611014351663
2022-05-26,0.00860385207299097
2022-05-27,0.012211575821499121
2022-05-30,0.0012593221390431175
2022-05-31,-0.00756858734550081
2022-06-01,-0.0020154005881098946
2022-06-02,-0.000258544295221097
2022-06-03,-0.0030849031836786
2022-06-06,0.00430753129067285
2022-06-07,-0.0008853433270754607
2022-06-08,-0.000802687570906846
2022-06-09,-0.009047424028832518
2022-06-10,-0.020734265109352612
2022-06-13,-0.019408109285630748
2022-06-14,-0.0073679026272580606
2022-06-15,0.008591279333442614
2022-06-16,-0.0191209783202253
2022-06-17,0.001393786110171158
2022-06-20,0.001741499844269967
2022-06-21,0.005999131261813728
2022-06-22,0.0027229618933173327
2022-06-23,0.003837179674587521
2022-06-24,0.01416365665871333
2022-06-27,-0.0002949583697804403
2022-06-28,-0.0029432706180836377
2022-06-29,-0.0018626028693194963
2022-06-30,-0.0033623086670572233
2022-07-01,0.007541271086293211
2022-07-04,0.0001371565205672276
2022-07-05,0.0021044533109515484
2022-07-06,0.013350704374571754
2022-07-07,0.00950063179518068
2022-07-08,0.0021833498918342187
2022-07-11,6.780891759761154e-05
2022-07-12,0.003321700497041169
2022-07-13,-0.008808338653977676
2022-07-14,-0.007784333956906253
2022-07-15,0.013077448915853163
2022-07-18,0.0006480294106918638
2022-07-19,0.0002366984868877875
2022-07-20,0.00811296538093309
2022-07-21,0.001811601199420032
2022-07-22,0.005782395899102344
2022-07-25,0.0007063222423435711
2022-07-26,-0.0011061817266767582
2022-07-27,0.005681707853943729
2022-07-28,0.011846180975292775
2022-07-29,0.006345874934045925
2022-08-01,0.003050905416944527
2022-08-02,-0.0007296410942446707
2022-08-03,0.003783136458668457
2022-08-04,-0.0005169826869770855
2022-08-05,-0.005059002058845796
2022-08-08,0.005357706708393861
2022-08-09,-0.007145379807236507
2022-08-10,0.006382633742437971
2022-08-11,0.002171177744721975
2022-08-12,0.004588655967093569
2022-08-15,0.007695740242936955
2022-08-16,0.0006511238990203339
2022-08-17,-0.008860857263085054
2022-08-18,0.003926786861407239
2022-08-19,-0.0071482118995528365
2022-08-22,-0.00563082696792061
2022-08-23,-0.004223669807809305
2022-08-24,0.0011988713386976713
2022-08-25,0.003987490727251242
2022-08-26,-0.010613489173831314
2022-08-29,-0.012449367845438708
2022-08-30,-0.007196417618368645
2022-08-31,-0.005273863545858126
2022-09-01,-0.005143023280360537
2022-09-02,0.010211854594788017
2022-09-05,-0.005654744502302189
2022-09-06,-0.001195116504433602
2022-09-07,-0.00034404158533019036
2022-09-08,0.004955619153376611
2022-09-09,0.005501010793011574
2022-09-12,0.0045511566165084005
2022-09-13,-0.01235445859699602
2022-09-14,-0.0037176819102641145
2022-09-15,-0.005466719212276483
2022-09-16,-0.010710673762012402
2022-09-19,0.0008003761154686817
2022-09-20,-0.00434698940271494
2022-09-21,0.008201478669681128
2022-09-22,-0.014521885833088888
2022-09-23,-0.007751051932688102
2022-09-26,-0.0007555345139903524
2022-09-27,-0.005017218094928277
2022-09-28,0.004429334269938856
2022-09-29,-0.015394036563675106
2022-09-30,0.006163675095694154
2022-10-03,0.004496774564272332
2022-10-04,0.014302078389396122
2022-10-05,-0.006331057293683107
2022-10-06,0.0028977988450118453
2022-10-07,-0.013845304184127327
2022-10-10,-0.005861422639869773
2022-10-11,-0.0025304717756733375
2022-10-12,-0.004526899988245403
2022-10-13,0.0028913877770524454
2022-10-14,-0.0007686961725668073
2022-10-17,0.007771718190394017
2022-10-18,0.0013469859876802381
2022-10-19,-0.000289962187806192
2022-10-20,0.001677019750993658
2022-10-21,-0.00376926098702135
2022-10-24,0.009382274596453133
2022-10-25,0.009923813053974051
2022-10-26,0.0017173526008000817
2022-10-27,0.0030490275675119083
2022-10-28,0.0009896281888350789
2022-10-31,0.0002999654761364212
2022-11-01,0.005809749122647645
2022-11-02,-0.0015273900337435808
2022-11-03,-0.007910368623026187
2022-11-04,-0.0025082272495969837
2022-11-07,0.0006856219784403539
2022-11-08,0.005394642917872616
2022-11-09,-0.001041235412406749
2022-11-10,0.017160955565112213
2022-11-11,-0.005570979172202173
2022-11-14,0.0009321803691950681
2022-11-15,0.004401020669391631
2022-11-16,-0.0009500511195592587
2022-11-17,-0.002879361911461542
2022-11-18,0.004667558080713841
2022-11-21,0.0019358509903570909
2022-11-22,0.002968811501149693
2022-11-23,0.003831972296573838
2022-11-24,0.003857214344318516
2022-11-25,-0.004866239352291468
2022-11-28,-0.0031359212753049315
2022-11-29,0.0014579694400602694
2022-11-30,0.0016516023789061585
2022-12-01,0.009516779083512228
2022-12-02,-0.0032791078744052182
2022-12-05,-0.00252108438432308
2022-12-06,-0.0018242887559304366
2022-12-07,-0.0005900750058167592
2022-12-08,-0.0012535358339086367
2022-12-09,-0.0026533195450704206
2022-12-12,-0.0016680533590670565
2022-12-13,0.0067864849786283266
2022-12-14,-0.002059161715235347
2022-12-15,-0.019246630192772507
2022-12-16,-0.006309633928860969
2022-12-19,-0.001991860655639721
2022-12-20,-0.0048351417063711155
2022-12-21,0.006790674712025435
2022-12-22,-0.006761012291707558
2022-12-23,0.0001225133266853362
2022-12-26,0.0
2022-12-27,-0.004542279764094159
2022-12-28,-0.0018802991353689125
2022-12-29,0.006202687731148515
2022-12-30,-0.004061524956282203
2023-01-02,0.00833554548365023
2023-01-03,-0.0013886220628810397
2023-01-04,0.007628434836823184
2023-01-05,-0.004298786389555276
2023-01-06,0.0068801303678227566
2023-01-09,0.0020991565163797077
2023-01-10,-0.006375303302171398
2023-01-11,0.007256330393542232
2023-01-12,0.00246143601977189
2023-01-13,0.0013404236372194234
2023-01-16,0.001142648785809719
2023-01-17,0.005582208026629232
2023-01-18,0.0016772766873778266
2023-01-19,-0.006634345655155083
2023-01-20,-0.002808576085446046
2023-01-23,0.0034797494567813114
2023-01-24,0.002133528487111125
2023-01-25,-0.0024250065394979536
2023-01-26,0.0016294336341087234
2023-01-27,0.001957057634923265
2023-01-30,-0.00507289330811056
2023-01-31,0.0014595154760661533
2023-02-01,-0.0007244602333182915
2023-02-02,0.019266610084597735
2023-02-03,-0.0033972167304858747
2023-02-06,-0.004945453739272465
2023-02-07,-0.00048604751063330287
2023-02-08,-0.002418758231867213
2023-02-09,0.002435913529508227
2023-02-10,-0.0041363877387534664
2023-02-13,0.0010737571315009298
2023-02-14,-0.003595934346636298
2023-02-15,0.0007849830699711013
2023-02-16,-0.00026733951452551086
2023-02-17,-0.002756963737884588
2023-02-20,-0.00045049911983940927
2023-02-21,-0.007241592094954341
2023-02-22,0.0006423914394309005
2023-02-23,0.002634450082024564
2023-02-24,-0.005138311033445198
2023-02-27,0.0003361690453171917
2023-02-28,-0.00343602515523711
2023-03-01,-0.006068643012169139
2023-03-02,0.0004992334573994395
2023-03-03,0.005535739033111886
2023-03-06,0.0013618724353114953
2023-03-07,-0.0011754932112508776
2023-03-08,0.0015232241539866465
2023-03-09,0.0007295683670400788
2023-03-10,-0.0028138667178939647
2023-03-13,-0.0017310163578709847
2023-03-14,-0.0005816714658659627
2023-03-15,0.006321347476495598
2023-03-16,-0.0003956495566023177
2023-03-17,-0.0001309442270632788
2023-03-20,0.0033324220699491036
2023-03-21,-0.0001609148882849576
2023-03-22,-0.0018884625649137066
2023-03-23,0.002550843137326231
2023-03-24,0.00041547696720423133
2023-03-27,-0.0002491837920006734
2023-03-28,-0.00376050101692349
2023-03-29,0.0031884544230935674
2023-03-30,-0.0005812908667109928
2023-03-31,0.007707621214844584
2023-04-03,0.003271152233888408
2023-04-04,-0.0027762021198105558
2023-04-05,0.002256469705973929
2023-04-06,0.0003446673593174854
2023-04-07,0.0
2023-04-10,0.0
2023-04-11,-0.002690315881797578
2023-04-12,-0.0027289665923299067
2023-04-13,-0.0012131773976782334
2023-04-14,0.0012877768250707522
2023-04-17,0.00045607787699553093
2023-04-18,0.001195405845915598
2023-04-19,-0.0024883253773382297
2023-04-20,0.0016151388082312756
2023-04-21,-0.002304150105040481
2023-04-24,-0.0015777289096458036
2023-04-25,0.0029834091433587062
2023-04-26,-0.0038135519722763966
2023-04-27,-0.000498454456226427
2023-04-28,0.008189098736159695
2023-05-01,0.0
2023-05-02,-0.0008316054331839462
2023-05-03,-0.0006247550083018361
2023-05-04,0.00032292047518889255
2023-05-05,0.0009945894891092433
2023-05-08,0.0005663148001624485
2023-05-09,-0.0003818171266872783
2023-05-10,0.0014474184542945245
2023-05-11,0.0034338502303725704
2023-05-12,-0.0005537626744004376
2023-05-15,-0.0007287599360911168
2023-05-16,-0.0026296459046122322
2023-05-17,0.0002459186518457557
2023-05-18,0.001207145346674876
2023-05-19,0.0020606135079730414
2023-05-22,-0.0004944354781443172
2023-05-23,-0.000982857944104909
2023-05-24,-0.0044461598815963566
2023-05-25,-0.0003665213797139355
2023-05-26,0.004097845777314646
2023-05-29,0.0044708735079064255
2023-05-30,0.0019265720428234268
2023-05-31,0.0010492656433154224
2023-06-01,0.00274277605830453
2023-06-02,0.003860803382359279
2023-06-05,-0.0017360411072703252
2023-06-06,0.0013086886903659334
2023-06-07,-0.0036534072432237163
2023-06-08,-0.0005457564363607892
2023-06-09,0.003572412070231179
2023-06-12,0.0014178805979625508
2023-06-13,0.0009244437417958995
2023-06-14,0.0001693746140956076
2023-06-15,-0.0038976150798341047
2023-06-16,0.0037671591328307663
2023-06-19,-0.004353796709257618
2023-06-20,0.0023452762498086255
2023-06-21,-0.0025043221492744294
2023-06-22,-0.0032549959764303082
2023-06-23,0.004200572110557799
2023-06-26,0.00039842600419937035
2023-06-27,-0.0019798481954415026
2023-06-28,0.00473891203858412
2023-06-29,-0.0022836897453150096
2023-06-30,0.004185404869472942
2023-07-03,-0.0005718212570229309
2023-07-04,1.0862603701644602e-05
2023-07-05,-0.0008403668483192295
2023-07-06,-0.011395802250433684
2023-07-07,0.0011239652887504725
2023-07-10,-0.001726870342578235
2023-07-11,0.0012335837569705799
2023-07-12,0.006290717493343534
2023-07-13,0.0016888541094002285
2023-07-14,-0.0010952998766605715
2023-07-17,-0.0003110214536112821
2023-07-18,0.006658059282850459
2023-07-19,0.0009458531269268544
2023-07-20,-0.0011738221038923857
2023-07-21,0.0014737762005914146
2023-07-24,0.002834886901125655
2023-07-25,0.002732022020929703
2023-07-26,-0.003594872358979817
2023-07-27,0.009018405289308529
2023-07-28,-0.0019777049175235817
2023-07-31,0.0005831951838908278
2023-08-01,-0.0018852883691401479
2023-08-02,-0.0053661842902062995
2023-08-03,-0.003726297540086132
2023-08-04,-0.0002328886768806493
2023-08-07,-0.0010157402610623256
2023-08-08,0.00012703394904201026
2023-08-09,-0.0005575683835356005
2023-08-10,0.001710973032638341
2023-08-11,-0.005638418826814151
2023-08-14,0.002816408997138753
2023-08-15,-0.004968923708078665
2023-08-16,-0.00020119634444693002
2023-08-17,-0.005330751688975344
2023-08-18,-0.002619827104859529
2023-08-21,-0.0018835127461303003
2023-08-22,0.007097222936488068
2023-08-23,0.006583269536380776
2023-08-24,-0.0019878329867666356
2023-08-25,-0.00017831984537264312
2023-08-28,0.0038916376734920988
2023-08-29,0.005870839255094129
2023-08-30,-0.0011622731616991455
2023-08-31,0.006070099479418278
2023-09-01,0.00099956360292075
2023-09-04,-0.0009434456827479565
2023-09-05,0.0017163515149805075
2023-09-06,-0.006107481426503303
2023-09-07,0.0005098880510299164
2023-09-08,0.00188602857349629
2023-09-11,-0.0009410513504618523
2023-09-12,0.0004206108656854557
2023-09-13,-0.0009297549095316215
2023-09-14,0.008828002587124573
2023-09-15,-0.003978390788987873
2023-09-18,-0.003678407184687593
2023-09-19,-0.003238152716955822
2023-09-20,0.0030255409685657764
2023-09-21,-0.010196462024863573
2023-09-22,-0.0005057499052872894
2023-09-25,-0.0009993022718609579
2023-09-26,-0.005444413159564343
2023-09-27,0.0007739921116221016
2023-09-28,-0.0012852300068925127
2023-09-29,0.0037143774715415745
2023-10-02,-0.0019013734119018855
2023-10-03,-0.008004111351681109
2023-10-04,-0.0022742890318647735
2023-10-05,0.0015777227413698025
2023-10-06,0.0029405491527536576
2023-10-09,0.005988991833160151
2023-10-10,0.008210640675932135
2023-10-11,-0.000892791014872496
2023-10-12,0.002571481879501958
2023-10-13,-0.0024979192699275954
2023-10-16,0.001534416438044861
2023-10-17,-0.0031169916142759213
2023-10-18,-0.004173055308680951
2023-10-19,-0.006600723826914345
2023-10-20,-0.009488511210670736
2023-10-23,-0.0006247807645916037
2023-10-24,0.003215667790926302
2023-10-25,-0.003369267632215567
2023-10-26,-0.003244522401823269
2023-10-27,-0.0043412265479712
2023-10-30,0.001274696597433067
2023-10-31,0.005434365992319279
2023-11-01,0.008070503515554606
2023-11-02,0.010241408863975954
2023-11-03,0.004223091955931624
2023-11-06,-0.0037360851812383578
2023-11-07,0.005069840409049231
2023-11-08,-0.0008685262015181161
2023-11-09,0.0018765795285922149
2023-11-10,-0.0027551670982356447
2023-11-13,0.0037090563980477498
2023-11-14,0.007446384203096956
2023-11-15,0.0010761620345001166
2023-11-16,-0.0018449928033172913
2023-11-17,0.0019201103467043623
2023-11-20,-1.2566836364413803e-05
2023-11-21,0.0017259661501649592
2023-11-22,0.004540683233385856
2023-11-23,-0.0015779788130170225
2023-11-24,-0.0012481032173220497
2023-11-27,0.0013383798601915853
2023-11-28,-0.00028359776846864637
2023-11-29,0.003068115808467997
2023-11-30,0.002343582969877689
2023-12-01,0.009226455424097058
2023-12-04,-0.0005718779673384855
2023-12-05,0.005077834401159498
2023-12-06,0.002341922450403322
2023-12-07,0.0006114504366421247
2023-12-08,0.0013561742780228148
2023-12-11,0.0014574897953258947
2023-12-12,0.0011565143224898655
2023-12-13,0.0036273437604312786
2023-12-14,0.0025066682574825805
2023-12-15,0.006194657734562403
2023-12-18,-0.0013313279680849943
2023-12-19,0.0028454544955951455
2023-12-20,0.0026507370959969467
2023-12-21,-0.0034636994458252524
2023-12-22,0.0021924104879058604
2023-12-25,0.0
2023-12-26,0.0
2023-12-27,-0.0006706281433057626
2023-12-28,0.0015226807542363385
2023-12-29,-0.00015132471773338096
2024-01-01,0.0
2024-01-02,-0.0022684954152012438
2024-01-03,-0.002117898762377557
2024-01-04,-0.0025225173234737497
2024-01-05,-0.0017306007441566518
2024-01-08,0.0017000910349367349
2024-01-09,0.0027994579742247616
2024-01-10,3.1916483062222056e-05
2024-01-11,-0.003690165170573634
2024-01-12,0.006324702024247175
2024-01-15,-0.0009967824286863936
2024-01-16,0.0011659886725750024
2024-01-17,-0.006421581169479218
2024-01-18,0.002525839982421507
2024-01-19,0.0023747581827557873
2024-01-22,0.007399950006166112
2024-01-23,-0.0005491242978427069
2024-01-24,0.0031105053567004326
2024-01-25,0.004437561817887792
2024-01-26,0.0004674026165576439
2024-01-29,0.003657763350798593
2024-01-30,0.0008915133851863377
2024-01-31,-0.0014320607991095136
2024-02-01,-0.0018187890646993443
2024-02-02,0.0070604043298234664
2024-02-05,-0.001430941599909863
2024-02-06,0.0020515214235918844
2024-02-07,0.0015903243886736806
2024-02-08,-0.00065572956813853
2024-02-09,0.0005424520571923885
2024-02-12,0.005361085922101827
2024-02-13,-0.006294859906505579
2024-02-14,0.00207584793957194
2024-02-15,0.0030814810416393
2024-02-16,0.0014462014903180442
2024-02-19,-0.0012757398303691048
2024-02-20,-0.004332696274570447
2024-02-21,-0.0021663763345550757
2024-02-22,0.0097419708280011
2024-02-23,0.00357543485238887
2024-02-26,-0.0034397054445760578
2024-02-27,-0.0019095038150018784
2024-02-28,0.00036287143803015454
2024-02-29,0.002681641249242084
2024-03-01,0.0034933371642071886
2024-03-04,0.00043080268945971945
2024-03-05,-0.0017360166436286573
2024-03-06,0.0022640972470013843
2024-03-07,0.0036651746919280637
2024-03-08,0.0013821063319712223
2024-03-11,-0.004677735801786542
2024-03-12,0.00457687768843873
2024-03-13,0.0002173329425438908
2024-03-14,-0.001078055168868386
2024-03-15,-0.003950697509050971
2024-03-18,0.004634266667973064
2024-03-19,0.0013543841885728103
2024-03-20,0.0012582861068499707
2024-03-21,0.009405343908397645
2024-03-22,0.0006139916388383515
2024-03-25,-0.0027301474671430626
2024-03-26,0.0016913794491963952
2024-03-27,0.0013441638175735182
2024-03-28,0.0035076463178129735
2024-03-29,0.0
2024-04-01,0.0
2024-04-02,-0.006876758517720072
2024-04-03,0.0008921102556900262
2024-04-04,0.0018730143405605304
2024-04-05,-0.004675244838367121
2024-04-08,9.626262128592522e-05
2024-04-09,-0.001723561556194908
2024-04-10,0.0011713796775316698
2024-04-11,-0.00020569339823828248
2024-04-12,0.004708243685668245
2024-04-15,-0.003421804632930736
2024-04-16,-0.01035297171523597
2024-04-17,-0.0023102148540182776
2024-04-18,0.000976753274728237
2024-04-19,-0.0053868385021556
2024-04-22,0.0020742390129742105
2024-04-23,0.0061431790042978385
2024-04-24,-0.0020711495206308106
2024-04-25,-0.007581887904074658
2024-04-26,0.011773224166470975
2024-04-29,0.0012997150155498183
2024-04-30,-0.002702969564177593
2024-05-01,0.0
2024-05-02,-0.0028700563906247645
2024-05-03,0.0058542807755672666
2024-05-06,0.005172417179076794
2024-05-07,0.004593949483644666
2024-05-08,-0.0009809182557660723
2024-05-09,0.00021938688093681158
2024-05-10,0.0012236378175582985
2024-05-13,-0.0004627812878151838
2024-05-14,-0.0009694905433339507
2024-05-15,0.0074055348053656544
2024-05-16,0.001395254665876866
2024-05-17,-0.00313685378062889
2024-05-20,0.0031607339935662004
2024-05-21,-0.0008498156607543716
2024-05-22,-0.00019238651509401183
2024-05-23,-0.0013042878587712359
2024-05-24,-0.0018195780952912077
2024-05-27,0.0023726399652803654
2024-05-28,-0.0034036815796499864
2024-05-29,-0.0037149510283368548
2024-05-30,-0.001289935934235209
2024-05-31,-0.002851822384813185
2024-06-03,0.00560791574505326
2024-06-04,-0.0006728259945378845
2024-06-05,0.007516705022868386
2024-06-06,0.0014687788201390717
2024-06-07,0.0006849969488045282
2024-06-10,0.0009110674334789071
2024-06-11,-0.0002404854735256201
2024-06-12,0.00525457853008704
2024-06-13,0.000499931004111831
2024-06-14,0.0025893255392748227
2024-06-17,-0.000916898959928858
2024-06-18,0.004238513365035557
2024-06-19,0.0003190297239497042
2024-06-20,0.0017513400633717424
2024-06-21,-0.0019508645738782748
2024-06-24,0.0010276724463353926
2024-06-25,-7.010536580576154e-05
2024-06-26,-0.000894735371204769
2024-06-27,-8.464812925601528e-05
2024-06-28,0.0017263635461670646
2024-07-01,-0.004041824062717692
2024-07-02,0.0016644860488106428
2024-07-03,0.0024698886693421684
2024-07-04,0.0011695303820844494
2024-07-05,0.000844342655589525
2024-07-08,0.0023159084388484352
2024-07-09,-0.0007268273070368814
2024-07-10,0.0034494851953736916
2024-07-11,0.0006798166426331687
2024-07-12,0.00226312928777328
2024-07-15,0.0008481391853334408
2024-07-16,0.0016334950149072824
2024-07-17,-0.00607105494174387
2024-07-18,-0.003886617068972087
2024-07-19,-0.004948190790431073
2024-07-22,0.0021507287241755435
2024-07-23,0.006714837642616933
2024-07-24,-0.009896149576354096
2024-07-25,-0.0023574465083180396
2024-07-26,0.0014036141697513216
2024-07-29,0.0022056082552579515
2024-07-30,0.0007741584736786766
2024-07-31,0.00977604699260115
2024-08-01,-0.005236832719661244
2024-08-02,-0.02202631520052012
2024-08-05,-0.013172085499888131
2024-08-06,0.0048767303170140774
2024-08-07,0.007133979225766973
2024-08-08,0.0004877131674194679
2024-08-09,0.002441792345456051
2024-08-12,0.001184916795509805
2024-08-13,0.006622169966534974
2024-08-14,0.0017420339034486254
2024-08-15,0.008296918681344856
2024-08-16,0.0009093513510494144
2024-08-19,0.0015889340195980317
2024-08-20,-0.0003167346238166502
2024-08-21,0.0012847530661463935
2024-08-22,-5.315831419150374e-05
2024-08-23,0.0008443267946489641
2024-08-26,-0.0007295514821461513
2024-08-27,-0.0005239273064969741
2024-08-28,0.00036122932004700736
2024-08-29,0.006398370951845145
2024-08-30,-0.002012806623418073
2024-09-02,0.0023069078505160157
2024-09-03,-0.004565137279979314
2024-09-04,-0.005086536822675014
2024-09-05,-0.0023827082071544714
2024-09-06,-0.0071536424139372334
2024-09-09,0.006577848991617952
2024-09-10,0.001471350224785617
2024-09-11,-0.002503506713574688
2024-09-12,0.009719513924430156
2024-09-13,0.004604435441977195
2024-09-16,-0.0011932641539792455
2024-09-17,0.002379590564183909
2024-09-18,-0.004264216709414459
2024-09-19,0.008600730602371431
2024-09-20,-0.004195728833464973
2024-09-23,0.004917812789517306
2024-09-24,0.0012742444248361462
2024-09-25,-0.0009418564170710075
2024-09-26,0.0022268982961684003
2024-09-27,0.0022939943897426485
2024-09-30,-0.0010177253063888836
2024-10-01,0.0032119245423247733
2024-10-02,0.0007749647635122425
2024-10-03,-0.0018812417428902828
2024-10-04,0.0020406054717272415
2024-10-07,0.001157447079219276
2024-10-08,-0.000735877560885223
2024-10-09,0.004296336630631226
2024-10-10,0.0013058267856635997
2024-10-11,0.0020862952662734635
2024-10-14,0.00451940372581161
2024-10-15,0.00023377650851408305
2024-10-16,0.0006482148899302764
2024-10-17,0.004928610947891654
2024-10-18,0.00017954711923895417
2024-10-21,-0.004258780269658868
2024-10-22,-0.0003373641587874898
2024-10-23,-0.000998975968315996
2024-10-24,0.0003279777979598997
2024-10-25,0.001242148713941571
2024-10-28,0.00016351703374462012
2024-10-29,-0.0008784786405157119
2024-10-30,-0.003950649192401734
2024-10-31,-0.010140013411391813
2024-11-01,0.0036533476230160566
2024-11-04,-0.003608354687680948
2024-11-05,0.002281448242635431
2024-11-06,0.018171850881330442
2024-11-07,0.0024277245905521827
2024-11-08,0.00549011935487731
2024-11-11,0.007593212387102755
2024-11-12,-0.0024846870420777156
2024-11-13,0.001857840426843893
2024-11-14,0.0012048326069402648
2024-11-15,-0.008404242367405557
2024-11-18,0.0014646295458484726
2024-11-19,0.00011226344341452865
2024-11-20,-0.00038052114767139766
2024-11-21,0.007556689500324731
2024-11-22,0.007720263056534504
2024-11-25,-1.1875662725757685e-05
2024-11-26,0.0012556653273461116
2024-11-27,-0.004233475136831699
2024-11-28,0.0037036901755107543
2024-11-29,0.003630209559305042
2024-12-02,0.005928826861478775
2024-12-03,-0.0008732122399730535
2024-12-04,0.002280851856600874
2024-12-05,-0.0009082733882345151
2024-12-06,0.0007269227240171983
2024-12-09,-0.0020326683064674222
2024-12-10,0.0009926781172684418
2024-12-11,0.002760251696146021
2024-12-12,-0.0029137264778282823
2024-12-13,-0.0036842361779315658
2024-12-16,0.0009076737163078441
2024-12-17,-0.0016724860039578626
2024-12-18,0.0013446334555351491
2024-12-19,-0.010342956104783085
2024-12-20,0.0017664913526267423
2024-12-23,-0.0022439793059134683
2024-12-24,0.0
2024-12-25,0.0
2024-12-26,0.0
2024-12-27,0.0018535088772693165
2024-12-30,-0.004668950899838986
2024-12-31,0.0
2025-01-01,0.0
2025-01-02,0.00951541080022511
2025-01-03,-0.0028158376782341232
2025-01-06,0.0028066845712508837
2025-01-07,-0.0044701448071041705
2025-01-08,-0.00018199187988787724
2025-01-09,-3.408991366860015e-05
2025-01-10,-0.006309027559880609
2025-01-13,-0.0017265298020108233
2025-01-14,-0.0015005150005518164
2025-01-15,0.011495723023884796
2025-01-16,8.15590899125862e-05
2025-01-17,0.005349759081088035
2025-01-20,-0.0018460324682970652
2025-01-21,0.0012368157438722438
2025-01-22,0.004268547751273388
2025-01-23,-8.75116667359288e-05
2025-01-24,-0.0031155194628904592
2025-01-27,-0.00847354659586852
2025-01-28,0.007308510576846006
2025-01-29,0.0012658167352084249
2025-01-30,0.0035073160369127887
2025-01-31,0.007489004006593136
2025-02-03,-0.0034885279743923636
2025-02-04,-8.610893340188497e-05
2025-02-05,-0.0008626136707720056
2025-02-06,0.0061889002691160044
2025-02-07,-0.0016896478386565494
2025-02-10,0.004043651569573203
2025-02-11,-0.0028732126609211095
2025-02-12,-0.00465810619843654
2025-02-13,0.005239602348986683
2025-02-14,-0.001730398144480505
2025-02-17,0.001669337751376565
2025-02-18,0.00022686939730309774
2025-02-19,0.0001083544084488075
2025-02-20,-0.004907430865755624
2025-02-21,0.0021531207175740086
2025-02-24,-0.006526834535807491
2025-02-25,-0.007711603631263109
2025-02-26,0.007163871873348215
2025-02-27,0.0018349260547725343
2025-02-28,-0.00523620075404152
2025-03-03,-0.0005156669171397787
2025-03-04,-0.018777090963174148
2025-03-05,-0.013236920174543476
2025-03-06,-0.0013967387206572646
2025-03-07,-0.00868006176335101
2025-03-10,-0.003962752631822664
2025-03-11,-0.012614189630413164
2025-03-12,0.005901256148399092
2025-03-13,-0.004222852856739845
2025-03-14,0.006617146649249284
2025-03-17,0.004034214351744225
2025-03-18,-0.002966761526187689
2025-03-19,0.006562180029854314
2025-03-20,0.0024043498194341595
2025-03-21,-0.0015897503456170359
2025-03-24,0.010009338149458813
2025-03-25,0.0010885963184814607
2025-03-26,-0.0027938595315107895
2025-03-27,-0.0026242152679830655
2025-03-28,-0.010908518477100726
2025-03-31,-0.0036540002102294356
2025-04-01,0.008064379058982496
2025-04-02,-0.001660702626132049
2025-04-03,-0.02649702326689163
2025-04-04,-0.02582468680018135
2025-04-07,-0.0167482884252238
2025-04-08,0.017950812444885944
2025-04-09,-0.025849006939437147
2025-04-10,0.02253614378306068
2025-04-11,-0.00720309076712955
2025-04-14,0.019367402066958306
2025-04-15,0.00636964057724132
2025-04-16,-0.006144093891025437
2025-04-17,-0.005054166899886137
2025-04-18,0.0
2025-04-21,0.0
2025-04-22,-0.0033158310691751014
2025-04-23,0.016015728863054024
2025-04-24,0.006460867114743696
2025-04-25,0.0014003851042205806
2025-04-28,0.0006244229778284982
2025-04-29,0.0033028007077338106
2025-04-30,0.0023022848261824436
2025-05-01,0.0
2025-05-02,0.012292556643545893
2025-05-05,0.0009613949307492042
2025-05-06,-0.0034139283128803433
2025-05-07,-0.0010757536535025425
2025-05-08,0.008697566240112309
2025-05-09,-0.001015358572980074
2025-05-12,0.016405018621324485
2025-05-13,0.0033781688159888468
2025-05-14,-0.00213432896781518
2025-05-15,0.0037446372366587433
2025-05-16,0.004825132432538348
2025-05-19,-0.0030760005909417076
2025-05-20,0.0009944594898216863
2025-05-21,-0.00522105689575314
2025-05-22,-0.004093457022362856
2025-05-23,-0.005198722950514378
2025-05-26,0.0053416149283274095
2025-05-27,0.005747923581200354
2025-05-28,0.0004550129142240067
2025-05-29,-0.0014491847866526797
2025-05-30,0.00018103956125514742
2025-06-02,-0.0030311404022626
2025-06-03,0.007266930827623419
2025-06-04,0.00012036559962091964
2025-06-05,-0.0010461405791268863
2025-06-06,0.0024764482471231197
2025-06-09,0.0003163445511238372
2025-06-10,0.0008603785342757853
2025-06-11,-2.3457345880273373e-05
2025-06-12,-0.003788140013898378
2025-06-13,-0.00396310773624331
2025-06-16,0.002958859068354913
2025-06-17,-0.0016879551406405735
2025-06-18,0.00019875191189844266
2025-06-19,-0.005324627914402802
2025-06-20,0.002502925447014581
2025-06-23,-0.001351920164523901
2025-06-24,0.005196452768983173
2025-06-25,-0.0005223409342023366
2025-06-26,0.0005149201645135992
2025-06-27,0.004467480290900383
2025-06-30,-0.001305315802161422
2025-07-01,-0.0003683729572865335
2025-07-02,0.0011070026486970086
2025-07-03,0.006591980950413134
2025-07-04,-0.00356948406376445
2025-07-07,0.0010252689733796228
2025-07-08,-0.0006644439365730559
2025-07-09,0.0020168611322428642
2025-07-10,0.0033583803521319844
2025-07-11,-0.003799580700530658
2025-07-14,0.00044569945102801434
2025-07-15,0.00341942370399817
2025-07-16,-0.00784003278584755
2025-07-17,0.00953343043059629
2025-07-18,-0.002318351249044892
2025-07-21,0.0022169401738985073
2025-07-22,-0.0032740099012202872
2025-07-23,0.005249075188215713
2025-07-24,-0.0006251018553994347
2025-07-25,0.0005478983511288948
2025-07-28,0.005565702467888123
2025-07-29,0.0024939474202989587
2025-07-30,0.0021688515327522584
2025-07-31,0.0019069746167410528
2025-08-01,-0.017232741565563314
2025-08-04,0.007880881899752668
2025-08-05,-0.001345373628313884
2025-08-06,0.0011088134371022296
2025-08-07,0.0017120255908256166
2025-08-08,0.000476174827289233
2025-08-11,0.003070211802534084
2025-08-12,-0.0007428793846631088
2025-08-13,0.002288577307111961
2025-08-14,0.0027652856511488633
2025-08-15,-0.003540877990869551
2025-08-18,0.0007750603590019889
2025-08-19,0.00030800160145871835
2025-08-20,-0.0021656575755235608
2025-08-21,0.0011694519372160705
2025-08-22,0.003760218760834988
2025-08-25,-0.0013104802985761665
2025-08-26,-0.0009393670718726987
2025-08-27,0.004713756875113884
2025-08-28,-0.0010533875404981075
2025-08-29,-0.0049270002877491725
2025-09-01,0.001354467513303037
2025-09-02,-0.007905374140893984
2025-09-03,0.005093807794883887
2025-09-04,0.005445276315213077
2025-09-05,-0.0019285716319050739
2025-09-08,0.003897365662836272
2025-09-09,-8.060260517017692e-05
2025-09-10,0.0029182080512180075
2025-09-11,0.0038323655746737018
2025-09-12,-0.000937660829477327
2025-09-15,0.0014348952266476367
2025-09-16,-0.004674762451357672
2025-09-17,-8.550690160780139e-05
2025-09-18,0.005633469765890631
2025-09-19,0.0002032600105275062
2025-09-22,0.00092432376387519
2025-09-23,0.0005342455773891253
2025-09-24,-0.0009259108662569293
2025-09-25,-0.0017624651039186423
2025-09-26,0.0016356098548104825
2025-09-29,0.0021409705019284075
2025-09-30,-0.0004577912429706288
2025-10-01,0.003998710847176623
2025-10-02,0.002794237198321614
2025-10-03,0.0027313464019378397
2025-10-06,0.0012068252679160452
2025-10-07,-0.0009692534898687599
2025-10-08,0.005883295556499357
2025-10-09,-0.00013677199403561158
2025-10-10,-0.01010063555395957
2025-10-13,0.003987621806070818
2025-10-14,-0.0010828255240326046
2025-10-15,0.004022603189806517
2025-10-16,-0.0002969151040179696
2025-10-17,-0.006742091719590282
2025-10-20,0.010100671688225482
2025-10-21,0.0028180001281505884
2025-10-22,-0.003358287117154579
2025-10-23,0.0022502281356129306
2025-10-24,0.0031557238378239205
2025-10-27,0.004265723538119381
2025-10-28,0.0008037198990347161
2025-10-29,0.0014702555211689727
2025-10-30,0.00025065425538217667
2025-10-31,-0.0002693273127197804
2025-11-03,-0.00018548114683258898
2025-11-04,-0.0020194752497648683
2025-11-05,0.00046240774982764243
2025-11-06,-0.008149367529996066
2025-11-07,-0.007350141565540147
2025-11-10,0.011549519616277593
2025-11-11,0.002432978901414362
2025-11-12,0.003685757662694966
2025-11-13,-0.00853023399574182
2025-11-14,-0.001610715874162394
2025-11-17,-0.0018788442741768385
2025-11-18,-0.00790038440978702
2025-11-19,0.0014452254367078865
2025-11-20,0.003340966584889582
2025-11-21,-0.00497256522318823
2025-11-24,0.006911745151728432
2025-11-25,0.0023394840840400555
2025-11-26,0.00671699670853676
2025-11-27,-0.0004478673967062141
2025-11-28,0.0021519200125734717
2025-12-01,-0.0033684053462550434
2025-12-02,0.00012241707884119712
2025-12-03,0.00016337440260416614
2025-12-04,0.0007837992516974701
2025-12-05,0.0018300288378281238
2025-12-08,-0.002510565259652986
2025-12-09,0.0008702453200897242
2025-12-10,-0.0014396229268588412
2025-12-11,-0.0017531076589841765
2025-12-12,-0.003594196878143774
2025-12-15,0.0007864610515802006
2025-12-16,-0.003270089106930829
2025-12-17,-0.003108566434765092
2025-12-18,0.007225192559875415
2025-12-19,0.0010560667954220282
