,core_ret,sat_pocket_ret,portfolio_ret
2021-01-01,0.0,0.0,0.0
2021-01-04,-0.0033181018704782,0.0037659645444404477,-0.0019027082400826303
2021-01-05,0.0019198708955758,0.0020307616850697508,0.0019398482426605862
2021-01-06,0.006134884323554,0.0003037956111982946,0.004962764511525509
2021-01-07,0.0046216114036166,0.002146002041559138,0.004125964954604893
2021-01-08,0.0038241017171547,0.0005777150697349642,0.003176139014924262
2021-01-11,0.0008736027985982,-0.0006795755115814307,0.0005638817912789586
2021-01-12,-0.002029741546783,0.0013430876901730782,-0.0013577559939268503
2021-01-13,0.003102498095693,0.0002683383398242007,0.002537475610612951
2021-01-14,0.0026260365477805,0.0024858579602071583,0.0026002648846318722
2021-01-15,-0.0031760168726485,-0.0014961477912143783,-0.0028431547198286334
2021-01-18,-0.00081074910551,0.0002852778962042864,-0.0005922540830616412
2021-01-19,-0.0005161833428789,0.001188793393141211,-0.00017575181195470432
2021-01-20,0.0073066153700682,0.002973913057286475,0.006442098710663941
2021-01-21,-0.001285207149911,0.0012917307785466606,-0.0007714232913099222
2021-01-22,-0.0039630149219659,-0.0004220943594347398,-0.0032572643632589283
2021-01-25,0.0010215845663819,-0.0024807853827743076,0.0003216775714585526
2021-01-26,0.0019576463374317,-0.0036704327052279845,0.0008339963172655229
2021-01-27,-0.0072073063049886,-0.005562608972088158,-0.0068882507369637525
2021-01-28,0.0010168912692736,0.0009206725117703711,0.0009987469280301347
2021-01-29,-0.0118729468643382,-0.0001046915913782945,-0.009534447194094367
2021-02-01,0.0071440880513644,0.0008407992604721679,0.005878875162741277
2021-02-02,0.0115499377411198,0.002423733513862158,0.009728726216442468
2021-02-03,0.0003943228577214,0.0012982334755991284,0.0005755683642452006
2021-02-04,0.0049444869713779,-0.00015169603054531453,0.003933643740220925
2021-02-05,0.001849306229201,0.0026762383978789018,0.0020187766506259038
2021-02-08,0.0022729210749599,0.0010655825725726382,0.0020366211978873013
2021-02-09,-0.0003726305991876,0.0008630496392292394,-0.00012662094354649466
2021-02-10,-0.0020572623368462,0.0015804330169754456,-0.0013349009560863596
2021-02-11,0.0031414079998428,0.001238905115023902,0.0027662672102376613
2021-02-12,0.0007877310356356,-0.0011684436727794501,0.0003983740333953831
2021-02-15,0.0039028055493584,0.0006990945775432298,0.003271278813159216
2021-02-16,-0.0021390204888913,0.0012376279859528895,-0.0014701493511899374
2021-02-17,-0.0027655878630308,-0.0004856364122707687,-0.0023160500118844397
2021-02-18,-0.0038496830394181,-0.0003212365328291892,-0.003151651550451926
2021-02-19,0.0018101439774229,5.732588090963599e-05,0.0014621824766024476
2021-02-22,-0.0043729782598245,-0.0003335376324768288,-0.0035725552594018904
2021-02-23,-0.0055306398666128,-0.0006047867496288558,-0.0045513098646121925
2021-02-24,0.0055744911872726,6.076283069925161e-05,0.004473346758402856
2021-02-25,-0.0071191451549591,-0.0007332158512432064,-0.0058501185702474695
2021-02-26,-0.0037275716965993,-0.0015771677832090555,-0.0032977097102340554
2021-03-01,0.0124736151465087,0.002007821673150136,0.010377540285165444
2021-03-02,-0.0031353984980607,-0.0006918063193023422,-0.0026511098546731678
2021-03-03,-0.0026165934472007,-0.00019101812520634065,-0.002134232486632442
2021-03-04,-0.0041254088709717,-0.003830723444593656,-0.004068508641771475
2021-03-05,-0.0060991580431586,-0.0013832056759202208,-0.005159548694215675
2021-03-08,0.0167091111893415,-9.412647457072405e-05,0.013346409498594199
2021-03-09,0.003476653579759,0.0025924506966033094,0.0033080903719712143
2021-03-10,0.0016304973722329,-0.00046232870131980575,0.001216378139820192
2021-03-11,0.0047959878195662,0.0021908831814359477,0.004288920703098449
2021-03-12,-0.0036801997393522,0.0011757178403097822,-0.002721806351161269
2021-03-15,0.0039062174435542,0.00023885867044874987,0.0031830192981713444
2021-03-16,0.0055270326073644,-0.00032640873484632077,0.0043742146157210475
2021-03-17,-0.0053561949226246,-0.00039311484077216003,-0.004385688487671641
2021-03-18,0.001267789501351,0.0008628600060016571,0.0011908872202560626
2021-03-19,-0.0033365447015322,-0.001114408910590119,-0.002903309666512698
2021-03-22,0.0020011395816172,-0.0016961419140513654,0.0012681654176604912
2021-03-23,0.0018369327905274,-0.0033203848168969607,0.0008128456212623228
2021-03-24,0.0001823039073522,-0.0011200455566689122,-7.712727262997295e-05
2021-03-25,-0.0015510255944036,0.00030646225800417886,-0.0011868348130823175
2021-03-26,0.0047108845151446,0.0023452100498444583,0.00425790881632902
2021-03-29,0.0013919557846833,-0.0006089177226341617,0.000998514507507512
2021-03-30,0.0020851250709501,0.00149063461517545,0.001976486902261372
2021-03-31,0.0023103618475486,5.796637427671369e-05,0.0018717854623875783
2021-04-01,0.0034245513963153,0.000969407791723409,0.002934014688143333
2021-04-02,0.0,0.0,0.0
2021-04-05,0.0,0.0,0.0
2021-04-06,0.0039033352993391,0.0014566886847169837,0.0034160239712198413
2021-04-07,-0.0025589648670627,0.0001876837203045847,-0.00201218322001747
2021-04-08,0.0032407732908474,0.0015287931296794608,0.0028998284145902572
2021-04-09,0.0005129860525789,0.0004274198726584897,0.000496205186603824
2021-04-12,-0.0005139755237585,-0.0002892347678143093,-0.00046939525290922004
2021-04-13,0.0011582328482862,0.0007493652388146304,0.0010772272433306493
2021-04-14,-0.0003771296505333,0.00020936780931701202,-0.0002601956248996621
2021-04-15,0.0038219813543551,-0.00014983330585143816,0.003030569425137284
2021-04-16,0.0010913238779277,0.0019366111100861119,0.001261516724047545
2021-04-19,-0.0045956178073199,-0.0009182461578818757,-0.003865757484798409
2021-04-20,-0.0071978051142475,-0.0019909260184631018,-0.006160880050407137
2021-04-21,0.0049676312802857,-6.046779654214037e-05,0.0039612170196101455
2021-04-22,0.003974788751575,0.001164896329807147,0.0034151184826490067
2021-04-23,-0.001916683538806,0.0006931869459412619,-0.0013969306862044307
2021-04-26,0.0013261469874159,0.0011893538465801404,0.0012994384852628577
2021-04-27,-0.001146861919795,0.0006884251064585205,-0.0007807358396962207
2021-04-28,-0.0007086556143826,0.002153747355439437,-0.00013688914389582983
2021-04-29,-0.0022052248755635,0.0004906880845205916,-0.0016660111605779737
2021-04-30,0.0013080574463819,-0.0005893588414841942,0.0009280502162091243
2021-05-03,0.0019703338106695,-0.0012133730734389281,0.0013334671371608919
2021-05-04,-0.0061088507965489,-0.0007261314061384058,-0.0050341288724746166
2021-05-05,0.007515817353334,0.0009419942480047187,0.006196786793562954
2021-05-06,-0.0034481497032812,0.0004292555357032988,-0.002674495926245508
2021-05-07,0.0033250965379914,0.00108601442741183,0.0028766771344220132
2021-05-10,-0.0007015732617068,-0.00043265206615453026,-0.0006478717425816121
2021-05-11,-0.0122923544597736,-0.0015398830650800142,-0.01014399131177267
2021-05-12,-0.0033326040195259,-0.0006072967579583951,-0.0027822944631072594
2021-05-13,0.0007570782101424,0.00023923828656696586,0.0006519647515961891
2021-05-14,0.0048306203949424,-0.00015788197793414497,0.0038237993383411404
2021-05-17,-0.0026979137115648,-0.00321333107871367,-0.0027974020507083616
2021-05-18,0.0001440250043167,0.0010583269646083095,0.000326527720877318
2021-05-19,-0.0085318346581172,-0.0008721838696017987,-0.006989852992361608
2021-05-20,0.009079945340533,0.0007096940725051649,0.0073839868612795125
2021-05-21,0.0032884150021545,-0.00040505650999538175,0.0025463298757309972
2021-05-24,0.0,7.580971612157066e-05,1.5146750896434062e-05
2021-05-25,0.001867464021569,-0.00042986493435773557,0.0014071951023593636
2021-05-26,0.0027338731873065,0.0008349803521926457,0.0023536307139502225
2021-05-27,0.001042872909672,0.0002185897540001028,0.0008781755733192899
2021-05-28,0.0026993037583855,0.00099585325003005,0.002359295204813907
2021-05-31,-0.0038282795228692,0.00024304552623958235,-0.003016352537254702
2021-06-01,0.0025904135343035,0.002309590233874211,0.0025336463695768262
2021-06-02,0.0029512874011488,-0.0005054075334851164,0.002260022879025239
2021-06-03,-0.0003854609929574,-0.00012037062273172005,-0.0003326280076572448
2021-06-04,0.002386036166873,0.0010688128053646213,0.0021235713082627095
2021-06-07,-0.0009332178586041,0.0010007255287987475,-0.0005472926178002329
2021-06-08,0.0012082928667005,-0.00012044570022805729,0.0009430544841236755
2021-06-09,0.0015353216912605,0.0005830604742255736,0.0013456947224738964
2021-06-10,0.0014027220422379,0.00101179451184392,0.0013254074673728921
2021-06-11,0.0046093615245801,0.0004931952960999123,0.003789844718210895
2021-06-14,-0.0012891070663333,0.00013070890628561494,-0.0010070802445767456
2021-06-15,6.130504872925435e-05,-0.0006768974683407694,-8.612282611950191e-05
2021-06-16,0.0017551813514649,-0.0021516511014762554,0.000976656297510335
2021-06-17,0.0049297169423661,-0.0015688011696465757,0.0036401599064982775
2021-06-18,-0.0051753188520758,-0.0021494706834659476,-0.004585361845560003
2021-06-21,0.0017734686685422,-0.004841317135043071,0.0004559896340421358
2021-06-22,0.0029962544380557,0.002366244073199118,0.0028805335602982603
2021-06-23,-0.0015904109675055,0.0006048726479255376,-0.0011573421126498523
2021-06-24,0.0040865183668028,0.0002192518798625236,0.0033266782980830314
2021-06-25,-4.861819957391322e-05,0.0012394074864202466,0.00020854647153968
2021-06-28,0.0004944629584577,0.00041388118090690827,0.0004801168959851632
2021-06-29,0.0028136556732827,-0.0012272003888372796,0.002006294251652716
2021-06-30,0.0012345829698148,0.001022256477727709,0.0011929562282531566
2021-07-01,0.0016408058185592,-3.671506264545054e-05,0.0013067512392378167
2021-07-02,0.0039244165662026,0.002332006938297369,0.003609965276414574
2021-07-05,0.0009823677969076,-0.00028366077651474436,0.0007305931887749501
2021-07-06,7.204521346615422e-05,-0.0005394244583066012,-5.002532734246604e-05
2021-07-07,0.0045073396045969,-0.0007617754399507157,0.003461320602087202
2021-07-08,-0.0079301090343502,-0.003052876141538387,-0.006974132203050811
2021-07-09,0.005801605073487,0.0014761617459080898,0.00494639647312006
2021-07-12,0.0024667975098577,0.0005088270021053555,0.002081115741591103
2021-07-13,0.0032275382389912,0.00025471066685702084,0.0026417904925475346
2021-07-14,-0.0019102238995168,-0.0006424476462899877,-0.0016626857515838062
2021-07-15,-0.0017191268441703,-0.00032239189677551094,-0.0014449012134910943
2021-07-16,-0.001452285663591,-0.0010797621965692615,-0.0013816242633845099
2021-07-19,-0.0102837279771831,-0.004610264180283772,-0.009176250829538041
2021-07-20,0.0078509658663106,-0.00038249369698587263,0.006218714793114521
2021-07-21,0.0039256530290796,-0.000772537399521627,0.0029984563040845484
2021-07-22,0.0033690930317791,0.002012421440857303,0.003110395255563382
2021-07-23,0.0064953805653562,0.0023681279369120165,0.005695980411312241
2021-07-26,-0.0012032943392235,0.0009086489133625085,-0.0007867795642343897
2021-07-27,-0.0047559841748192,-0.0006515038393724088,-0.003955874522194832
2021-07-28,0.0040410740412613,0.0008604911083601447,0.003419937679968301
2021-07-29,0.0003522926278156,0.0007803877813913067,0.0004392523879011026
2021-07-30,-0.002175063597908,0.0005347043297669154,-0.0016423138959436186
2021-08-02,0.0025815119247578,-0.0001547621249722112,0.002043981352977394
2021-08-03,-0.0008582320009611,-0.0006424913190711777,-0.000818547310155904
2021-08-04,0.0027117538303988,0.0005334669779755875,0.00228724762221739
2021-08-05,0.0025789872085493,-0.0006986944337499131,0.0019351805131910239
2021-08-06,0.0022940704005902,-0.0010670954208277649,0.0016335406836174805
2021-08-09,0.0008696130648648,-0.0002786078609181158,0.0006448381336215175
2021-08-10,0.0020778602152011,0.0004537458968601306,0.0017648211420058374
2021-08-11,-0.0001815308555699,-0.0005516588078299076,-0.0002565293907245319
2021-08-12,0.0012894579976701,0.001767790434331698,0.0013925412212586856
2021-08-13,-0.0006081556527384,6.761379123495928e-05,-0.0004766349847118901
2021-08-16,-0.0018065875220685,-0.0007433783384692408,-0.001604358286191866
2021-08-17,0.0014797572374805,-3.023397986374635e-05,0.001186169381045794
2021-08-18,0.0001953329127242,0.0010577934746741544,0.0003687685647371855
2021-08-19,-0.0058451367373967,-0.001314045529219249,-0.004972444740724618
2021-08-20,0.0039035556235762,0.00025670061401904406,0.003193917011066966
2021-08-23,0.0034306273807225,-0.000821540841756357,0.0025997024771385086
2021-08-24,0.0007864391737957,-0.00019651121791803135,0.0005948452023100689
2021-08-25,-0.0011359862581907,0.0014811235343767043,-0.0006201952381411978
2021-08-26,-0.0027500766138864,0.0003019929601748234,-0.0021563540922073174
2021-08-27,0.0023875870396552,0.0013641049850842224,0.002195914317474081
2021-08-30,0.002953978624018,0.0002424784544515967,0.0024285539315421914
2021-08-31,-0.0023815987211214,0.0019990278410611205,-0.0015205270457004096
2021-09-01,-0.0005303871755276,-7.73174181551293e-05,-0.000442657350313885
2021-09-02,0.0017317362716626,-0.0004646786677587128,0.001301890795622961
2021-09-03,-0.001521828581406,8.439171354919496e-05,-0.0012093363788610381
2021-09-06,0.0036554223294933,0.000446456310868238,0.00303360080919863
2021-09-07,-0.0042700295066043,0.00209230027284244,-0.00302355736057644
2021-09-08,-0.0015114903688321,-0.0007386697090421767,-0.0013643226526436967
2021-09-09,0.002384095780648,-0.0002577201975720817,0.0018673945697244563
2021-09-10,-0.0037053438702763,0.0015283561932713486,-0.0026784893529519928
2021-09-13,-0.0006658985529093,-0.00041089228189776126,-0.0006177856514544601
2021-09-14,-0.000335517606665,0.0007516739978474112,-0.00011971326054119219
2021-09-15,-0.00223935778718,0.0005826276157165844,-0.0016845946898589041
2021-09-16,0.0026458633973209,0.00016510052716037866,0.002159745135829739
2021-09-17,-0.0021046845343314,-0.0002796725175263908,-0.001748455946599153
2021-09-20,-0.0096594910374097,-0.002936728505441417,-0.008352094070868088
2021-09-21,0.0048047624156188,-0.0007133143119334325,0.003714929617638587
2021-09-22,0.0029989215071115,-0.0004538801620528273,0.00231957507472889
2021-09-23,0.0034757446061424,0.0014921314424039456,0.00309350333296401
2021-09-24,-0.0022885623089675,0.0004991448092475537,-0.0017315795440656146
2021-09-27,0.0010405498259633,-0.0006556346819818756,0.0007011882658591016
2021-09-28,-0.0115579013197816,-0.0012853568595145703,-0.009503428174464961
2021-09-29,0.0049483413136874,0.0008545432505493206,0.004121325652598099
2021-09-30,-0.0016756548389272,0.0003153919768787411,-0.0012758706679619704
2021-10-01,-0.0027368840052682,-0.00016365165851693449,-0.002218653147120099
2021-10-04,-0.0070970155547646,0.0007000822482786627,-0.0055255839725102465
2021-10-05,0.0092451915726363,0.002669777858378929,0.007902071099872149
2021-10-06,-0.0044107536267087,-0.0004914932462917422,-0.0036183369834293854
2021-10-07,0.0125766129965925,0.0013277831212487195,0.010294469177712548
2021-10-08,-0.003831377401625,-0.0008656150016558212,-0.0032351593767256485
2021-10-11,0.0007721510599274,-0.0001455759558437878,0.0005876833488076638
2021-10-12,-0.0043130563893916,0.0006430399451870149,-0.003317287093893564
2021-10-13,-0.0008346552866221,0.0005424681851033618,-0.0005577670916833894
2021-10-14,0.0108633220893166,0.0002917975003424166,0.008726084007228895
2021-10-15,0.0040925799405633,0.001068675642960201,0.0034858837312923773
2021-10-18,-0.0005890214050457,0.0004002889396078859,-0.0003912791477375525
2021-10-19,0.0020178900625515,-0.00043197955987988066,0.0015278188919809878
2021-10-20,0.0021724068384536,-0.0010391733105766686,0.001530951698975801
2021-10-21,-0.0014656716769164,0.000541080525308577,-0.0010656211302923733
2021-10-22,0.000917159625702,0.0004920214645189665,0.0008324850649611863
2021-10-25,0.0043962859469592,-0.0007150226018842223,0.0033766308079836395
2021-10-26,0.003986257867296,-6.339981974989411e-05,0.0031818147667490356
2021-10-27,-0.0014127324939997,0.0007700989815281705,-0.0009791688891342238
2021-10-28,-0.0020973628226887,-0.00013073833575721964,-0.0017075127768937273
2021-10-29,0.0033189986327171,0.0003255279206889701,0.0027247399631024445
2021-11-01,0.0010858988345217,-0.0002787041371737357,0.0008150226599104806
2021-11-02,0.0038157432846221,-0.0007855209812526859,0.0029034621860350297
2021-11-03,0.0001624110633937,0.0015181272971625452,0.000433700983385854
2021-11-04,0.0073922217641668,-0.0007273378100877301,0.0057873928486304755
2021-11-05,0.0042779993351484,-0.0022331412461119833,0.002992650408426735
2021-11-08,-0.0021910100668456,0.000698777330633824,-0.001623850964768263
2021-11-09,-0.0006161626944206,-0.0008571178860314495,-0.0006668992285836135
2021-11-10,0.0006087549103821,0.0011239779444720632,0.0007142819594882176
2021-11-11,5.603420339928e-05,0.00028919895517190983,0.00010285389488636714
2021-11-12,0.0038543581531067,-0.0002915762375563727,0.003041919971624504
2021-11-15,0.0018198092662808,0.00089542782241754,0.0016438175522621938
2021-11-16,0.0048038087390229,0.0007251848605649747,0.004012561183848002
2021-11-17,-0.0011163450969887,-3.388501809212818e-05,-0.0009062797924830273
2021-11-18,-0.000715292150402,-0.0009237623241759124,-0.0007608020034283568
2021-11-19,0.0036229122238888,-0.0003275930338959844,0.0028532597246627976
2021-11-22,0.0014145275876924,-0.0004164503952170946,0.001057246299954817
2021-11-23,-0.0091162851516661,-0.0013336966530329143,-0.007619017603774269
2021-11-24,0.0039893951691605,0.0013295035359590826,0.003478314083929096
2021-11-25,0.0018146083960823,0.0001792083901606747,0.0014978730975067564
2021-11-26,-0.0179312219414182,-0.005496969606213384,-0.01555043038460201
2021-11-29,0.0070725493931607,0.0017483436075131373,0.006035655808948578
2021-11-30,-0.0070366191846437,-0.006319029280784704,-0.006925857433392024
2021-12-01,0.0066438955408312,0.0010431692984719213,0.005554910888083897
2021-12-02,-0.009083868550707,-0.003492873726446007,-0.008015810582549241
2021-12-03,-0.0011690198407634,-0.0008224288759230658,-0.0011050477951313343
2021-12-06,0.0065849027332156,0.000763381570839231,0.005451128842450955
2021-12-07,0.0150448335916328,0.0028301625297477246,0.012685127882808305
2021-12-08,-0.0064978095208654,0.002003521954458651,-0.004846411526764076
2021-12-09,0.0033009300460107,0.0006305258867381041,0.002786960177911067
2021-12-10,-0.0029975289588101,-0.0008317869254562578,-0.0025838386139333076
2021-12-13,-0.0001214920636267,-0.0019992676004898426,-0.0004974007613462466
2021-12-14,-0.0058062208644378,-0.0004227675074632952,-0.004767195801770965
2021-12-15,0.0006726387608517,0.0018085069757545781,0.0009032554706796694
2021-12-16,0.0071044396121535,-0.003064139072206349,0.005110269339304118
2021-12-17,-0.0037170321590781,-0.0016296153145482512,-0.003325482964897018
2021-12-20,-0.0129478452778956,-0.0008440785759611749,-0.010614176543166516
2021-12-21,0.0085227948623696,0.00146421489248972,0.007151963452228198
2021-12-22,0.0049889660812947,-7.300615680898555e-05,0.0039775860569681715
2021-12-23,0.0048568497705985,0.0027752161511548188,0.00444485531613949
2021-12-24,0.0,-4.4308056486325176e-05,-8.852731927227698e-06
2021-12-27,0.00334433656862,0.0006693027875045182,0.002813690102450901
2021-12-28,0.0030922365683985,2.4291920248141868e-05,0.0024841115104379382
2021-12-29,-0.0035536272691515,-0.0001623668554732498,-0.0028833558516330477
2021-12-30,0.0019265295782058,-1.620036232975771e-05,0.001541281624564941
2021-12-31,0.0,-0.0003089051660894716,-6.171912837499063e-05
2022-01-03,-0.0024512285401715,-0.00010648557632451209,-0.0019873255893846165
2022-01-04,0.0030171865946138,0.004135693696313668,0.0032451707472186415
2022-01-05,-0.0020982181071751,-0.001501753270559636,-0.001981806954405781
2022-01-06,-0.0095027104495203,0.0016303998132262002,-0.007289926199312719
2022-01-07,-0.0040744477747347,6.864699182005495e-05,-0.0032443636350530116
2022-01-10,-0.0080473084943889,-0.0006453231675506147,-0.0065585019276762435
2022-01-11,0.0061131751563685,0.0009287855927410575,0.0050625052232976565
2022-01-12,0.0033720733847539,-0.001315019039043369,0.0024302195082098817
2022-01-13,-0.0013251006205442,0.000361747348637125,-0.0009869535178677884
2022-01-14,-0.0082086163660908,0.001693699254331801,-0.006221004148333213
2022-01-17,0.0035733191219797,9.298738948415208e-05,0.002868257941745732
2022-01-18,-0.0066152083156505,-5.5139050893728686e-05,-0.005290273588982104
2022-01-19,-0.0026544738460024,-0.0002220235207426962,-0.0021599375681948447
2022-01-20,0.0053727794977653,0.00036203583141623086,0.004352243217330168
2022-01-21,-0.0119303157684217,-0.0024973634725375567,-0.01001220053564564
2022-01-24,-0.0229346478656971,-0.0035662839965992224,-0.01896531534694388
2022-01-25,0.0064529649087283,2.389334677912254e-05,0.005119733250450985
2022-01-26,0.0096775786838219,0.003159494220758862,0.008312397211538395
2022-01-27,0.0032005794197214,0.004346583130967882,0.0034121454156287416
2022-01-28,-0.0070474964343958,0.0009671472419225767,-0.005406535933975132
2022-01-31,0.0089933346295487,-0.00043342080027669935,0.0070474617238420545
2022-02-01,0.0044422225254237,0.0013605773495278608,0.0038025029150791315
2022-02-02,0.0014216223818026,0.0002419404932628266,0.0011789510064672472
2022-02-03,-0.0148789858668428,0.0017022632004707926,-0.011495948975357105
2022-02-04,-0.0081474804363758,0.00048645866985266313,-0.006361798198619674
2022-02-07,0.0015865034580824,0.0017824380735581332,0.0016115812537208947
2022-02-08,0.0020331083850539,0.0014356475714978041,0.0018956397165398545
2022-02-09,0.00947354808563,0.00014042915416654373,0.007525405706948774
2022-02-10,-0.0056401413249257,0.001140777048261647,-0.0042442956546860375
2022-02-11,-0.0050324121912304,0.0004171874543015089,-0.003901356661372621
2022-02-14,-0.0048890337471524,-4.416239836879455e-05,-0.0038755965376169356
2022-02-15,0.0041900546062214,0.0013094809569526005,0.0035722087341413973
2022-02-16,-0.0017158750060439,8.049334028547542e-06,-0.0013549266089291497
2022-02-17,-0.0012403113993885,-0.002118650584542559,-0.0014035152781660656
2022-02-18,-0.0064553880654703,4.015385298677264e-06,-0.005101788445155006
2022-02-21,-0.0068067048209463,-0.0003937206916468749,-0.00545163012207546
2022-02-22,0.000241521709311,0.0005828721750198627,0.00030684712586533883
2022-02-23,-0.0037119377076636,0.0015080575852437878,-0.002624568071284487
2022-02-24,-0.0064241413747235,-0.0021541241152990063,-0.005488510864823135
2022-02-25,0.0170733018903781,0.0029108172075197887,0.014012156999095035
2022-02-28,0.0055423994152776,-0.0017339657714311133,0.004026430288084074
2022-03-01,0.0022296413577158,-0.009444087596381958,-0.00012507868209073246
2022-03-02,0.003294397805474,0.005583703117184485,0.0037252078769903453
2022-03-03,-0.0020623686875799,0.0042027369954960245,-0.0007931812387954933
2022-03-04,-0.0038503178571213,0.0015295278908224353,-0.002738920937169143
2022-03-07,-0.0053275549924203,0.0018974091824849357,-0.0038287421510512926
2022-03-08,-0.0126658053608743,0.004561298701898887,-0.009077193390053653
2022-03-09,0.0061817874996257,0.001852908128929985,0.005227393043743084
2022-03-10,-0.0084708512604491,0.0009374856958814387,-0.006474588695954641
2022-03-11,0.0075533324364249,-0.0021184659844551324,0.0055050343256038865
2022-03-14,-0.0091681588892714,0.0005684352322724277,-0.007097032692550228
2022-03-15,0.0071520959993551,-0.0009241118471946461,0.005428590971828803
2022-03-16,0.009885536208924,0.0008128353897514008,0.007934346224207462
2022-03-17,0.0024950956123681,0.0003357771649519692,0.0020324906988210155
2022-03-18,0.0099181862342225,0.00011011822464929017,0.007838193549726454
2022-03-21,0.000346809098209,0.0018768146239106498,0.0006525035890155221
2022-03-22,0.0062085298423077,0.0016038038633031239,0.0052869897165639555
2022-03-23,-0.0012812558285175,0.0014315798926999414,-0.0007398582896783335
2022-03-24,-0.0004826173369271,0.0011321633764433518,-0.00016001148295482397
2022-03-25,0.0017571741064184,0.0021870719976461533,0.0018427110629260128
2022-03-28,0.0013721504983377,0.00067932347248814,0.0012333513656097304
2022-03-29,0.0040200866593582,0.0010840919036028491,0.003432829742860176
2022-03-30,-0.0036722485831517,-0.0021767846298455257,-0.0033745839833202802
2022-03-31,0.0022519144835371,-0.001294793980343355,0.0015434359585165935
2022-04-01,-0.0032184615038653,0.001941131942901058,-0.002189616361813143
2022-04-04,0.0073739412964937,-0.0015988155822221903,0.005579779281536706
2022-04-05,-0.0016848181155653,0.0007271752600631671,-0.0012049862114586719
2022-04-06,-0.011352195387308,0.0012362866453960565,-0.008846696951181789
2022-04-07,-0.0016890543544011,-0.0011508822225657093,-0.0015795485058444788
2022-04-08,0.0060171381973324,0.0003649903161930865,0.004880269467926162
2022-04-11,-0.0101622268400055,-0.0005020760591920598,-0.008228526368585785
2022-04-12,0.0028375971479801,0.002360682658294385,0.002736878051705671
2022-04-13,-0.0018491900640521,6.34216975083195e-05,-0.001463652873336187
2022-04-14,0.0017726417629473,0.0023254038199840327,0.00187927935909938
2022-04-15,0.0,0.0,0.0
2022-04-18,0.0,0.0,0.0
2022-04-19,-0.0011904789530298,-0.00011683940576658507,-0.0009733056116790861
2022-04-20,0.0024594144412912,0.0007141855384630048,0.002104795772854699
2022-04-21,-0.0018787561379538,0.0019207001939080715,-0.0011156297964579997
2022-04-22,-0.0151885292459166,0.0014555971480793367,-0.011821420276577307
2022-04-25,-0.006758646985526,-0.001495160261374811,-0.0056700979270275405
2022-04-26,-0.0005974759764345,-0.0013203630131453346,-0.0007381299797958295
2022-04-27,0.0048233681187519,0.0010036584965976575,0.004030258876637511
2022-04-28,0.000596976719126,0.001773124901046992,0.0008286374237744475
2022-04-29,0.000168158032654,0.0006690312819533948,0.00026726114295941967
2022-05-02,-0.0122781503216904,-0.00013765956385895672,-0.009780570979796876
2022-05-03,0.0070912526081194,0.0001790107491845025,0.005654452424505354
2022-05-04,-0.0078602551101665,-0.0014433998247646064,-0.0065252779777669745
2022-05-05,0.0004134243945494,0.0009646224832107372,0.0005203339999672156
2022-05-06,-0.0118092765684945,0.002326961724768588,-0.008891826643905483
2022-05-09,-0.0140987861066939,-0.0017503476508349592,-0.011487412194640865
2022-05-10,-0.0013220663355527,-0.0013267589983656416,-0.0013067455745416076
2022-05-11,0.0088129533538274,-0.0006800682823783059,0.006807879446299018
2022-05-12,-0.0021461781092904,-0.0026196593533812295,-0.002217769828299879
2022-05-13,0.0122397988777624,0.0004988377185494639,0.009763699349450745
2022-05-16,-0.0029317299918401,-0.0008012805770205239,-0.0024805305462129645
2022-05-17,0.0006211699001983,0.00210126598183032,0.0009112629278110318
2022-05-18,-0.0078140302356499,0.001324010006213758,-0.005915526693174677
2022-05-19,-0.0093904565216497,-0.0005866912814368004,-0.007529793181574236
2022-05-20,-0.0026901186384448,0.00029046303723036926,-0.00206150498279915
2022-05-23,0.0045846362838108,-0.0008942415180033722,0.00343126883793355
2022-05-24,-0.0117301024557319,-0.0020892274967177294,-0.009664419408502857
2022-05-25,0.0107336110143518,-5.755674277398952e-05,0.008432508114918387
2022-05-26,0.0086038520729907,3.797503067951203e-05,0.006791588666541307
2022-05-27,0.0122115758214991,-0.00017002005051616607,0.009611992092034968
2022-05-30,0.0012593221390435,-0.0003612371810069562,0.000925130488836512
2022-05-31,-0.0075685873455013,0.0016377144282665264,-0.005668659226901206
2022-06-01,-0.0020154005881094,0.001733938299205967,-0.0012470988347584489
2022-06-02,-0.0002585442952216,0.000426940552466125,-0.00011896288542896493
2022-06-03,-0.0030849031836781,-0.00015128525616143053,-0.002467133729179614
2022-06-06,0.004307531290673,0.00014800224736355715,0.0034301859886454187
2022-06-07,-0.0008853433270761,0.0021079721357270507,-0.00027837942591753484
2022-06-08,-0.0008026875709068,0.0013322189417844718,-0.0003676658966758291
2022-06-09,-0.0090474240288326,0.0011066861538372465,-0.00691997872460618
2022-06-10,-0.0207342651093526,0.003151475171840186,-0.015700548084466505
2022-06-13,-0.0194081092856309,0.003416811592650999,-0.014524274631272505
2022-06-14,-0.0073679026272577,0.001876423417634087,-0.005369166385932177
2022-06-15,0.0085912793334421,-0.0020472495952763457,0.006275070388660092
2022-06-16,-0.0191209783202254,-0.0031796169060350765,-0.015935900698993383
2022-06-17,0.0013937861101711,-0.0006067272258933856,0.0009904744777075583
2022-06-20,0.0017414998442699,-0.0006886055228316587,0.0012520171691669266
2022-06-21,0.0059991312618137,6.849884524487532e-05,0.004802938772688902
2022-06-22,0.0027229618933175,-0.002051668509090435,0.001766471896720835
2022-06-23,0.0038371796745875,-0.0032869913846364784,0.002413155084616755
2022-06-24,0.0141636566587133,-0.001923475349967682,0.010963276199581788
2022-06-27,-0.0002949583697805,0.00011970271228564831,-0.00021314474846121566
2022-06-28,-0.0029432706180835,0.0012737646806767469,-0.002110848878986926
2022-06-29,-0.0018626028693192,-0.002263122703878353,-0.0019478015660768485
2022-06-30,-0.0033623086670576,-0.002191265163226938,-0.0031378898348340383
2022-07-01,0.0075412710862929,-0.0021240455990120567,0.005630174706857639
2022-07-04,0.0001371565205674,-0.001260353103086539,-0.00014149239997521715
2022-07-05,0.0021044533109517,-0.0018132553860936381,0.0013309504296347122
2022-07-06,0.0133507043745713,-0.0005933652908232673,0.010631603122030644
2022-07-07,0.0095006317951813,2.504077380287535e-05,0.007675592717913609
2022-07-08,0.0021833498918337,0.0012484029271327783,0.0020154093897456365
2022-07-11,6.78089175973895e-05,-0.0004704948356771887,-3.914838591897133e-05
2022-07-12,0.0033217004970413,-0.0012376955581485235,0.0024401860495608507
2022-07-13,-0.0088083386539778,0.0003316739752933757,-0.007066453573476061
2022-07-14,-0.0077843339569062,0.0011340865057340773,-0.006065886315920833
2022-07-15,0.0130774489158533,-0.0003331761406753297,0.01048642542970143
2022-07-18,0.000648029410692,-0.00024753607298395603,0.0004748166897924258
2022-07-19,0.0002366984868877,0.0008211915088359812,0.00035560230465921843
2022-07-20,0.0081129653809326,0.0004514145419724577,0.006654203149653358
2022-07-21,0.00181160119942,-0.001509117560467985,0.0011663329651574001
2022-07-22,0.0057823958991023,-0.0033838676610629596,0.00401205286190722
2022-07-25,0.0007063222423437,0.0006887716790339474,0.0007112650425180695
2022-07-26,-0.0011061817266763,0.00010803038786316474,-0.0008768183162275867
2022-07-27,0.0056817078539437,4.23324035718338e-06,0.0046142801062319235
2022-07-28,0.0118461809752923,-0.0017305742507829091,0.009283317173522529
2022-07-29,0.0063458749340459,0.0011588118969793695,0.005402716205638703
2022-08-01,0.0030509054169447,0.00012540829341377383,0.0025135812978868575
2022-08-02,-0.0007296410942446,0.002694821577607117,-5.704048217591471e-05
2022-08-03,0.0037831364586682,-0.0008799106805710388,0.002909691535004268
2022-08-04,-0.0005169826869771,-0.0020832408819500977,-0.0008382393607937032
2022-08-05,-0.0050590020588452,0.001761220678640575,-0.0037789193104954106
2022-08-08,0.0053577067083938,-0.0001153377688981964,0.004346171268359342
2022-08-09,-0.0071453798072367,0.000875917260037153,-0.005657915694518253
2022-08-10,0.0063826337424375,-0.0025777657989601585,0.004687521085104785
2022-08-11,0.0021711777447219,0.0016348543652773603,0.002099313136945329
2022-08-12,0.004588655967094,0.0006860104908995068,0.0038838658002274856
2022-08-15,0.0076957402429369,-3.3869078898204116e-05,0.006281561081131733
2022-08-16,0.0006511238990198,0.0011697472255084943,0.0007665075116100081
2022-08-17,-0.0088608572630851,0.001791423236875544,-0.006891928854142626
2022-08-18,0.003926786861407,0.0007401098197861236,0.003354461091739043
2022-08-19,-0.0071482118995529,0.0019456581590422452,-0.0054518397284493356
2022-08-22,-0.0056308269679207,0.0025124710582007993,-0.004091086906270392
2022-08-23,-0.0042236698078094,0.0011827567809303712,-0.0032037501187347846
2022-08-24,0.0011988713386976,0.001366939528810993,0.001248579564108301
2022-08-25,0.0039874907272512,-0.00045523533488556553,0.0031533775746152236
2022-08-26,-0.0106134891738314,0.0005904117947597571,-0.0085245937049766
2022-08-29,-0.0124493678454382,-0.0005126161797874115,-0.01021865979089885
2022-08-30,-0.0071964176183692,0.002782868943501185,-0.005278508490518272
2022-08-31,-0.0052738635458577,0.00014939809137142732,-0.004237838328056907
2022-09-01,-0.0051430232803612,0.0004794796164492351,-0.0040616858353050254
2022-09-02,0.010211854594788,-0.0004280727467043146,0.008160537337792715
2022-09-05,-0.0056547445023021,-0.0002124202541417323,-0.00461792080766612
2022-09-06,-0.0011951165044337,0.0021195167468928034,-0.0005425287165268523
2022-09-07,-0.0003440415853303,-0.0010325439053356531,-0.00048421232562503467
2022-09-08,0.0049556191533766,0.0009236456802659485,0.004188132104710698
2022-09-09,0.0055010107930115,-0.000441089780637358,0.00435950227285296
2022-09-12,0.0045511566165086,-0.000783558206142641,0.0035272776499878206
2022-09-13,-0.0123544585969962,0.003320584451104281,-0.009222591278568107
2022-09-14,-0.0037176819102642,0.00033732970761251387,-0.002898088525384513
2022-09-15,-0.0054667192122761,0.0002263693855688211,-0.004311826531213186
2022-09-16,-0.0107106737620126,-0.0005265969618755342,-0.00863186957629664
2022-09-19,0.0008003761154684,0.0002955348245004166,0.0006948841220041525
2022-09-20,-0.0043469894027146,0.0032930431224804315,-0.0027957534080265837
2022-09-21,0.0082014786696813,0.0010923882200001055,0.006724110685165695
2022-09-22,-0.0145218858330896,0.0034146950699747844,-0.010854100546861213
2022-09-23,-0.0077510519326881,0.0020831133485928366,-0.005718365826760604
2022-09-26,-0.0007555345139902,0.0016831435666315585,-0.0002604430659998081
2022-09-27,-0.0050172180949286,0.0012559313150053058,-0.0037097210732644466
2022-09-28,0.0044293342699388,-0.0037134586628541364,0.002749988872246849
2022-09-29,-0.0153940365636748,7.157500550746757e-05,-0.012142691630487347
2022-09-30,0.0061636750956943,-0.003237206654462387,0.004204765993240724
2022-10-03,0.0044967745642723,-0.0007432899184619188,0.00339805108733942
2022-10-04,0.0143020783893956,-0.002510786831450719,0.010790696581312367
2022-10-05,-0.0063310572936831,0.0013683927798601593,-0.004742843771678149
2022-10-06,0.0028977988450118,0.0005880433773911152,0.00240979742402674
2022-10-07,-0.0138453041841274,0.0006459341310743156,-0.010828557047755252
2022-10-10,-0.0058614226398691,-0.0009475132895418271,-0.004814055104831724
2022-10-11,-0.0025304717756742,0.0017193742958164836,-0.0016509663934313565
2022-10-12,-0.0045268999882455,0.0014961150894551856,-0.0032659244635482028
2022-10-13,0.0028913877770524,-0.0004488011900972177,0.0021843186407005427
2022-10-14,-0.0007686961725669,0.002668926245246349,-7.173612176221487e-05
2022-10-17,0.007771718190394,-0.001769285291857457,0.0057585903178647745
2022-10-18,0.0013469859876802,-0.0005061339101758043,0.0009603621672271191
2022-10-19,-0.0002899621878061,0.0005737681997474752,-0.00011395468011429876
2022-10-20,0.0016770197509936,0.00014008643797164825,0.001349835544493302
2022-10-21,-0.0037692609870212,-0.0008110945665705833,-0.003133997159749453
2022-10-24,0.0093822745964529,0.002477186787511059,0.0078879183790362
2022-10-25,0.0099238130539744,-0.001834913182063203,0.00746443873517959
2022-10-26,0.0017173526007998,-0.0025869206746036563,0.0008416627774338683
2022-10-27,0.0030490275675119,-0.0010194643206673808,0.0022104417656467787
2022-10-28,0.0009896281888355,-0.00019133914283580647,0.0007459913583379945
2022-10-31,0.0002999654761364,-0.00045944390783561845,0.0001459661202407878
2022-11-01,0.0058097491226478,0.0017380009715809498,0.004952981533994441
2022-11-02,-0.0015273900337442,-0.0007018873196257455,-0.0013521053766155145
2022-11-03,-0.0079103686230262,0.002518358329873647,-0.005772041014515199
2022-11-04,-0.002508227249597,-0.0017918435103731036,-0.0023434443758270276
2022-11-07,0.0006856219784403,0.0009838712259970953,0.000739212904311755
2022-11-08,0.0053946429178726,-0.0018954722660046962,0.0038906126308358717
2022-11-09,-0.0010412354124068,-0.0005630900390420637,-0.0009377884682949924
2022-11-10,0.0171609555651124,-0.004088719992257135,0.012783500558935805
2022-11-11,-0.0055709791722026,-0.002058151810947779,-0.004845558840332015
2022-11-14,0.000932180369195,-0.0014992396806717452,0.0004419071771392349
2022-11-15,0.0044010206693916,0.00013873109780706552,0.0035300233770272265
2022-11-16,-0.000950051119559,0.0006347679203227987,-0.0006298741495049204
2022-11-17,-0.0028793619114618,0.0005773572507992292,-0.0021772698171551594
2022-11-18,0.004667558080714,-0.000520150782563384,0.003609886123758246
2022-11-21,0.001935850990357,-0.0004755467003723056,0.0014469014912633397
2022-11-22,0.0029688115011496,-0.0008754086523201119,0.0021909264193512457
2022-11-23,0.0038319722965738,-0.00026637467455463155,0.00300283921595242
2022-11-24,0.0038572143443185,-0.00017456613626806565,0.00304385860310577
2022-11-25,-0.0048662393522919,-0.0009786817770220757,-0.0040828078132611485
2022-11-28,-0.0031359212753047,0.0007319734508624821,-0.0023568332095720624
2022-11-29,0.00145796944006,0.0012231748333985278,0.0014072253522141606
2022-11-30,0.0016516023789061,-0.000860934224108275,0.0011453199164369022
2022-12-01,0.0095167790835122,-0.0015039401889273788,0.00729404508395108
2022-12-02,-0.0032791078744053,-0.0006820978808812479,-0.0027588427411447186
2022-12-05,-0.0025210843843231,0.00010084410118258558,-0.001995109048882903
2022-12-06,-0.0018242887559301,-0.00184057825647681,-0.0018252442275913648
2022-12-07,-0.0005900750058167,-0.0013312946656194957,-0.0007374282679140934
2022-12-08,-0.0012535358339093,0.0007647705368733292,-0.0008488518380183876
2022-12-09,-0.0026533195450701,0.0012050288957702994,-0.0018824230730224289
2022-12-12,-0.0016680533590675,-0.001427687799454777,-0.0016189975011222726
2022-12-13,0.0067864849786283,-0.00131272429576604,0.00516381009549829
2022-12-14,-0.0020591617152354,-0.0006627135766757212,-0.001781459103008793
2022-12-15,-0.019246630192772,0.0018972278751882119,-0.015030019213870663
2022-12-16,-0.0063096339288616,0.0015624690458674107,-0.004717766893256851
2022-12-19,-0.0019918606556398,-6.912548198531143e-06,-0.001586716028445437
2022-12-20,-0.0048351417063712,0.003562191362753404,-0.00313503496447411
2022-12-21,0.0067906747120256,0.00034381066780700105,0.005461939790883646
2022-12-22,-0.0067610122917078,0.0009139268733338378,-0.005194171161833449
2022-12-23,0.0001225133266853,0.0006434052031483371,0.00022582834868748006
2022-12-26,0.0,0.0,0.0
2022-12-27,-0.0045422797640939,0.00015974301647168784,-0.003574291317297423
2022-12-28,-0.0018802991353693,-0.00016686823169609154,-0.0015246960691404031
2022-12-29,0.0062026877311487,0.00011625788578065581,0.00494113253256506
2022-12-30,-0.0040615249562826,0.0008360604113012564,-0.003057242968157627
2023-01-02,0.0083355454836502,0.0011809539725249462,0.006846520024133381
2023-01-03,-0.0013886220628808,-0.00019679494884483568,-0.0011421959411383573
2023-01-04,0.0076284348368229,-0.0010852111162406308,0.005840370505015764
2023-01-05,-0.0042987863895551,0.00044194370805528593,-0.003331149696854455
2023-01-06,0.0068801303678229,-0.002941531832148298,0.004879726314221672
2023-01-09,0.0020991565163794,-0.00013498134276240976,0.0016445183420293425
2023-01-10,-0.0063753033021716,0.000710373289743338,-0.004936813621734246
2023-01-11,0.0072563303935417,-0.0014892469800131005,0.005474674626660467
2023-01-12,0.0024614360197723,1.994741670991346e-05,0.0019654782344593925
2023-01-13,0.0013404236372192,0.0028014610448784723,0.0016284290983854695
2023-01-16,0.0011426487858097,-0.0010897959186631618,0.0006930054144454277
2023-01-17,0.0055822080266296,-0.0007857045473359473,0.00429432011060038
2023-01-18,0.0016772766873776,-0.002045482444593955,0.0009305072247524532
2023-01-19,-0.0066343456551547,0.00025474690694824885,-0.0052501562661307535
2023-01-20,-0.0028085760854468,0.0014182352661008246,-0.0019576559960244586
2023-01-23,0.0034797494567813,0.0003761216684951491,0.002849334145715519
2023-01-24,0.0021335284871111,-0.0017760444724967978,0.0013471423333635106
2023-01-25,-0.0024250065394977,0.001391909444363323,-0.0016579429693248235
2023-01-26,0.0016294336341085,0.00014467866313497773,0.0013287904245555511
2023-01-27,0.0019570576349234,0.0011079695772605407,0.0017830864164925136
2023-01-30,-0.005072893308111,0.0014017761269326894,-0.0037687424201284167
2023-01-31,0.0014595154760663,-0.002341387028575022,0.0006955432385914366
2023-02-01,-0.0007244602333186,0.0013087382117851548,-0.0003164128760037811
2023-02-02,0.0192666100845979,-0.004250995508519392,0.014513206141829951
2023-02-03,-0.0033972167304858,0.0024255042015741283,-0.002236936998175735
2023-02-06,-0.0049454537392725,-0.0003873385522515833,-0.004034655003426918
2023-02-07,-0.0004860475106336,0.0013198231850030388,-0.0001248708416092537
2023-02-08,-0.0024187582318669,0.0014346571157318857,-0.0016463334580741652
2023-02-09,0.002435913529508,0.0007358641709500094,0.002092203532613299
2023-02-10,-0.004136387738753,0.0011947901698500401,-0.003065487785828936
2023-02-13,0.0010737571315009,0.0007378574583364408,0.001004233565750498
2023-02-14,-0.0035959343466367,0.0020253517664796097,-0.0024649240939331302
2023-02-15,0.0007849830699708,-0.0003727454469411663,0.0005512362671685966
2023-02-16,-0.000267339514525,0.0009374645415315524,-2.5841539074545255e-05
2023-02-17,-0.002756963737885,0.0008738150446668142,-0.0020229692760793546
2023-02-20,-0.0004504991198394,0.0009403274416900952,-0.00017094767885644275
2023-02-21,-0.0072415920949544,0.0024216878994602056,-0.005282478048384605
2023-02-22,0.0006423914394309,-0.0011326957723608415,0.0002841985558954521
2023-02-23,0.0026344500820245,0.0002882875837738352,0.002151969149878683
2023-02-24,-0.0051383110334455,-0.0003635734172693524,-0.004159523731435387
2023-02-27,0.0003361690453176,0.00036227448908198714,0.00033950027530063153
2023-02-28,-0.0034360251552375,0.0012932964815612223,-0.0024718309460024113
2023-03-01,-0.0060686430121692,0.0009293087116059028,-0.004631711267479085
2023-03-02,0.0004992334573996,0.0011116121789547188,0.0006178247803020147
2023-03-03,0.0055357390331116,0.0004960753051102599,0.004486547929012137
2023-03-06,0.0013618724353114,0.0011682722389492197,0.0013139159086176036
2023-03-07,-0.0011754932112508,0.0011837398062346976,-0.0006961507407205803
2023-03-08,0.0015232241539868,0.0012669969025488784,0.0014720300518457964
2023-03-09,0.0007295683670403,-0.0010684449452395353,0.0003703558711261616
2023-03-10,-0.0028138667178944,-0.006412500918218648,-0.0035337959578258414
2023-03-13,-0.0017310163578708,-0.009267402099356224,-0.0032383495987665712
2023-03-14,-0.000581671465866,0.0016558033058613915,-0.00013585199856106612
2023-03-15,0.0063213474764951,-0.00555957817632264,0.003958635169757099
2023-03-16,-0.0003956495566023,-0.0012602132222827571,-0.0005698268909787789
2023-03-17,-0.0001309442270633,0.0009721315705280475,8.895613918721611e-05
2023-03-20,0.0033324220699493,-0.0015838969820596686,0.002362129385030679
2023-03-21,-0.000160914888285,0.002798626833549908,0.0004296971218961088
2023-03-22,-0.0018884625649138,0.0007933324523003611,-0.0013600156381263183
2023-03-23,0.0025508431373257,0.0007556603666263408,0.0022010486084448155
2023-03-24,0.0004154769672042,5.0222276358966684e-05,0.0003440633760942739
2023-03-27,-0.0002491837920004,0.000721568032422812,-5.618041052698661e-05
2023-03-28,-0.0037605010169236,-0.0008479851037404382,-0.0031923798521176867
2023-03-29,0.0031884544230937,2.576062900117896e-05,0.0025667800044403936
2023-03-30,-0.0005812908667114,0.0008453769215644737,-0.00029839798112160426
2023-03-31,0.0077076212148445,-0.0004591277945603446,0.006102745176099353
2023-04-03,0.0032711522338886,0.001911537671549492,0.003015080993239812
2023-04-04,-0.0027762021198103,-0.0008159489837468256,-0.0023983571027781114
2023-04-05,0.0022564697059732,-0.0015345106872434382,0.0015095646985119502
2023-04-06,0.0003446673593174,0.0012008244516055703,0.0005175407311795512
2023-04-07,0.0,0.0,0.0
2023-04-10,0.0,0.0,0.0
2023-04-11,-0.0026903158817974,0.0040645204249200005,-0.0013544971340069085
2023-04-12,-0.0027289665923303,0.0008581482620398905,-0.002023361582494132
2023-04-13,-0.0012131773976783,0.0017018002662528597,-0.0006350137377923136
2023-04-14,0.0012877768250707,0.0020299239011865237,0.0014399738125796008
2023-04-17,0.0004560778769955,-0.00040342268023515126,0.0002856835852799892
2023-04-18,0.0011954058459158,-9.154374979278496e-05,0.0009419316177475132
2023-04-19,-0.0024883253773385,0.0011857156164463618,-0.0017623730100851883
2023-04-20,0.0016151388082314,-0.0009757637330034347,0.0011018091018867018
2023-04-21,-0.0023041501050408,0.0013767457494704735,-0.0015758317629665415
2023-04-24,-0.0015777289096459,0.0018282281753697113,-0.0009011784138260837
2023-04-25,0.0029834091433589,-0.0002790300455112626,0.00233744949297303
2023-04-26,-0.0038135519722768,9.972710231598563e-05,-0.0030411591199728315
2023-04-27,-0.0004984544562263,0.0015838937727584248,-8.333116396814155e-05
2023-04-28,0.0081890987361592,4.3857086402161966e-05,0.006574238602872959
2023-05-01,0.0,0.0,0.0
2023-05-02,-0.000831605433184,-0.000968104686115878,-0.0008612226648543994
2023-05-03,-0.0006247550083018,-0.00016220658969704317,-0.00053411303539091
2023-05-04,0.0003229204751888,0.0006534205483133385,0.0003898480819801041
2023-05-05,0.0009945894891096,0.0015035911943844281,0.0010989888048969399
2023-05-08,0.0005663148001624,0.00040426668674876075,0.0005354300132944176
2023-05-09,-0.0003818171266877,-0.0003355050684337379,-0.00037357995486371877
2023-05-10,0.0014474184542945,0.00048300889291240053,0.0012585705631145095
2023-05-11,0.0034338502303725,0.0009787588575564479,0.0029529592517948075
2023-05-12,-0.0005537626744005,0.0013416237939669375,-0.0001768334900461788
2023-05-15,-0.0007287599360908,0.001939678952444668,-0.00019771577227214435
2023-05-16,-0.0026296459046125,0.00017024139821094416,-0.0020767292494587126
2023-05-17,0.0002459186518461,-0.0012688656716904531,-5.623609609411016e-05
2023-05-18,0.0012071453466744,0.0004273315368584504,0.0010540762478349766
2023-05-19,0.0020606135079734,0.000873827393016688,0.001828421321946487
2023-05-22,-0.0004944354781444,0.0004911459712065456,-0.0002987917617521015
2023-05-23,-0.0009828579441045,-0.00012804543331869467,-0.0008144479518082555
2023-05-24,-0.004446159881597,-0.0012578400441735959,-0.0038193041409843743
2023-05-25,-0.000366521379714,-0.0015141753097338568,-0.0005964745528147915
2023-05-26,0.0040978457773146,0.00021406021851691037,0.0033299081099706852
2023-05-29,0.0044708735079064,8.561931453092884e-05,0.003606221063213211
2023-05-30,0.0019265720428234,-0.0005884530522073677,0.0014303678266417207
2023-05-31,0.0010492656433154,-0.0025065425567014593,0.0003426621086244974
2023-06-01,0.0027427760583047,0.002938328981291257,0.0027934367637210645
2023-06-02,0.003860803382359,0.0014718189404379196,0.0033996802146547965
2023-06-05,-0.0017360411072701,0.0006674841729976677,-0.0012558177196093855
2023-06-06,0.0013086886903657,0.0005390880498903753,0.0011544192622382433
2023-06-07,-0.0036534072432234,-0.0004252341510462211,-0.0030074635331685585
2023-06-08,-0.0005457564363609,0.0003192192435630917,-0.00037250902645776787
2023-06-09,0.0035724120702314,0.0008970070583585144,0.00303458556023843
2023-06-12,0.0014178805979621,0.00035647905458088933,0.001205117248551442
2023-06-13,0.0009244437417956,0.00034038548862257883,0.0008074524918669481
2023-06-14,0.0001693746140958,0.002030888933237146,0.0005412659006056868
2023-06-15,-0.0038976150798341,-0.00017353813376940307,-0.0031514990278566028
2023-06-16,0.0037671591328305,0.0016808191851202764,0.0033460762821212013
2023-06-19,-0.0043537967092577,0.00031253919989613813,-0.0034180260423989136
2023-06-20,0.0023452762498088,-0.0020412237854249356,0.0014652421048006285
2023-06-21,-0.0025043221492744,0.000638305881968356,-0.001874331970091081
2023-06-22,-0.0032549959764307,0.0011952543404543754,-0.0023614719448554113
2023-06-23,0.004200572110558,-0.001879673731519789,0.002977096508614985
2023-06-26,0.0003984260041991,-0.000156910607296321,0.0002870391368220688
2023-06-27,-0.0019798481954412,0.0007912103663189275,-0.0014242273582336742
2023-06-28,0.0047389120385836,0.0011350848980748417,0.004012056448723397
2023-06-29,-0.0022836897453151,0.002071671042518832,-0.001411525123736877
2023-06-30,0.0041854048694729,0.001098182111147044,0.0035620491811627977
2023-07-03,-0.0005718212570229,-5.50087466101313e-05,-0.00046795308641261015
2023-07-04,1.0862603701644602e-05,0.00013384213879900266,3.54213905693505e-05
2023-07-05,-0.0008403668483188,0.00061736982786671,-0.0005481299472969792
2023-07-06,-0.0113958022504337,-0.0007507641901362102,-0.009252946572109453
2023-07-07,0.0011239652887502,-0.0012242854998168863,0.0006512685692351638
2023-07-10,-0.0017268703425785,-0.0011344486104532194,-0.001603756419182651
2023-07-11,0.0012335837569705,0.001009411210748577,0.0011852840102348926
2023-07-12,0.0062907174933437,0.0008294785964961545,0.005181891508514629
2023-07-13,0.0016888541094,0.00044150321838802223,0.0014363717761345534
2023-07-14,-0.0010952998766606,9.212535197769443e-05,-0.0008561568480541912
2023-07-17,-0.0003110214536112,-0.0002976135864680438,-0.0003077447151770011
2023-07-18,0.0066580592828504,0.0001719724024895019,0.005349329083119643
2023-07-19,0.0009458531269268,-0.0012121797940301208,0.0005138414852271313
2023-07-20,-0.0011738221038924,-0.00037317993181588456,-0.0010132208642804593
2023-07-21,0.0014737762005914,-0.0004347922599288091,0.0010914606866470353
2023-07-24,0.0028348869011263,0.0007271136671182152,0.0024127275627117274
2023-07-25,0.002732022020929,0.0006675518785315517,0.002319471588507489
2023-07-26,-0.0035948723589792,-0.0008438563745352256,-0.003046312111570891
2023-07-27,0.0090184052893078,-0.0008212806458896882,0.0070512044141483364
2023-07-28,-0.0019777049175234,0.0005505811430025733,-0.001475374483555555
2023-07-31,0.0005831951838906,3.584151792158073e-05,0.0004744309263659793
2023-08-01,-0.0018852883691398,-0.0009438958889728119,-0.0016992920207097462
2023-08-02,-0.0053661842902066,-0.002516632963383649,-0.004801998224588728
2023-08-03,-0.0037262975400863,0.00025167981886336523,-0.0029333779492909653
2023-08-04,-0.0002328886768806,-0.00030748290949463215,-0.0002477617193805742
2023-08-07,-0.0010157402610623,0.000691629924873947,-0.0006744859302758459
2023-08-08,0.000127033949042,-0.000942969394571266,-8.680232071044556e-05
2023-08-09,-0.0005575683835351,-0.001422290428975818,-0.0007302154446168405
2023-08-10,0.0017109730326378,0.000978726708873868,0.0015645267403834309
2023-08-11,-0.005638418826814,-0.00022195702236400917,-0.004556397416134937
2023-08-14,0.0028164089971385,0.0008288303803229461,0.0024169344158364308
2023-08-15,-0.0049689237080779,1.3017702391175239e-05,-0.00397095523932441
2023-08-16,-0.0002011963444477,0.0008544623990419792,9.98946552034657e-06
2023-08-17,-0.0053307516889754,0.0002708252093270668,-0.004203617141934894
2023-08-18,-0.0026198271048596,-0.0007298669418512173,-0.002235941502484776
2023-08-21,-0.0018835127461304,0.002036149994377811,-0.0010952807276967973
2023-08-22,0.007097222936488,0.00019196989303610213,0.005693898128243351
2023-08-23,0.0065832695363807,-0.0010492014608970235,0.005043676899729878
2023-08-24,-0.0019878329867663,-9.03436466722064e-05,-0.001606732027463934
2023-08-25,-0.0001783198453731,0.00035807133583976,-7.091679803779653e-05
2023-08-28,0.003891637673492,0.0001485883116568881,0.0031383727287472283
2023-08-29,0.0058708392550945,0.001048484905846113,0.004902701213688675
2023-08-30,-0.0011622731616997,-0.0002487211172672189,-0.000979722877859851
2023-08-31,0.0060700994794182,-0.0013392331448498051,0.004589717790761847
2023-09-01,0.0009995636029207,0.0005096156197819492,0.0009028508675383674
2023-09-04,-0.000943445682748,0.00014911993015802896,-0.000726337521251294
2023-09-05,0.0017163515149813,0.0007236505889768634,0.0015198692921686075
2023-09-06,-0.0061074814265043,0.0003559208854711801,-0.004823675325811013
2023-09-07,0.0005098880510299,0.00028019900368827616,0.00046410203482209473
2023-09-08,0.0018860285734969,0.0004839834591202834,0.001606360904397222
2023-09-11,-0.0009410513504619,0.0016014757471512545,-0.0004334955809681864
2023-09-12,0.000420610865685,-5.443149286941155e-07,0.00033649019593123033
2023-09-13,-0.0009297549095317,0.0016812392255146492,-0.00040819929523560787
2023-09-14,0.0088280025871252,0.002415889546407126,0.007544319134838303
2023-09-15,-0.0039783907889884,0.00027754512259905843,-0.0031309615574792197
2023-09-18,-0.0036784071846877,-0.0006130032655707845,-0.0030661228215662062
2023-09-19,-0.0032381527169561,0.00038417791217704877,-0.002512981233873643
2023-09-20,0.0030255409685659,-0.0005098682622255239,0.0023160707902018397
2023-09-21,-0.0101964620248639,-0.0014090063777932392,-0.008436067390491596
2023-09-22,-0.0005057499052871,-0.0012745033294962501,-0.0006583973467475138
2023-09-25,-0.0009993022718611,0.0011057828089634674,-0.0005769554065003018
2023-09-26,-0.0054444131595642,-0.0004959956902673324,-0.00444433217890356
2023-09-27,0.0007739921116218,-0.00085514457394042,0.00044625224830506266
2023-09-28,-0.0012852300068926,6.381618749210196e-05,-0.0010123114286835022
2023-09-29,0.003714377471542,0.00015090844524149471,0.0029918204889914693
2023-10-02,-0.0019013734119023,0.001092304543638563,-0.001298914809407151
2023-10-03,-0.0080041113516811,-0.0022327983026337746,-0.0068289386405264675
2023-10-04,-0.0022742890318645,-0.0015753504654714876,-0.0021262366181631458
2023-10-05,0.0015777227413693,-0.0017043652850858694,0.0009159531844328309
2023-10-06,0.0029405491527536,0.00038989296185186506,0.0024212917894121068
2023-10-09,0.0059889918331601,0.0007042345869846814,0.004915937508961865
2023-10-10,0.0082106406759325,-0.0019054702776593706,0.006172894865025677
2023-10-11,-0.0008927910148728,0.0009867092205775342,-0.0005169138845502802
2023-10-12,0.0025714818795019,0.001383735807140477,0.0023323775686471242
2023-10-13,-0.0024979192699278,-0.000437919590625468,-0.0020850648137157083
2023-10-16,0.0015344164380455,0.0002326407349087893,0.0012730362883120118
2023-10-17,-0.0031169916142765,0.0026845051738883827,-0.001955892693822194
2023-10-18,-0.0041730553086802,0.001028098204904424,-0.0031273525074682505
2023-10-19,-0.0066007238269151,0.00025236234340597445,-0.005215637496417528
2023-10-20,-0.0094885112106707,-0.0013275998160393332,-0.007824646326668912
2023-10-23,-0.0006247807645916,-0.0007091541045470047,-0.0006386122670132294
2023-10-24,0.0032156677909263,0.00019268859092423814,0.0025961461839398834
2023-10-25,-0.0033692676322155,0.001109533672828951,-0.002459784885453148
2023-10-26,-0.0032445224018233,-0.0017202216985565397,-0.0029235222910014977
2023-10-27,-0.0043412265479712,0.0019982811460408363,-0.003051510053685865
2023-10-30,0.001274696597433,0.0003829856857738669,0.0010884330731114765
2023-10-31,0.0054343659923192,0.0005619686417013611,0.004427122539231239
2023-11-01,0.0080705035155548,-1.3729883489407423e-05,0.006411573086091604
2023-11-02,0.0102414088639759,-0.0010326600812619723,0.007946812369836619
2023-11-03,0.0042230919559316,-0.002326701923209717,0.002904777283177996
2023-11-06,-0.0037360851812385,0.0033164760442758435,-0.0023223672143770527
2023-11-07,0.0050698404090492,-0.0010166949075777758,0.003841728672321261
2023-11-08,-0.0008685262015182,-1.413347034725906e-05,-0.0006966083562631587
2023-11-09,0.0018765795285922,-0.0008086144321294592,0.0013372054845440587
2023-11-10,-0.0027551670982357,0.0004745364984267543,-0.002106842990257904
2023-11-13,0.0037090563980477,0.002261614428166972,0.00341385101158489
2023-11-14,0.0074463842030969,-0.0022747314292482245,0.005493777051262887
2023-11-15,0.0010761620345003,-0.001223440545721803,0.0006168812396560469
2023-11-16,-0.0018449928033176,-0.0016174901165547776,-0.0018005220193782312
2023-11-17,0.0019201103467045,-0.0011256991028675302,0.0013125132446311686
2023-11-20,-1.2566836364635847e-05,0.00047157900688875846,8.415296248705404e-05
2023-11-21,0.0017259661501651,-0.00017665584688908486,0.0013473856600330694
2023-11-22,0.0045406832333858,-0.0001149176798885837,0.003615981671908986
2023-11-23,-0.0015779788130173,-0.00033653542036419804,-0.001333010283803752
2023-11-24,-0.0012481032173213,0.0011376958936244617,-0.0007736045704607615
2023-11-27,0.0013383798601906,0.0005184226159469123,0.0011763861503121498
2023-11-28,-0.0002835977684686,-0.00020073846189994077,-0.00026704251222632483
2023-11-29,0.0030681158084679,-0.000966873379104375,0.002261885930230511
2023-11-30,0.0023435829698776,-0.0004961792723083285,0.0017776770959149276
2023-12-01,0.0092264554240977,-0.0004466476581382159,0.007303761667558363
2023-12-04,-0.0005718779673393,-0.002229740839813126,-0.0009046118465437826
2023-12-05,0.0050778344011597,-0.0013395532746010197,0.0038102382773641495
2023-12-06,0.0023419224504031,0.000563931262985448,0.001995779722015024
2023-12-07,0.0006114504366425,-0.0026850869746601765,-4.4649794795422306e-05
2023-12-08,0.0013561742780225,0.0008641001645107475,0.0012642099177776775
2023-12-11,0.0014574897953261,-0.0008941023059499261,0.0009945815035315685
2023-12-12,0.0011565143224894,0.0026172195617906987,0.0014542951722870288
2023-12-13,0.0036273437604315,0.0004898666850316943,0.0030182546820525704
2023-12-14,0.0025066682574825,-0.0023449128193075027,0.0015508398153984367
2023-12-15,0.0061946577345624,0.0018390381803415337,0.005362506687014262
2023-12-18,-0.0013313279680852,-0.002037328444150252,-0.0014814755110355076
2023-12-19,0.0028454544955953,0.0016659356038233454,0.002629526227947035
2023-12-20,0.0026507370959973,-0.0002522269361032481,0.002089599846050415
2023-12-21,-0.0034636994458256,0.0011613533213772327,-0.0025658388488539624
2023-12-22,0.0021924104879056,0.0008216318257444745,0.0019335492617458601
2023-12-25,0.0,0.0,0.0
2023-12-26,0.0,0.0,0.0
2023-12-27,-0.0006706281433058,0.0009384959369739504,-0.00035386302195032366
2023-12-28,0.0015226807542363,-0.00024697455544151636,0.0011794789819303132
2023-12-29,-0.0001513247177333,-0.0010338135800199634,-0.00032871833364906663
2024-01-01,0.0,0.0,0.0
2024-01-02,-0.0022684954152006,-0.0006167286726371298,-0.001954865302583055
2024-01-03,-0.0021178987623783,-0.0016413488590364322,-0.00203744328078718
2024-01-04,-0.0025225173234736,0.0026837506757018243,-0.0014996982426905558
2024-01-05,-0.0017306007441569,0.0007968760132965284,-0.0012361383898429976
2024-01-08,0.0017000910349369,0.0021413295262059074,0.00179791924394405
2024-01-09,0.0027994579742252,0.000590861166629384,0.002373909701340729
2024-01-10,3.191648306177797e-05,0.001378549040234015,0.00030116345185526
2024-01-11,-0.0036901651705735,0.00042191759176598783,-0.002889801492766644
2024-01-12,0.0063247020242471,0.0017910876237666436,0.005451193267100549
2024-01-15,-0.0009967824286867,0.00023011200054843053,-0.0007574455105117783
2024-01-16,0.001165988672575,-0.00027564413808768226,0.0008845071711690593
2024-01-17,-0.0064215811694791,-0.00022739940255255258,-0.005221540864105258
2024-01-18,0.0025258399824212,0.0025102789791985377,0.002535043767901622
2024-01-19,0.0023747581827557,0.005183956331184909,0.002947617011323454
2024-01-22,0.0073999500061667,0.0013471548225348498,0.006223442276322026
2024-01-23,-0.0005491242978433,-0.0010771227153223133,-0.0006575742351740052
2024-01-24,0.0031105053567004,0.0008848898627596309,0.0026828302434719563
2024-01-25,0.0044375618178875,-0.0005383994369863827,0.0034691645766436988
2024-01-26,0.0004674026165576,-0.001943226401659013,-1.1160454218036631e-05
2024-01-29,0.0036577633507988,0.0018164545369394529,0.0033153454783540694
2024-01-30,0.0008915133851865,0.00038689408161437307,0.0007971543583274194
2024-01-31,-0.0014320607991099,-0.0008613548739043479,-0.0013285290668754485
2024-02-01,-0.0018187890646989,-0.00027547153199324265,-0.0015236025773720735
2024-02-02,0.007060404329823,0.00416894153430832,0.0065321106350506915
2024-02-05,-0.0014309415999097,-0.00015590847079641033,-0.0011868461440212859
2024-02-06,0.0020515214235916,-0.0001698232036417139,0.0016225676714301048
2024-02-07,0.0015903243886736,0.00300640883213203,0.0018853329696833282
2024-02-08,-0.0006557295681383,0.001414253140782087,-0.00024698296195327103
2024-02-09,0.0005424520571921,0.00203454201734739,0.0008443963394158085
2024-02-12,0.0053610859221018,0.0012806331087652167,0.004582375199095375
2024-02-13,-0.0062948599065054,0.0018747520436983819,-0.00470948714816597
2024-02-14,0.0020758479395719,0.00012118941051497253,0.0016981311439907346
2024-02-15,0.0030814810416399,0.0018466819291332716,0.002854742826795308
2024-02-16,0.0014462014903173,0.001113171179366089,0.0013893141361939498
2024-02-19,-0.0012757398303692,0.0008231706146194468,-0.0008649587835502582
2024-02-20,-0.0043326962745703,-0.0016200533158132104,-0.0038184342732142454
2024-02-21,-0.0021663763345554,-0.0010090412254831205,-0.0019480826736853968
2024-02-22,0.0097419708280015,0.0035714101187447143,0.008565526359980707
2024-02-23,0.0035754348523886,0.0006633231186281118,0.002993596095162306
2024-02-26,-0.0034397054445761,0.0007819142186173819,-0.0025978242322399116
2024-02-27,-0.0019095038150016,0.0029295751537022547,-0.0009422542391440452
2024-02-28,0.0003628714380294,-0.00109368641291155,7.149384670564811e-05
2024-02-29,0.002681641249242,0.0006318865284678694,0.002270082803512372
2024-03-01,0.0034933371642074,0.0002546579327478601,0.0028447666210005694
2024-03-04,0.0004308026894594,0.001378385240403911,0.0006201691188010663
2024-03-05,-0.0017360166436286,0.0002672403213399183,-0.0013356643993225352
2024-03-06,0.0022640972470018,-0.001958961971166699,0.0014194720058172741
2024-03-07,0.0036651746919276,0.0008042268731050195,0.003094641432084068
2024-03-08,0.0013821063319712,0.0004187629275258805,0.0011906686198024012
2024-03-11,-0.0046777358017862,-0.00413810605457331,-0.004574148384001336
2024-03-12,0.0045768776884382,-0.000172024111993384,0.0036317928509741805
2024-03-13,0.0002173329425443,0.0013126272106276297,0.0004365139822557443
2024-03-14,-0.0010780551688688,0.0025381574065467473,-0.0003570446447532723
2024-03-15,-0.003950697509051,-0.0005599864089922377,-0.003276485587265593
2024-03-18,0.0046342666679732,0.0010319739514188906,0.0039158305713462415
2024-03-19,0.0013543841885723,0.0026539987146208654,0.001615202913317768
2024-03-20,0.0012582861068499,0.002894232749154712,0.0015859616227318126
2024-03-21,0.0094053439083976,0.001958619794250129,0.007921125936897106
2024-03-22,0.0006139916388383,-0.0004345195109495947,0.00040546100587219756
2024-03-25,-0.0027301474671429,-0.0013063991626895432,-0.0024504131626613334
2024-03-26,0.0016913794491963,0.0006301077908927823,0.0014818847138961956
2024-03-27,0.0013441638175735,-0.00014536827840300675,0.001048806417271352
2024-03-28,0.0035076463178129,0.0009139822736914444,0.002996135281755832
2024-03-29,0.0,0.0,0.0
2024-04-01,0.0,0.0,0.0
2024-04-02,-0.0068767585177201,0.0008193366214330385,-0.005355043736230224
2024-04-03,0.00089211025569,-0.0001434511698043041,0.0006861822621192286
2024-04-04,0.0018730143405609,0.0007752879378594981,0.0016560484102097679
2024-04-05,-0.0046752448383672,0.00030832918027558513,-0.003686233261106605
2024-04-08,9.626262128548112e-05,0.000575446947340363,0.00019206493491628497
2024-04-09,-0.0017235615561947,-0.00010014132672590518,-0.0014001718806552156
2024-04-10,0.0011713796775316,0.0009488154849717522,0.0011272662074860375
2024-04-11,-0.0002056933982381,0.0007794638184192595,-8.928980654508885e-06
2024-04-12,0.004708243685668,0.0006463177024694331,0.003897524963539212
2024-04-15,-0.0034218046329306,-0.00028546753823574923,-0.002797997335016048
2024-04-16,-0.0103529717152363,-0.0014933600524606346,-0.008586202376425616
2024-04-17,-0.0023102148540183,0.00020472724240386324,-0.0018051874602382466
2024-04-18,0.0009767532747282,0.0011772623901676277,0.0010153446790692315
2024-04-19,-0.0053868385021552,-0.0025634430366472017,-0.004814443313667289
2024-04-22,0.0020742390129737,0.0005209043259624259,0.0017597480898257532
2024-04-23,0.0061431790042978,0.0003968352953354439,0.004984348899262181
2024-04-24,-0.0020711495206309,-0.0013185952650597553,-0.0019190833957222775
2024-04-25,-0.0075818879040747,-0.0020459185570997707,-0.006468641134621197
2024-04-26,0.0117732241664709,0.002004416588613534,0.00979977325650614
2024-04-29,0.0012997150155498,-0.0018329193660466517,0.0006734502448872155
2024-04-30,-0.0027029695641777,0.0021861949634401274,-0.0017267102528981779
2024-05-01,0.0,0.0,0.0
2024-05-02,-0.0028700563906248,-0.0011595538777915383,-0.0025266836948075215
2024-05-03,0.0058542807755672,-0.0025713410978771196,0.004165942258869992
2024-05-06,0.0051724171790774,-0.0006620749522632998,0.004009316960859268
2024-05-07,0.0045939494836437,0.00033898104476107535,0.003750403496171302
2024-05-08,-0.000980918255766,-0.000768368995728446,-0.0009405204061096862
2024-05-09,0.0002193868809368,0.00020939354231272556,0.0002178456453975542
2024-05-10,0.0012236378175582,8.46887293853382e-05,0.0009986183592167982
2024-05-13,-0.000462781287815,-0.00039803220990312324,-0.0004508894051452754
2024-05-14,-0.000969490543334,-0.0014160636133397286,-0.0010608948118050858
2024-05-15,0.0074055348053656,0.00042729377723752367,0.006028455465627962
2024-05-16,0.0013952546658775,0.0010542701276768684,0.0013318949248482845
2024-05-17,-0.0031368537806296,0.0009906326150258026,-0.0023230736668262268
2024-05-20,0.0031607339935662,-0.0002655124526593634,0.0024850810209298816
2024-05-21,-0.0008498156607541,0.0012600166931338217,-0.00043112694600759587
2024-05-22,-0.0001923865150943,-0.0014551981594329133,-0.0004446957754962234
2024-05-23,-0.0013042878587707,0.0007399976645447405,-0.0008961038807930701
2024-05-24,-0.0018195780952917,-0.0015135317106865992,-0.0017582028905178521
2024-05-27,0.0023726399652803,0.0008479963700214805,0.0020676040967239164
2024-05-28,-0.0034036815796495,0.0009297000716213405,-0.0025381101458710037
2024-05-29,-0.0037149510283374,0.0017948232040497667,-0.002611778787129804
2024-05-30,-0.0012899359342353,-0.0005405329770313611,-0.0011382574620683737
2024-05-31,-0.0028518223848132,-0.0003907746392248387,-0.0023554551945113925
2024-06-03,0.0056079157450532,0.0005161164881288455,0.004579205462253353
2024-06-04,-0.0006728259945379,-0.0048428165803337565,-0.0015051735650497139
2024-06-05,0.0075167050228683,0.00041642849132486615,0.006094010668223363
2024-06-06,0.001468778820139,0.0014077177894183948,0.0014574457416330839
2024-06-07,0.0006849969488054,0.0008507453004973637,0.0007185243591816201
2024-06-10,0.0009110674334784,0.0008900527715461621,0.0009073912256341721
2024-06-11,-0.0002404854735259,-0.00202074765754269,-0.0005963198725217624
2024-06-12,0.0052545785300868,0.002460769212731453,0.004700900986665169
2024-06-13,0.000499931004112,-0.0008922063314366745,0.0002224345283002274
2024-06-14,0.0025893255392748,0.0014532279885994936,0.0023662840418032034
2024-06-17,-0.0009168989599293,-0.0013757958113933756,-0.0010101504076410804
2024-06-18,0.0042385133650357,0.0009317318766933786,0.003585359066090171
2024-06-19,0.0003190297239494,0.0004667074676815464,0.0003492700953984265
2024-06-20,0.0017513400633717,0.00224034124426344,0.0018530329714068143
2024-06-21,-0.0019508645738783,-0.0008817188453946398,-0.0017415440655652434
2024-06-24,0.0010276724463358,0.0015494098853972497,0.0011340030510813078
2024-06-25,-7.010536580609461e-05,0.0011375892948617375,0.0001710549237723906
2024-06-26,-0.0008947353712051,0.0011601001303741187,-0.0004857522359982546
2024-06-27,-8.46481292561263e-05,0.0006205164063014119,5.612236238487024e-05
2024-06-28,0.001726363546167,0.002999949606160421,0.0019831017394885755
2024-07-01,-0.0040418240627173,0.0007247075634763799,-0.0030939847990388097
2024-07-02,0.0016644860488101,0.001332476023394683,0.0015987415749672267
2024-07-03,0.0024698886693428,0.000743576877896144,0.0021259799515225943
2024-07-04,0.0011695303820837,3.286061747388198e-05,0.0009432229881189687
2024-07-05,0.0008443426555895,0.002053669487325514,0.0010866952481343897
2024-07-08,0.0023159084388484,9.091723105249044e-05,0.0018729113735163618
2024-07-09,-0.0007268273070362,0.0014761391396649647,-0.0002874210267893186
2024-07-10,0.0034494851953734,0.001341154390442222,0.003030569202459409
2024-07-11,0.0006798166426325,0.0004383151263207905,0.00063225134616693
2024-07-12,0.0022631292877732,-0.0011697808865067543,0.0015796079496141842
2024-07-15,0.0008481391853338,0.0017171273852911333,0.001023114831933429
2024-07-16,0.001633495014907,0.0013211031414951367,0.0015734581009837368
2024-07-17,-0.006071054941744,-0.0007318520192796281,-0.005013426693253942
2024-07-18,-0.0038866170689718,-0.0024049825100091503,-0.0035931243617179603
2024-07-19,-0.0049481907904314,-0.00210326724491484,-0.0043818330310055
2024-07-22,0.0021507287241755,-0.0017576470031010498,0.0013697497990495795
2024-07-23,0.0067148376426169,-8.572562465764574e-05,0.005360006934524799
2024-07-24,-0.009896149576354,-0.0020386718434314407,-0.008342683512334227
2024-07-25,-0.0023574465083181,-0.0026664546843745687,-0.002420138315163583
2024-07-26,0.0014036141697513,0.0020593236439633367,0.0015352609416948338
2024-07-29,0.0022056082552583,-0.00045704618703103786,0.0016743803274247662
2024-07-30,0.000774158473678,0.001876785964925471,0.00099506162777415
2024-07-31,0.0097760469926018,0.0005714581877921304,0.007942816552176645
2024-08-01,-0.005236832719662,0.0007519170374831143,-0.004051041502776776
2024-08-02,-0.02202631520052,-0.0028070253724261367,-0.0182105481697221
2024-08-05,-0.0131720854998879,-0.002272893672400266,-0.01096787209144295
2024-08-06,0.0048767303170136,-0.003158755828109334,0.003252753201986415
2024-08-07,0.0071339792257669,0.0015161678953273699,0.005993758923782994
2024-08-08,0.0004877131674196,-0.0006440880725495112,0.0002608034428856541
2024-08-09,0.0024417923454558,0.0018267780045631654,0.002315470504946867
2024-08-12,0.0011849167955102,0.0005851224759626857,0.001063524595894775
2024-08-13,0.0066221699665343,0.0017749443880079967,0.005645651438437154
2024-08-14,0.0017420339034486,0.0021521575904660246,0.0018232087388690248
2024-08-15,0.0082969186813448,7.645203652002146e-05,0.00665027235520277
2024-08-16,0.0009093513510494,0.0014128882136143358,0.001010686954880255
2024-08-19,0.001588934019598,-0.0008799839168241118,0.001095645205447129
2024-08-20,-0.0003167346238167,0.001305439797555194,7.250287607472709e-06
2024-08-21,0.0012847530661463,0.0005539263305203385,0.0011389080443686885
2024-08-22,-5.31583141912817e-05,-0.00015777336601860653,-7.40737546218426e-05
2024-08-23,0.0008443267946489,0.0009227241392999553,0.0008602174186450766
2024-08-26,-0.0007295514821457,1.6111820658766605e-05,-0.0005807551523469406
2024-08-27,-0.0005239273064977,-0.0006313150099528562,-0.0005454551113792307
2024-08-28,0.0003612293200472,0.0012312303464295101,0.0005351108716571697
2024-08-29,0.0063983709518449,-0.0007054128376028812,0.004979135320942299
2024-08-30,-0.0020128066234181,0.0013027113421573873,-0.0013526727323414946
2024-09-02,0.0023069078505162,4.518957922012505e-06,0.0018483143399403478
2024-09-03,-0.0045651372799794,-9.329214035450745e-06,-0.0036593778267504907
2024-09-04,-0.0050865368226753,0.0004361247705747094,-0.0039844083541148365
2024-09-05,-0.0023827082071545,-0.0011866413910516201,-0.0021422319122795575
2024-09-06,-0.0071536424139373,0.0008381430756649815,-0.005551001373898685
2024-09-09,0.0065778489916179,0.00046893427486006646,0.005343400835141137
2024-09-10,0.001471350224786,0.002529753332032221,0.0016811526254096702
2024-09-11,-0.0025035067135753,0.00014867458037471444,-0.001970342333574892
2024-09-12,0.0097195139244306,0.0011705558601808916,0.007994630861311762
2024-09-13,0.0046044354419767,-0.0003524787126087498,0.0036123689472428145
2024-09-16,-0.0011932641539793,-0.00035695386610543067,-0.0010266786396028785
2024-09-17,0.0023795905641839,-0.00045613564632868576,0.0018137105474763087
2024-09-18,-0.0042642167094139,-0.001127712192322901,-0.003640720949944067
2024-09-19,0.0086007306023714,0.0007702348086793061,0.007038291126630733
2024-09-20,-0.0041957288334655,5.633615135372417e-05,-0.0033523990599990785
2024-09-23,0.0049178127895175,-6.869609160180884e-05,0.003925478078078697
2024-09-24,0.0012742444248365,0.0004949996561547692,0.0011205885500859898
2024-09-25,-0.0009418564170716,-0.0012684661848108123,-0.0010087350081799812
2024-09-26,0.0022268982961681,0.0017866913446208704,0.0021428959947113967
2024-09-27,0.0022939943897426,-0.00040145410369909703,0.0017596748016606757
2024-09-30,-0.0010177253063889,5.813486565101522e-05,-0.0008050802530887163
2024-10-01,0.0032119245423249,0.0004259335532018869,0.0026620311413037886
2024-10-02,0.0007749647635122,-0.000456072293008794,0.0005309733728318406
2024-10-03,-0.00188124174289,-0.0010353774705114112,-0.0017173854802839963
2024-10-04,0.0020406054717272,-0.0032486742877950565,0.0009891190099343625
2024-10-07,0.0011574470792186,-0.0012986438690092072,0.000670700911611106
2024-10-08,-0.0007358775608853,0.0010787933089682488,-0.0003761223424865308
2024-10-09,0.0042963366306318,-0.0019851529054260037,0.0030565053731191403
2024-10-10,0.0013058267856631,0.0015507907754976466,0.0013606826878812587
2024-10-11,0.0020862952662734,0.0009232957627076314,0.0018632940354114935
2024-10-14,0.0045194037258113,0.0006968479098355826,0.0037767712279787465
2024-10-15,0.0002337765085147,0.0017720792432901755,0.0005423606958679866
2024-10-16,0.00064821488993,-0.0008211402434169085,0.0003578980224453975
2024-10-17,0.0049286109478916,0.0015501849545733373,0.004279522824669754
2024-10-18,0.0001795471192385,0.0012258140886460757,0.0003896297403743037
2024-10-21,-0.0042587802696583,-0.001071885252230635,-0.0036459856824437933
2024-10-22,-0.0003373641587881,-0.0005413877159352104,-0.0003798560297391449
2024-10-23,-0.0009989759683161,-0.0013390090896148185,-0.0010720633680594955
2024-10-24,0.0003279777979601,-0.0002066912705353791,0.00022285909525076631
2024-10-25,0.0012421487139415,-0.0008448517470179975,0.0008317394822489222
2024-10-28,0.0001635170337446,-9.422566667040948e-05,0.00011293879096295099
2024-10-29,-0.000878478640516,0.0009307053979203965,-0.0005219751493869391
2024-10-30,-0.0039506491924016,-0.0020541625827455636,-0.0035929673396475916
2024-10-31,-0.0101400134113918,-0.0031663197786514644,-0.00879815375521548
2024-11-01,0.0036533476230165,-0.0004663118012641303,0.0028447592307328353
2024-11-04,-0.0036083546876816,-0.0011629418203104379,-0.00313643558675762
2024-11-05,0.0022814482426354,0.0013191555315132239,0.0020988454753915705
2024-11-06,0.0181718508813304,0.0044478204848778366,0.015509506072941423
2024-11-07,0.0024277245905521,0.0006855862737638608,0.002095453888182099
2024-11-08,0.0054901193548773,-0.0007553036406001206,0.004279522859452566
2024-11-11,0.0075932123871031,0.0005299978896772235,0.00624084075912432
2024-11-12,-0.0024846870420781,-0.0005735562250945419,-0.00212480920839425
2024-11-13,0.0018578404268438,0.0020806225876217116,0.0019182263416997769
2024-11-14,0.0012048326069407,0.0004704267677871244,0.0010580986146288534
2024-11-15,-0.0084042423674057,-0.0016116326118271144,-0.007048067415264282
2024-11-18,0.001464629545848,0.0009563388798989383,0.0013616438919616756
2024-11-19,0.0001122634434145,0.0010219449952572175,0.0002939170351516951
2024-11-20,-0.0003805211476713,0.000775188795880064,-0.00014921488242606006
2024-11-21,0.0075566895003251,0.002788270048052651,0.0065946975348766985
2024-11-22,0.0077202630565345,0.0013614077771967584,0.006446176134491474
2024-11-25,-1.1875662726312797e-05,-0.00024076808247258246,-5.761477087558836e-05
2024-11-26,0.0012556653273463,0.00034208367833782436,0.0010738646232760797
2024-11-27,-0.004233475136832,-0.0019984772768823354,-0.0037900095664964773
2024-11-28,0.0037036901755109,0.0009245570335039763,0.0031497955583176663
2024-11-29,0.003630209559305,0.0013516205492423194,0.0031779018707375093
2024-12-02,0.0059288268614787,0.001456603735377379,0.005042248521100482
2024-12-03,-0.0008732122399731,0.0022207674041977887,-0.00025668139589265766
2024-12-04,0.002280851856601,-0.00036716615554867706,0.0017549552850492252
2024-12-05,-0.0009082733882346,-0.0011949219898906205,-0.0009671923906608208
2024-12-06,0.0007269227240176,0.0018416743357070563,0.0009510007006001608
2024-12-09,-0.0020326683064679,0.0003133358658118038,-0.0015673561124976447
2024-12-10,0.0009926781172684,0.001999572437072061,0.0011951541091598178
2024-12-11,0.002760251696146,0.0024389184051895087,0.0026992195619382096
2024-12-12,-0.0029137264778277,-0.00045074354144180147,-0.00242511851158218
2024-12-13,-0.0036842361779322,-0.0023331563182094357,-0.0034172624887702555
2024-12-16,0.0009076737163078,0.0003530914034004569,0.0007974043357514847
2024-12-17,-0.0016724860039577,-0.0009263598793171441,-0.0015245456826021289
2024-12-18,0.0013446334555351,0.00016003073029372905,0.0011087028833146634
2024-12-19,-0.0103429561047833,0.00045961161539325227,-0.008192348857514613
2024-12-20,0.0017664913526269,-0.002036554119278396,0.0010048990956131709
2024-12-23,-0.0022439793059139,0.0014303332188673281,-0.0015090041696870996
2024-12-24,0.0,5.556852569149894e-05,1.1102569161207307e-05
2024-12-25,0.0,0.0,0.0
2024-12-26,0.0,0.0,0.0
2024-12-27,0.0018535088772695,0.0006373830480880529,0.0016087176244405437
2024-12-30,-0.004668950899839,0.000357667192507254,-0.003660985433042396
2024-12-31,0.0,-0.0005734713804372149,-0.0001145793519631069
2025-01-01,0.0,0.0,0.0
2025-01-02,0.0095154108002255,0.0017343581942306794,0.007946502533671095
2025-01-03,-0.0028158376782345,0.0005406011173169508,-0.0021444984162188037
2025-01-06,0.0028066845712506,0.0005411179641937884,0.002351792654145832
2025-01-07,-0.0044701448071037,0.00146908164999877,-0.0032815540882983425
2025-01-08,-0.0001819918798884,0.002475381478142418,0.000349202720859406
2025-01-09,-3.4089913668489125e-05,0.0010477456481338887,0.0001821222429248058
2025-01-10,-0.0063090275598803,0.0022440139809416873,-0.0045875891890416
2025-01-13,-0.0017265298020112,-0.0017502212228201076,-0.0017254410395285337
2025-01-14,-0.001500515000552,5.823325994120063e-05,-0.0011840233687192584
2025-01-15,0.0114957230238854,-0.0021820095046795438,0.008721290855641429
2025-01-16,8.155908991192007e-05,0.00044440994193718764,0.00015394041641327073
2025-01-17,0.005349759081088,0.002538075623645016,0.004780056612871213
2025-01-20,-0.0018460324682969,-0.00010246505721721488,-0.0014957627524057734
2025-01-21,0.0012368157438724,-0.0010435110248218165,0.0007795839846381854
2025-01-22,0.0042685477512729,0.00010478242028435125,0.0034325890731527293
2025-01-23,-8.75116667359288e-05,-0.0006743085312854125,-0.00020472888169098378
2025-01-24,-0.0031155194628905,0.0014709931118033137,-0.0021985542590908613
2025-01-27,-0.0084735465958679,-0.0015593275176508017,-0.007084274317981267
2025-01-28,0.0073085105768455,0.0016222695013616507,0.006157497241868086
2025-01-29,0.0012658167352084,0.0011250936570775547,0.0012362713266368425
2025-01-30,0.0035073160369132,-0.000262131191427088,0.00275030169139068
2025-01-31,0.0074890040065924,-1.5557860663406483e-05,0.0059858297316370745
2025-02-03,-0.0034885279743922,-0.00019562928442055694,-0.002833022516690618
2025-02-04,-8.610893340177395e-05,-0.0007751972325237748,-0.00022380275057524112
2025-02-05,-0.0008626136707721,0.00036616785526438,-0.0006173413760017581
2025-02-06,0.0061889002691155,0.002553874251717049,0.005463114024618272
2025-02-07,-0.0016896478386565,0.0014206585483728415,-0.0010693201224706455
2025-02-10,0.0040436515695729,0.00025919428462189514,0.0032881675819055184
2025-02-11,-0.0028732126609212,0.001999149039839421,-0.0018997167459596088
2025-02-12,-0.0046581061984366,0.003591460278563826,-0.0030062105896567722
2025-02-13,0.0052396023489864,-0.0013680436326723474,0.003908356133886137
2025-02-14,-0.0017303981444806,-8.633551106167705e-05,-0.0014001039828858569
2025-02-17,0.0016693377513765,0.0020817864246097254,0.0017495565044009771
2025-02-18,0.0002268693973033,0.0002408301261867373,0.00022934633592013953
2025-02-19,0.0001083544084485,-0.0010690094099485709,-0.00012703186254097245
2025-02-20,-0.004907430865755,-0.002677683415873674,-0.00445608810839785
2025-02-21,0.0021531207175733,0.00033359990858128396,0.0017862444120609444
2025-02-24,-0.0065268345358074,-0.0010881614849874305,-0.005431981244699676
2025-02-25,-0.0077116036312632,-0.00258227507354047,-0.006670293292594803
2025-02-26,0.0071638718733488,0.0013872561358059573,0.005988442136141227
2025-02-27,0.001834926054772,0.0001299415624326775,0.0014905275614979167
2025-02-28,-0.0052362007540417,-0.0003602629875387489,-0.004252744524562168
2025-03-03,-0.0005156669171398,0.0024038834381166275,6.897499360852968e-05
2025-03-04,-0.018777090963174,-0.0036567330857802363,-0.015699248482040847
2025-03-05,-0.0132369201745429,0.001478595672614337,-0.010223846445528683
2025-03-06,-0.001396738720658,0.0006369974669679855,-0.0009793165957062164
2025-03-07,-0.0086800617633509,3.5281387306095686e-05,-0.006866959412466677
2025-03-10,-0.0039627526318226,-0.005045612430718361,-0.004140607181209381
2025-03-11,-0.0126141896304133,-0.0009978035289968427,-0.010172958056546002
2025-03-12,0.0059012561483988,0.0021821870393875778,0.005090453443211712
2025-03-13,-0.0042228528567399,-0.00012116373139597425,-0.0033574711810222813
2025-03-14,0.0066171466492499,0.0005178195108167978,0.005322104091113117
2025-03-17,0.0040342143517435,-0.00012934707984619024,0.003159838261629702
2025-03-18,-0.0029667615261878,0.00018068167588235125,-0.002308695645394887
2025-03-19,0.0065621800298543,0.0009845495124558372,0.005379736364423804
2025-03-20,0.0024043498194341,0.0014613758980065493,0.0021932303885585556
2025-03-21,-0.0015897503456169,0.0012128080236099416,-0.0010150296132881173
2025-03-24,0.0100093381494592,0.00020179061164730407,0.007952151656788066
2025-03-25,0.001088596318481,0.0011293322656182635,0.0010878704522428793
2025-03-26,-0.0027938595315109,-0.0008608259784234314,-0.0023848699189532307
2025-03-27,-0.0026242152679831,0.0020136329045040693,-0.0016753498893131418
2025-03-28,-0.0109085184771,-0.0012686487244464627,-0.008881733108765178
2025-03-31,-0.0036540002102298,-0.003198339242096794,-0.00352333742003713
2025-04-01,0.008064379058982,0.00132744778630467,0.006630284155430302
2025-04-02,-0.0016607026261316,-0.001406579676977655,-0.0015936434455895519
2025-04-03,-0.0264970232668919,-0.005649902611252604,-0.02207081911567296
2025-04-04,-0.0258246868001815,0.002432738909962442,-0.019833304038058174
2025-04-07,-0.0167482884252238,-0.005848369158372345,-0.014265393610951074
2025-04-08,0.0179508124448863,0.003002451491244667,0.014603290892733413
2025-04-09,-0.0258490069394373,-0.0044784017907907574,-0.02112488207029
2025-04-10,0.0225361437830604,5.339762381006182e-06,0.017554726100974687
2025-04-11,-0.0072030907671289,-0.0006500491544254871,-0.005767914841375441
2025-04-14,0.0193674020669576,-0.0005759763169411136,0.015022549781563551
2025-04-15,0.0063696405772415,0.0023639747527311036,0.005472218313552237
2025-04-16,-0.0061440938910257,0.00043677764900498876,-0.00473971613610089
2025-04-17,-0.0050541668998862,-0.000859555636816813,-0.004136815446806932
2025-04-18,0.0,0.0,0.0
2025-04-21,0.0,0.0,0.0
2025-04-22,-0.0033158310691752,1.114392068824225e-05,-0.002596736083078223
2025-04-23,0.0160157288630542,-0.0012946461494599952,0.012285474550151214
2025-04-24,0.0064608671147436,0.0019842978085428246,0.005475623034900095
2025-04-25,0.0014003851042205,0.0010008929030181418,0.0013019281881521995
2025-04-28,0.0006244229778284,0.0010933085900256864,0.0007098371056501473
2025-04-29,0.0033028007077338,0.0011399384919546652,0.002826664343780983
2025-04-30,0.0023022848261826,0.000783550816664525,0.0019690058211006825
2025-05-01,0.0,0.0,0.0
2025-05-02,0.0122925566435458,0.0016082770786815484,0.010001656720360977
2025-05-05,0.0009613949307489,-6.207027773708472e-05,0.0007463937252250739
2025-05-06,-0.0034139283128802,4.4460621727579106e-05,-0.0026861915307472826
2025-05-07,-0.0010757536535028,0.00025508844242548047,-0.0007976510015253278
2025-05-08,0.0086975662401123,-0.0009196495247847639,0.006675475229661444
2025-05-09,-0.0010153585729801,9.871110728079113e-05,-0.000792767897384888
2025-05-12,0.0164050186213247,-0.0030984022406040706,0.012505318616669142
2025-05-13,0.0033781688159886,0.000611978267045058,0.0028352935430814596
2025-05-14,-0.0021343289678152,-0.0006750484397305649,-0.0018498932565764559
2025-05-15,0.0037446372366587,0.0007920594929360154,0.00316635499995546
2025-05-16,0.004825132432539,-0.00045186987770271143,0.0037880341342857262
2025-05-19,-0.0030760005909423,0.0008016206031328072,-0.002314797291857561
2025-05-20,0.0009944594898219,0.0015115433767356444,0.001101543664906756
2025-05-21,-0.0052210568957531,0.00039564383720576483,-0.0041182157726977605
2025-05-22,-0.0040934570223631,3.402651896783945e-05,-0.003280337422502212
2025-05-23,-0.0051987229505142,0.001195690478998029,-0.003932384956617732
2025-05-26,0.0053416149283278,0.00023666706510319413,0.004327783481863875
2025-05-27,0.0057479235811999,0.0004877227656886533,0.004708190247811921
2025-05-28,0.000455012914224,0.0003673009251853934,0.0004387569339946987
2025-05-29,-0.001449184786653,0.00040729685827431265,-0.0010823217659977555
2025-05-30,0.0001810395612558,0.0014144978619543274,0.0004279381651366203
2025-06-02,-0.0030311404022631,0.0005711727027869617,-0.002318411319674199
2025-06-03,0.0072669308276231,0.002535390305855782,0.006334222344949555
2025-06-04,0.0001203655996211,-0.0007947014098462097,-6.21649828706548e-05
2025-06-05,-0.0010461405791274,-0.0019405900271301992,-0.001227605378530231
2025-06-06,0.0024764482471231,0.0017598643831521145,0.002340145840823539
2025-06-09,0.0003163445511245,0.00042286721168285414,0.0003385411954879195
2025-06-10,0.0008603785342755,0.002000363305704113,0.0010906169289870977
2025-06-11,-2.3457345880717465e-05,0.000751059704110232,0.00013122773557629398
2025-06-12,-0.0037881400138984,-0.0004264070882467995,-0.0031261952889732555
2025-06-13,-0.0039631077362434,-0.003250318237068376,-0.0038287541276794713
2025-06-16,0.0029588590683549,0.003085981275367472,0.0029899408243056922
2025-06-17,-0.0016879551406402,-0.0028744180140417653,-0.001928217879937431
2025-06-18,0.0001987519118982,0.001992214286572002,0.0005575002041844234
2025-06-19,-0.0053246279144029,-0.000607467576960759,-0.004391751362486603
2025-06-20,0.0025029254470145,-0.0038888541828215437,0.001228484774416914
2025-06-23,-0.0013519201645236,0.0007253199137934133,-0.0009396857135488363
2025-06-24,0.0051964527689827,0.0022010471822442017,0.004607010070425684
2025-06-25,-0.000522340934202,0.000744743417440187,-0.0002703338649803442
2025-06-26,0.0005149201645131,0.0008529507812309377,0.0005834945301987568
2025-06-27,0.0044674802909001,4.1298128728969186e-05,0.003591879659995347
2025-06-30,-0.0013053158021615,0.00033227451066945456,-0.0009815957690027723
2025-07-01,-0.0003683729572858,-0.0019276027097744986,-0.0006807900907687
2025-07-02,0.0011070026486967,-0.0013667811107871714,0.0006156707784509597
2025-07-03,0.0065919809504126,0.0019028480157278831,0.005675116039267236
2025-07-04,-0.0035694840637637,-0.0003671335612354317,-0.002943127831836332
2025-07-07,0.0010252689733794,0.00045489672850780274,0.000914659477743595
2025-07-08,-0.0006644439365736,0.0006755166144921605,-0.0003989515935214665
2025-07-09,0.0020168611322428,0.0014556091187979917,0.001911069162357456
2025-07-10,0.0033583803521319,0.000388190769004192,0.0027758018584418884
2025-07-11,-0.0037995807005307,-0.0015575574140676775,-0.003365694152132762
2025-07-14,0.0004456994510282,0.0005295117998732353,0.000463937368961403
2025-07-15,0.0034194237039979,0.002790259681601709,0.0033051203211363167
2025-07-16,-0.0078400327858473,-0.0007281742569805995,-0.006446007943487594
2025-07-17,0.009533430430596,0.0009346099121976065,0.007837357368263683
2025-07-18,-0.0023183512490448,6.654094241619833e-05,-0.0018503278758238097
2025-07-21,0.0022169401738985,0.0004273187600070185,0.0018666456726935802
2025-07-22,-0.0032740099012206,-0.0018687261786736094,-0.0030048963532167306
2025-07-23,0.0052490751882157,0.0011082292758165609,0.004439265350573212
2025-07-24,-0.0006251018553993,0.0006181568132243758,-0.0003791936440642954
2025-07-25,0.0005478983511291,-0.0005351836811374913,0.00033357799398490013
2025-07-28,0.0055657024678879,0.0008418338710735902,0.00464394409248805
2025-07-29,0.0024939474202987,0.00034952803755991914,0.002077228841053831
2025-07-30,0.0021688515327524,0.0006450390190786809,0.0018753290145950478
2025-07-31,0.001906974616741,0.0013874580496249967,0.0018132446003258022
2025-08-01,-0.017232741565563,-0.0039509574579058805,-0.014671438742311523
2025-08-04,0.007880881899752,0.0005366003168187927,0.006439111492455411
2025-08-05,-0.0013453736283139,-5.1969236688065906e-05,-0.0010928749996864794
2025-08-06,0.0011088134371022,0.0022495501173818823,0.0013367321686129903
2025-08-07,0.0017120255908256,0.00046169553263362967,0.0014618983227999696
2025-08-08,0.0004761748272892,-0.0007006421753562644,0.00024105564721672005
2025-08-11,0.0030702118025343,9.264506558325154e-05,0.0024759267083893123
2025-08-12,-0.0007428793846634,-0.0004047362138649877,-0.000675823829471377
2025-08-13,0.0022885773071121,0.0011330700951277244,0.0020591406523543894
2025-08-14,0.0027652856511486,-0.0005658214260313657,0.0021019721694534766
2025-08-15,-0.0035408779908696,0.00017479882931813613,-0.002803232096204389
2025-08-18,0.0007750603590019,0.0017186214694975169,0.0009641626873618614
2025-08-19,0.0003080016014591,-0.0006674350559586456,0.00011329362664731963
2025-08-20,-0.0021656575755237,8.788143840983652e-05,-0.0017170312349143047
2025-08-21,0.0011694519372162,0.0005261844213869424,0.0010413865843487264
2025-08-22,0.0037602187608343,0.0005987336786197448,0.0031304176800086743
2025-08-25,-0.0013104802985761,0.0009349028550084228,-0.0008631617985382273
2025-08-26,-0.0009393670718728,0.0010451993313822872,-0.000543452950695373
2025-08-27,0.0047137568751138,-0.0002210997945873708,0.0037292997293963143
2025-08-28,-0.0010533875404974,0.00010271010434440546,-0.0008235675516918133
2025-08-29,-0.0049270002877496,-0.001000922710079403,-0.004147126331002702
2025-09-01,0.0013544675133025,0.001068316585209122,0.0012976960403681458
2025-09-02,-0.007905374140894,-0.0002845374171785723,-0.006385437406389345
2025-09-03,0.0050938077948841,0.0009747087235513172,0.004266317131157823
2025-09-04,0.0054452763152132,0.0005883702299382098,0.004473644488796092
2025-09-05,-0.0019285716319054,-0.00083871746094039,-0.0017118778833926792
2025-09-08,0.0038973656628362,-6.573740451996463e-05,0.003106999834977152
2025-09-09,-8.060260517039897e-05,0.0011663074680672068,0.0001684484795490441
2025-09-10,0.0029182080512182,-0.00013425339056996187,0.0023106823537041767
2025-09-11,0.0038323655746737,0.0007305561563928406,0.0032175781816177968
2025-09-12,-0.0009376608294771,0.0019158867400447524,-0.00036919624209751653
2025-09-15,0.0014348952266476,0.00035063131082961374,0.0012201695451214637
2025-09-16,-0.0046747624513577,-0.0006969313776202446,-0.003887020740905022
2025-09-17,-8.55069016083565e-05,-0.0001557353378211595,-9.961276999754886e-05
2025-09-18,0.0056334697658906,0.0015290148423885693,0.004818356527192124
2025-09-19,0.0002032600105275,-6.711807527385704e-05,0.00014954966976946468
2025-09-22,0.0009243237638751,0.0023844791238335755,0.0012175166310517415
2025-09-23,0.0005342455773891,0.00014058655127550403,0.0004563094602327396
2025-09-24,-0.0009259108662564,0.003001204581175587,-0.0001425750248812669
2025-09-25,-0.0017624651039193,0.000510571533392941,-0.0013096874095396825
2025-09-26,0.0016356098548109,-5.529194404179325e-05,0.0012984501286374367
2025-09-29,0.0021409705019279,0.000671574365954196,0.0018488553050850444
2025-09-30,-0.0004577912429706,0.0014821783644798526,-7.060739277286977e-05
2025-10-01,0.0039987108471768,0.0006306511493514644,0.003328217791982274
2025-10-02,0.0027942371983216,0.000830793949358751,0.0024051460164577865
2025-10-03,0.0027313464019376,0.0008850362828272344,0.002366437922483439
2025-10-06,0.0012068252679158,0.0005008291245127908,0.00106788106821336
2025-10-07,-0.0009692534898683,0.0013471470273663253,-0.0005082436421397498
2025-10-08,0.0058832955564993,0.0008466813160460259,0.004885779956450892
2025-10-09,-0.0001367719940355,0.0008243385353281438,5.4943991445306826e-05
2025-10-10,-0.0101006355539601,-0.0022262075968031325,-0.00854894240749188
2025-10-13,0.0039876218060705,0.0012633987460611241,0.003446833573912322
2025-10-14,-0.0010828255240327,-0.0020542032742757676,-0.001278328105423448
2025-10-15,0.0040226031898067,0.00450225708279748,0.004124341755690559
2025-10-16,-0.0002969151040183,0.0010844650999267899,-2.132911962944082e-05
2025-10-17,-0.00674209171959,-0.0026625733015217114,-0.0059349075136689725
2025-10-20,0.0101006716882257,0.0022080718212869233,0.008528973626596006
2025-10-21,0.0028180001281499,-0.001726902809035973,0.0019149113184424714
2025-10-22,-0.0033582871171544,0.001053131075546713,-0.0024852428664718495
2025-10-23,0.0022502281356133,-0.0010339943734896672,0.0015980641981638117
2025-10-24,0.0031557238378234,0.001621413502659425,0.002856453497413385
2025-10-27,0.0042657235381196,0.0004912227993157618,0.003522460575007989
2025-10-28,0.0008037198990344,0.001246932190707319,0.0008948022881151154
2025-10-29,0.0014702555211689,-0.0019933668519117025,0.0007827481826481835
2025-10-30,0.0002506542553826,-0.00011566361682742627,0.00017837227517129113
2025-10-31,-0.0002693273127203,-0.0003990285755279642,-0.00029623296903331735
2025-11-03,-0.0001854811468325,0.0010699581402028313,6.535511953508031e-05
2025-11-04,-0.0020194752497649,-0.0015347405634203342,-0.0019222201325856123
2025-11-05,0.0004624077498276,-0.0004313724167823794,0.0002837020903478295
2025-11-06,-0.0081493675299962,-0.0003576084896895255,-0.006591473714521572
2025-11-07,-0.0073501415655399,-0.0012579563715895237,-0.006122708306752196
2025-11-10,0.0115495196162773,0.0031194772934096276,0.009837768378635361
2025-11-11,0.002432978901415,0.0001363519696348474,0.0019718552274072105
2025-11-12,0.0036857576626945,0.00418425405428562,0.003783307090901534
2025-11-13,-0.0085302339957419,-0.0008051949635993574,-0.006981351228711795
2025-11-14,-0.0016107158741625,-0.0017903535277252701,-0.0016435752755804502
2025-11-17,-0.0018788442741767,-0.0003728008299687045,-0.001574454954416196
2025-11-18,-0.0079003844097872,-0.0035651835857923022,-0.007017556054964963
2025-11-19,0.0014452254367078,0.00032623231228240537,0.0012174199338958961
2025-11-20,0.0033409665848898,0.002058657128671576,0.0030755839811135804
2025-11-21,-0.0049725652231885,-0.0014697313739524445,-0.0042600674648952865
2025-11-24,0.006911745151729,-0.00028068839921814614,0.005453215999146774
2025-11-25,0.0023394840840393,0.0014202622357446333,0.0021512375798835902
2025-11-26,0.0067169967085369,0.0020325631456558605,0.005769180775697356
2025-11-27,-0.0004478673967063,0.0004403772119667279,-0.0002699408710178252
2025-11-28,0.0021519200125739,-6.721846763772682e-05,0.0017060410699428475
2025-12-01,-0.0033684053462555,-0.0002810242183470938,-0.002748839142027642
2025-12-02,0.0001224170788411,0.002711496577959414,0.000639554908200815
2025-12-03,0.0001633744026041,0.0016321430552497186,0.0004565533910319702
2025-12-04,0.0007837992516974,-0.0007066610592014793,0.0004844754888026967
2025-12-05,0.0018300288378281,-0.0008680925406721785,0.0012878111454904465
2025-12-08,-0.0025105652596529,0.0006989149125017056,-0.0018661013329711183
2025-12-09,0.0008702453200895,-0.0013993019350919443,0.0004152476991763362
2025-12-10,-0.0014396229268585,0.0008459602859565152,-0.000980872485413301
2025-12-11,-0.0017531076589847,0.0007703443848699983,-0.0012457308775911744
2025-12-12,-0.0035941968781436,-0.00030720536158091566,-0.002929451165545217
2025-12-15,0.0007864610515804,0.002825110539704762,0.0011916125761713909
2025-12-16,-0.0032700891069314,-0.0006648198563808023,-0.0027397580773181355
2025-12-17,-0.0031085664347649,0.0005927639274138838,-0.0023583470524627375
2025-12-18,0.0072251925598756,0.0011638829211274215,0.0059849461740736866
2025-12-19,0.0010560667954215,0.0009060100545084468,0.0010228502947709954
