,PDAIEUR LX Equity,EXCRISA LX Equity,REYLSEB LX Equity
2021-01-05,,,
2021-01-06,,,
2021-01-07,,,
2021-01-08,,,
2021-01-12,,,
2021-01-13,,,
2021-01-14,,,
2021-01-15,,,
2021-01-19,,,
2021-01-20,,,
2021-01-21,,,
2021-01-22,,,
2021-01-26,,,
2021-01-27,,,
2021-01-28,,,
2021-01-29,,,
2021-02-02,,,
2021-02-03,,,
2021-02-04,,,
2021-02-05,,,
2021-02-09,,,
2021-02-10,,,
2021-02-11,,,
2021-02-12,,,
2021-02-16,,,
2021-02-17,,,
2021-02-18,,,
2021-02-19,,,
2021-02-23,,,
2021-02-24,,,
2021-02-25,,,
2021-02-26,,,
2021-03-02,,,
2021-03-03,,,
2021-03-04,,,
2021-03-05,,,
2021-03-09,,,
2021-03-10,,,
2021-03-11,,,
2021-03-12,,,
2021-03-16,,,
2021-03-17,,,
2021-03-18,,,
2021-03-19,,,
2021-03-23,,,
2021-03-24,,,
2021-03-25,,,
2021-03-26,,,
2021-03-30,,,
2021-03-31,,,
2021-04-01,,,
2021-04-07,,,
2021-04-08,,,
2021-04-09,,,
2021-04-13,,,
2021-04-14,,,
2021-04-15,,,
2021-04-16,,,
2021-04-20,,,
2021-04-21,,,
2021-04-22,,,
2021-04-23,,,
2021-04-27,,,
2021-04-28,,,
2021-04-29,,,
2021-04-30,,,
2021-05-04,,,
2021-05-05,,,
2021-05-06,,,
2021-05-07,,,
2021-05-11,,,
2021-05-12,,,
2021-05-13,,,
2021-05-14,,,
2021-05-18,,,
2021-05-19,,,
2021-05-20,,,
2021-05-21,,,
2021-05-25,,,
2021-05-26,,,
2021-05-27,,,
2021-05-28,,,
2021-06-01,,,
2021-06-02,,,
2021-06-03,,,
2021-06-04,,,
2021-06-08,,,
2021-06-09,,,
2021-06-10,,,
2021-06-11,,,
2021-06-15,,,
2021-06-16,,,
2021-06-17,,,
2021-06-18,,,
2021-06-22,,,
2021-06-23,,,
2021-06-24,,,
2021-06-25,,,
2021-06-29,,,
2021-06-30,,,
2021-07-01,,,
2021-07-02,,,
2021-07-06,,,
2021-07-07,,,
2021-07-08,,,
2021-07-09,,,
2021-07-13,,,
2021-07-14,,,
2021-07-15,,,
2021-07-16,,,
2021-07-20,,,
2021-07-21,,,
2021-07-22,,,
2021-07-23,,,
2021-07-27,,,
2021-07-28,,,
2021-07-29,,,
2021-07-30,,,
2021-08-03,,,
2021-08-04,,,
2021-08-05,,,
2021-08-06,,,
2021-08-10,,,
2021-08-11,,,
2021-08-12,,,
2021-08-13,,,
2021-08-17,,,
2021-08-18,,,
2021-08-19,,,
2021-08-20,,,
2021-08-24,,,
2021-08-25,,,
2021-08-26,,,
2021-08-27,,,
2021-08-31,,,
2021-09-01,,,
2021-09-02,,,
2021-09-03,,,
2021-09-07,,,
2021-09-08,,,
2021-09-09,,,
2021-09-10,,,
2021-09-14,,,
2021-09-15,,,
2021-09-16,,,
2021-09-17,,,
2021-09-21,,,
2021-09-22,,,
2021-09-23,,,
2021-09-24,,,
2021-09-28,,,
2021-09-29,,,
2021-09-30,,,
2021-10-01,,,
2021-10-05,,,
2021-10-06,,,
2021-10-07,,,
2021-10-08,,,
2021-10-12,,,
2021-10-13,,,
2021-10-14,,,
2021-10-15,,,
2021-10-19,,,
2021-10-20,,,
2021-10-21,,,
2021-10-22,,,
2021-10-26,,,
2021-10-27,,,
2021-10-28,,,
2021-10-29,,,
2021-11-02,,,
2021-11-03,,,
2021-11-04,,,
2021-11-05,,,
2021-11-09,,,
2021-11-10,,,
2021-11-11,,,
2021-11-12,,,
2021-11-16,,,
2021-11-17,,,
2021-11-18,,,
2021-11-19,,,
2021-11-23,,,
2021-11-24,,,
2021-11-25,,,
2021-11-26,,,
2021-11-30,,,
2021-12-01,,,
2021-12-02,,,
2021-12-03,,,
2021-12-07,,,
2021-12-08,,,
2021-12-09,,,
2021-12-10,,,
2021-12-14,,,
2021-12-15,,,
2021-12-16,,,
2021-12-17,,,
2021-12-21,,,
2021-12-22,,,
2021-12-23,,,
2021-12-24,,,
2021-12-28,,,
2021-12-29,,,
2021-12-30,,,
2021-12-31,,,
2022-01-04,,,
2022-01-05,,,
2022-01-06,,,
2022-01-07,,,
2022-01-11,,,
2022-01-12,,,
2022-01-13,,,
2022-01-14,,,
2022-01-18,,,
2022-01-19,,,
2022-01-20,,,
2022-01-21,,,
2022-01-25,,,
2022-01-26,,,
2022-01-27,,,
2022-01-28,,,
2022-02-01,,,
2022-02-02,,,
2022-02-03,,,
2022-02-04,,,
2022-02-08,,,
2022-02-09,,,
2022-02-10,,,
2022-02-11,,,
2022-02-15,,,
2022-02-16,,,
2022-02-17,,,
2022-02-18,,,
2022-02-22,,,
2022-02-23,,,
2022-02-24,,,
2022-02-25,,,
2022-03-01,,,
2022-03-02,,,
2022-03-03,,,
2022-03-04,,,
2022-03-08,,,
2022-03-09,,,
2022-03-10,,,
2022-03-11,,,
2022-03-15,,,
2022-03-16,,,
2022-03-17,,,
2022-03-18,,,
2022-03-22,,,
2022-03-23,,0.209417913346768,
2022-03-24,,0.21028028963788875,
2022-03-25,,0.21057007136305275,
2022-03-29,,0.2177265961716147,
2022-03-30,,0.22188090864275972,
2022-03-31,,0.22329275490382317,
2022-04-01,,0.2233523272983657,0.0069980677997000425
2022-04-05,,0.22391323692946938,0.007794682634312902
2022-04-06,,0.22466412906083416,0.012423622892699202
2022-04-07,,0.22695223895530978,0.011951661812592643
2022-04-08,-0.022600995930858844,0.2227536875111661,0.014479747207046053
2022-04-12,-0.02221812335480883,0.22143790438391736,0.014212068526629405
2022-04-13,-0.022238987094173965,0.2214906878816527,0.013601125992229898
2022-04-14,-0.02177996318095306,0.2192525422560818,0.010577100194563165
2022-04-20,-0.020066333760139814,0.22079191729984796,0.012149839064511782
2022-04-21,-0.02019481084039906,0.22032905773848055,0.013085302104142894
2022-04-22,-0.028049252551259687,0.2153573334133267,0.026729852083814138
2022-04-26,-0.03053018578754713,0.2145856411689149,0.02714381970703917
2022-04-27,-0.030601872157167396,0.2137979951014304,0.02929975949914454
2022-04-28,-0.030544353646458456,0.2142418405171993,0.029171534491597678
2022-04-29,-0.030307105985540973,0.21424868886919923,0.029557727129597554
2022-05-03,-0.030991203716148774,0.2143835434950832,0.026609520371236022
2022-05-04,-0.027980762497492585,0.21425935816178376,0.028786639290374415
2022-05-05,-0.030160406435025443,0.21648912291252323,0.028069410093351465
2022-05-06,-0.03524360098664502,0.20172618718964883,0.027327095939559343
2022-05-10,,0.19727366982567054,
2022-05-11,-0.031249512083981978,0.1956922093896639,0.03131762208552636
2022-05-12,-0.031447945807429635,0.1945471274428689,0.0308960833912309
2022-05-13,-0.03466007621854719,0.1966293583282218,0.02522817429993444
2022-05-17,-0.03618700106285674,0.20029991696160762,0.025643958887903974
2022-05-18,-0.039923421513655105,0.19711454316342705,0.025915598800590002
2022-05-19,-0.03940514119510233,0.19678570103720655,0.031827091538113035
2022-05-20,-0.0390239135767026,0.1984010690198422,0.03204670884549652
2022-05-24,-0.03937272189374607,0.1993882993515147,0.02806442629922609
2022-05-25,-0.04013102935932673,0.19982590233041395,0.0272518586911898
2022-05-26,,0.20020492282818822,
2022-05-27,,0.1994045633951432,
2022-05-31,-0.04082542599432774,0.20161980149872974,0.025069010492380153
2022-06-01,-0.03985639726189142,0.19764713608968867,0.019468786188991536
2022-06-02,-0.03997733237536024,0.1977311894192637,0.01970677119713176
2022-06-03,-0.04042188568598576,0.1980675748959238,0.020353002917086947
2022-06-07,,0.19807320825191607,
2022-06-08,-0.04172531731090412,0.19730005389796237,0.026461118182855587
2022-06-09,-0.040782210096649424,0.1928837269158086,0.03033826223320864
2022-06-10,-0.04261388845524328,0.1846400291934417,0.03323930691225957
2022-06-14,-0.043539727911387556,0.1829635481540576,0.0282750608165761
2022-06-15,-0.04287452420714983,0.18019899349734145,0.006519516215271807
2022-06-16,-0.04116771028742761,0.19027513873040672,0.009229044390765804
2022-06-17,-0.04163863123507811,0.18920634370993766,0.003314373914947381
2022-06-21,-0.041334549059721254,0.19036184966753594,0.004590119942270265
2022-06-22,-0.04165843299780925,0.1903341185164331,0.004280745976649334
2022-06-23,,0.1881635785530425,
2022-06-24,,0.1790518089145481,
2022-06-28,-0.042030963508708115,0.17932555613905832,0.003844750197723085
2022-06-29,-0.04187484894108759,0.177241705827162,0.008826960295340533
2022-06-30,-0.04397470095395594,0.1796985414516434,0.009733557119238047
2022-07-01,-0.04649240609542862,0.17700539327823706,-0.004860339575838586
2022-07-05,-0.04252264865477492,0.18138431794364415,0.0024810043778655034
2022-07-06,-0.04081102985561597,0.18317022920404552,-0.002520999126751735
2022-07-07,-0.045013142604486765,0.18598261656035722,0.0005438400510867608
2022-07-08,-0.044710446876039485,0.18692414020447365,0.001425764754633601
2022-07-12,-0.046004216867985184,0.1864613949939577,-0.0002461758911631597
2022-07-13,-0.044932364902572,0.18456003352936795,-0.0015009893066393288
2022-07-14,-0.04723596163237461,0.17962259034185768,-5.4518323895656676e-05
2022-07-15,-0.05202542159092832,0.17905575674987062,0.013388686465261045
2022-07-19,-0.05231352767741628,0.1825878051695494,0.010934410297457302
2022-07-20,-0.05236727828365578,0.18203386306907723,0.012342847685766553
2022-07-21,-0.05225770699761016,0.18212199069131538,0.014461638332029188
2022-07-22,-0.05301573699890994,0.17695767716899322,0.012186634323823577
2022-07-26,-0.05377414003240558,0.1773597630504088,0.01021420413380662
2022-07-27,-0.054133306774775694,0.1782290261715501,0.010140274160010081
2022-07-28,-0.057619006004078537,0.1755040146482682,0.00500802208379434
2022-07-29,-0.059698980071174905,0.1770534007843481,0.0014120428657353602
2022-08-02,-0.05911029629435715,0.17659889380073182,0.001686331810799351
2022-08-03,-0.05963198065682891,0.17630729200574757,0.0007496855795887517
2022-08-04,-0.060202238841546435,0.1760965763773945,-3.744708310271268e-05
2022-08-05,-0.05582926345012738,0.17359504795520736,0.0028593257113556686
2022-08-09,-0.056455124519973476,0.17488385060133257,-0.002898828468756635
2022-08-10,-0.0593382190629307,0.17438371785500492,-0.009097898790994841
2022-08-11,-0.05944800345434591,0.17446217989427745,-0.0098244006481252
2022-08-12,-0.05961607906106617,0.17467589825706817,-0.010333493640524095
2022-08-16,,0.17397889977916,
2022-08-17,-0.059165685628094655,0.17392016117612505,-0.016282960187203446
2022-08-18,-0.05874189909327549,0.1735210521390492,-0.015084858323077328
2022-08-19,-0.06186105142915497,0.17316441518257925,-0.022321791169228687
2022-08-23,-0.0620144321409159,0.172571537086073,-0.021994551201060614
2022-08-24,-0.06203985729115492,0.17262694070420392,-0.022116371988157718
2022-08-25,-0.06144545867702727,0.1723893320771348,-0.020637013586661614
2022-08-26,-0.06261440360377717,0.17283421886746841,-0.021216760574871034
2022-08-30,-0.061842600367665264,0.16937016530657742,-0.018592428323334503
2022-08-31,-0.06126915972088323,0.16733134722614415,-0.016804915849606677
2022-09-01,-0.06265675500981728,0.16597464577473015,-0.021856451170257602
2022-09-02,-0.061504110597818656,0.16658266415379075,-0.030030997689762005
2022-09-06,-0.06161835279286694,0.16643960222647805,-0.03142194068632809
2022-09-07,-0.06175894538456868,0.16555176800456098,-0.031117173838942983
2022-09-08,-0.06168132365717076,0.1656226361646507,-0.03072067849984678
2022-09-09,-0.06093344443845036,0.1661096058475519,-0.03575510856832391
2022-09-13,-0.06013637976663789,0.16063431078499218,-0.04305983037512731
2022-09-14,-0.05950116901420173,0.1607858778989728,-0.04370581187508622
2022-09-15,-0.06010122106623982,0.16071968529596048,-0.04033718346146994
2022-09-16,-0.05918841399491539,0.1620111846926835,-0.03491818512640643
2022-09-20,-0.0609296800780074,0.1582651988679711,-0.0339116490346632
2022-09-21,-0.06002767058947822,0.1568555197933622,-0.028188279114644135
2022-09-22,-0.060067075669055836,0.1539325643496457,-0.028648526048280356
2022-09-23,-0.06109098308442609,0.154336524786599,-0.029294456648892533
2022-09-27,-0.060966529603773204,0.15346744707165258,-0.028802430622732356
2022-09-28,-0.061392613642059495,0.15415004503352242,-0.033200913071915666
2022-09-29,-0.06041027588202739,0.15413102239038648,-0.028008303125606447
2022-09-30,-0.05919381106335888,0.1520250590153981,-0.01986620122868876
2022-10-04,-0.059562133621120554,0.1490870180977966,-0.03638525896972282
2022-10-05,-0.061135603082473615,0.14801452105303164,-0.0399326993598837
2022-10-06,-0.06058883136614248,0.1482858109298236,-0.03919448704518141
2022-10-07,-0.06092399774708849,0.14737878593139347,-0.044573574699282914
2022-10-11,-0.060592983440406485,0.14758417098850674,-0.04470395904030955
2022-10-12,-0.060636381728909464,0.1472680889181363,-0.04552559044598203
2022-10-13,-0.06126452966858135,0.14848442498853442,-0.04629285460033668
2022-10-14,-0.06036031290104774,0.14836292306981927,-0.04660607150852641
2022-10-18,-0.060393407499416595,0.14848615528660758,-0.04762078501078266
2022-10-19,-0.05917930504990679,0.14802861789941427,-0.046348141930609155
2022-10-20,-0.05918679236476209,0.1476879087523935,-0.0475884365641807
2022-10-21,-0.05944177331040733,0.1474801751195148,-0.04743371760086461
2022-10-25,-0.060679580552434755,0.14777817749484112,-0.049660252820232995
2022-10-26,-0.06148367614601661,0.14680670739672388,-0.05318054563106686
2022-10-27,-0.06189113533067765,0.14628401729600826,-0.053173592415502846
2022-10-28,-0.06217762677167469,0.14654914393521734,-0.05249880487777684
2022-11-01,,0.14705501844564575,
2022-11-02,,0.1472728242510625,
2022-11-03,-0.062201397240420696,0.1449686151535689,-0.05206483525990412
2022-11-04,-0.060786414658340844,0.14534361224234488,-0.05934308019426369
2022-11-08,-0.06101602716418061,0.14418526362370335,-0.062460536336137476
2022-11-09,-0.06145901561518629,0.14406324418087263,-0.062444348684921956
2022-11-10,-0.05996788151573435,0.13582715100885356,-0.09105165257624645
2022-11-11,-0.05996155330723911,0.13642865433174114,-0.09100232494423358
2022-11-15,-0.059126023548862344,0.13669831796645435,-0.08654669861053214
2022-11-16,-0.05887051391218619,0.13601726093773028,-0.08944437921869562
2022-11-17,-0.05865914115572733,0.13630596283794066,-0.09037700421421083
2022-11-18,-0.05738912536219436,0.13557383837921522,-0.08864321912506849
2022-11-22,-0.05740631521078436,0.13506444117347427,-0.08698112248880946
2022-11-23,-0.057320758264812866,0.13451863089736338,-0.08809754639570569
2022-11-24,-0.056558298518387104,0.1336866778026802,-0.09297511084012892
2022-11-25,-0.05674997242066892,0.13318512917837633,-0.09373057334776373
2022-11-29,-0.05668975825545996,0.13339438691542138,-0.09339257340160984
2022-11-30,-0.055714271119789646,0.133234319313838,-0.09277285393901732
2022-12-01,-0.051780186624035156,0.1326075231278121,-0.09128164995401528
2022-12-02,-0.05164115456961064,0.1331582577451385,-0.09166369317222652
2022-12-06,-0.05160506025305975,0.13319351233753107,-0.0929843707841967
2022-12-07,-0.051229973518757715,0.133695258535446,-0.09437640865712597
2022-12-08,-0.05143929397821202,0.13500512115883356,-0.09404352104389266
2022-12-09,-0.05154097967852734,0.13451593922171434,-0.09384539997673155
2022-12-13,-0.049014558882469195,0.13496737244522544,-0.0970665968287429
2022-12-14,-0.048826968773612325,0.13505327530102224,-0.09717533556542066
2022-12-15,-0.03833482794587286,0.1317087631535377,-0.09962843556201594
2022-12-16,-0.040421576096534836,0.13119519042409614,-0.10149699803536122
2022-12-20,-0.04181228059118239,0.1304571191427719,-0.10228008167538298
2022-12-21,-0.038975195566297305,0.13078641053692483,-0.09971180497788452
2022-12-22,-0.038841193595616996,0.13070292843372677,-0.10084903315643422
2022-12-23,-0.03871281726923375,0.13010425535277476,-0.1017782372590858
2022-12-28,-0.03882847040457922,0.12946381186825553,-0.10137223181553875
2022-12-29,-0.04073418155074643,0.12922490575554585,-0.10284237927688689
2022-12-30,-0.04198765428599906,0.12882146443923068,-0.10250863290049056
2023-01-03,-0.04079834674097403,0.12835143671467644,-0.10779057672261796
2023-01-04,-0.03905100011166162,0.1276338070337613,-0.11760417696357296
2023-01-05,-0.03902124822498718,0.12740715066195657,-0.11634491525640325
2023-01-06,-0.03733381221233905,0.12620119311730416,-0.11675941492469506
2023-01-10,-0.03701910519055722,0.12709932521004041,-0.1175577632162882
2023-01-11,-0.03573486543838856,0.1273991629534808,-0.1203565483902249
2023-01-12,-0.03522276943451242,0.1274730748206573,-0.12332950784094822
2023-01-13,-0.0341707373385072,0.12740355196819786,-0.12384065759938961
2023-01-17,-0.035241838077623544,0.127058933026713,-0.1216969876602376
2023-01-18,-0.034530697000037094,0.12698959414190913,-0.12060894494479002
2023-01-19,-0.033331201855445934,0.12540787778029663,-0.13078810410153907
2023-01-20,-0.033668766192378956,0.1251367265877477,-0.1310720431140904
2023-01-24,-0.03357155662716386,0.12560295372366526,-0.13126844770984092
2023-01-25,-0.0335015406167905,0.12606619078713296,-0.1314758517700531
2023-01-26,-0.03311168654153721,0.12642049026959645,-0.13162490885289743
2023-01-27,-0.03301414711162046,0.1262958988529584,-0.1317556683380155
2023-01-31,-0.03290434457927804,0.12622628680352083,-0.13210196431052731
2023-02-01,-0.03289738063828003,0.1262699842732305,-0.1323232931662599
2023-02-02,-0.030802011291759152,0.12212000031001931,-0.14621209952431466
2023-02-03,-0.030613660101820695,0.12176253747927474,-0.14658542356741727
2023-02-07,-0.03068245787659146,0.12172855266277968,-0.14705349812053983
2023-02-08,-0.030663329306075286,0.12148657335468477,-0.14821548525669007
2023-02-09,-0.02905345019004864,0.12012328963657444,-0.14587347718482874
2023-02-10,-0.028606058824116324,0.1166712775897689,-0.14665422958976004
2023-02-14,-0.029808787825475774,0.11642831714103871,-0.14711405065733765
2023-02-15,-0.029664133966875644,0.11650484594219357,-0.1468266576117876
2023-02-16,-0.029499555433138303,0.1179433488532079,-0.14768956645963782
2023-02-17,-0.029500488083287285,0.1174433455522001,-0.14860691195675774
2023-02-21,-0.029821695395594584,0.11700131540129258,-0.14960565350781177
2023-02-22,-0.029803349250998454,0.11568238476027035,-0.14977111170064494
2023-02-23,-0.029730818998649343,0.11552817436872903,-0.14989063935385283
2023-02-24,-0.029422073278506145,0.11438008124079947,-0.15120889642262036
2023-02-28,-0.02912120841631964,0.11463360114077596,-0.15729196134585635
2023-03-01,-0.03160047931495997,0.11493244794312882,-0.1588018961295997
2023-03-02,-0.03186177174689738,0.11419468349659713,-0.1583443390981662
2023-03-03,-0.03168243108879651,0.11356284009639989,-0.15896436176467477
2023-03-07,-0.03200560968998788,0.11333417828395988,-0.15727842572526346
2023-03-08,-0.030956211472665102,0.11607857727056367,-0.15715736288162263
2023-03-09,-0.032131608079229455,0.11604931134129748,-0.15789333504740866
2023-03-10,-0.03357250162087118,0.11456188430669871,-0.1577630082913233
2023-03-14,-0.03244471127188948,0.11287955417752012,-0.16142311555047872
2023-03-15,-0.03213138157942065,0.11370560218642892,-0.16032766962614445
2023-03-16,-0.0320634577123552,0.11331708185541524,-0.16114572690774234
2023-03-17,-0.03264181136456332,0.11346112196875129,-0.16136783846279532
2023-03-21,-0.03232547857579765,0.1123497579099343,-0.15800369492709057
2023-03-22,-0.03223313341641687,0.1122904787718899,-0.158819957427812
2023-03-23,-0.032099616735873464,0.1119779286050938,-0.15765791579662447
2023-03-24,-0.03228124544357592,0.11264433077190283,-0.15648615038111044
2023-03-28,-0.033373569715084164,0.11292547412233547,-0.15415423930454342
2023-03-29,-0.03025734092521698,0.11485713651827986,-0.15797591817678164
2023-03-30,-0.031236326323561228,0.11510357733350701,-0.15849424099932036
2023-03-31,-0.030566462587467515,0.11180153940094768,-0.16318872510797242
2023-04-04,-0.031018099848594386,0.11203528510825021,-0.16457403094706913
2023-04-05,-0.030359660148087938,0.11125092004387396,-0.16534073039596658
2023-04-06,-0.030639252904751023,0.1124193112391733,-0.16499281527538084
2023-04-12,-0.030680248131195437,0.112006007387867,-0.1649119262053683
2023-04-13,-0.030667244643866245,0.11239049259919898,-0.16326331923443074
2023-04-14,-0.03030166529344435,0.11247681538863327,-0.1630226820607804
2023-04-18,-0.030945128930122585,0.11125475720726112,-0.16512353984846434
2023-04-19,-0.030627146676546584,0.11035156728105766,-0.1644815873223259
2023-04-20,-0.030727661171428597,0.10650906321429195,-0.16635598895663292
2023-04-21,-0.031110158734380937,0.10630348309815735,-0.16828312826230493
2023-04-25,-0.03116214326966639,0.10532275502087869,-0.16837460369880322
2023-04-26,-0.0316030965116604,0.10272416551688941,-0.16926185026212925
2023-04-27,-0.03200281779793368,0.10279893202769833,-0.17118353523086824
2023-04-28,-0.0318191133400882,0.10632913764394855,-0.17327742478525415
2023-05-03,-0.0320147690556788,0.10542066109721666,-0.17244484403666446
2023-05-04,-0.0324363466227659,0.10537804329148125,-0.17468363206998716
2023-05-05,-0.03221425314323979,0.10567159025811544,-0.17382451257879428
2023-05-09,,0.10623513308231386,
2023-05-10,,0.106673966694856,
2023-05-11,-0.03353420645842072,0.1069638630807389,-0.17302189290354839
2023-05-12,-0.03449134031339535,0.1071016847097653,-0.17312499248095578
2023-05-16,-0.035916223137769786,0.10640795225679572,-0.17153452937110378
2023-05-17,-0.03549506532787977,0.10538967355556007,-0.17335302892979934
2023-05-18,,0.10569348516258949,
2023-05-19,,0.10410411559823712,
2023-05-23,-0.03463287050569034,0.09490881131862634,-0.1734702746324595
2023-05-24,-0.03726797868827805,0.08481789046630121,-0.17712092831295287
2023-05-25,-0.03893591642168425,0.07613098252259866,-0.18307131150389044
2023-05-26,-0.03850654545370045,0.07492785053244279,-0.18202952844414858
2023-05-30,,0.07408027626603493,
2023-05-31,-0.03951231337346922,0.0706463642380428,-0.19001460831596265
2023-06-01,-0.03869234139982443,0.07360814786791658,-0.19032568560393873
2023-06-02,-0.039221219706572746,0.07334644901385465,-0.18939054688039023
2023-06-06,-0.03790809692655301,0.06808100325411483,-0.1911242105709083
2023-06-07,-0.037590044065041364,0.06867502856632374,-0.19189525855939601
2023-06-08,-0.03784054448065892,0.06908739804747742,-0.19011357808918927
2023-06-09,-0.03727280750093307,0.058774662948326374,-0.18974572952289592
2023-06-13,-0.03750984102888963,0.0582117971930327,-0.18858240910558374
2023-06-14,-0.037201911258700635,0.05775584113570307,-0.1884217406873701
2023-06-15,-0.04525604801580351,0.057741333024086246,-0.19533980343787954
2023-06-16,-0.03961536414113843,0.059552127331741506,-0.19954203492167571
2023-06-20,-0.0403942506685179,0.059374478077186245,-0.1942141547579981
2023-06-21,-0.04045297886755536,0.058951475224002584,-0.19461060134129168
2023-06-22,-0.04082781282451767,0.05344877892159704,-0.189536080303554
2023-06-23,,0.05139476324637496,
2023-06-27,-0.04022377104601365,0.05097502689283484,-0.18759674979906776
2023-06-28,-0.04003409973247331,0.05201712041379937,-0.19088265379609198
2023-06-29,-0.03958269682102703,0.05119726443683635,-0.2057008683274181
2023-06-30,-0.03638898155427949,0.04861668233088405,-0.20592305764686636
2023-07-04,-0.03678829352960338,0.04717139603418858,-0.20654248656518287
2023-07-05,-0.036618262415563825,0.048226371522514445,-0.208495185894996
2023-07-06,-0.029226219037514645,0.05084882272954888,-0.2189402615310514
2023-07-07,-0.02971052856418412,0.0509540277265082,-0.2232537729152324
2023-07-11,-0.029465843909190312,0.05204879795784416,-0.22347409723458708
2023-07-12,-0.030322956902939572,0.05315869208122399,-0.22433901708997123
2023-07-13,-0.027975810913175084,0.05416487639097498,-0.22478428615404403
2023-07-14,-0.02817249623642562,0.0548509279527891,-0.225330552671025
2023-07-18,-0.02775831372982248,0.05567894659198163,-0.2268375992674507
2023-07-19,-0.022617002388901693,0.05587072873979244,-0.218741322297178
2023-07-20,-0.02218227119294236,0.05532127004519709,-0.21402146354581286
2023-07-21,-0.022252118187914737,0.05489220676623649,-0.21422261484076177
2023-07-25,-0.02213222186769649,0.05481015555774583,-0.21539273138855147
2023-07-26,-0.02151628672638048,0.053547105829158066,-0.21255011508717986
2023-07-27,-0.019011987456364534,0.04944120903726527,-0.21460799255457078
2023-07-28,-0.019096746300319736,0.054872314901411985,-0.21447497122058032
2023-08-01,-0.02014864970022526,0.058440247916722775,-0.2170626642558535
2023-08-02,-0.019970792880956635,0.0597352504791123,-0.21924191962743023
2023-08-03,-0.019909208884930002,0.059659094012827374,-0.21807584118285353
2023-08-04,-0.019749786143775743,0.05668746281822832,-0.21786424422253475
2023-08-08,-0.020784714534879106,0.05454585470846665,-0.2204006540959195
2023-08-09,-0.02129186168759969,0.05577611127709445,-0.22050339529725502
2023-08-10,-0.017325757211669117,0.057359434894602816,-0.23023127787418943
2023-08-11,-0.01585279462944471,0.05778223569909874,-0.2296161503551637
2023-08-15,,0.05794304189543414,
2023-08-16,,0.05836571708765115,
2023-08-17,-0.0160717074953572,0.055633225983114404,-0.2332419275944669
2023-08-18,-0.01604673923344841,0.055173913634363206,-0.2335571676762213
2023-08-22,-0.01518605899491112,0.05150437885986182,-0.2348682887832855
2023-08-23,-0.01391189714681887,0.05271592490039372,-0.23547206553300057
2023-08-24,-0.015590454134805276,0.05225759596770317,-0.23670529128428855
2023-08-25,-0.014786756944199739,0.052119455351212096,-0.23699790298901302
2023-08-29,-0.011818399191008667,0.051673568502094966,-0.24063113760408877
2023-08-30,-0.01351967875469089,0.053360534800674486,-0.24724872424917382
2023-08-31,-0.013273189122847315,0.053938668390073,-0.24717553177287022
2023-09-01,-0.01104913580513134,0.05479554871741736,-0.24802114190969013
2023-09-05,-0.010024925857017943,0.055372702501175444,-0.24923382062416075
2023-09-06,-0.008239882464684413,0.0557325399389938,-0.25276788096146263
2023-09-07,-0.00847511297874605,0.04446696555887772,-0.256001566295052
2023-09-08,-0.008632010757216764,0.04548496492118319,-0.2555549032712995
2023-09-12,-0.008292390890890431,0.04451947312109919,-0.2538952103915034
2023-09-13,-0.008608147463729628,0.04466663607934744,-0.25415716240754094
2023-09-14,-0.005531579682869404,0.04857667617878675,-0.2556717109442605
2023-09-15,-0.006432554644429284,0.05234903081615202,-0.25409300196387197
2023-09-19,-0.0065009929789953316,0.05221774888032009,-0.2546794849224392
2023-09-20,-0.008733516177123918,0.055539146984531114,-0.25418146532172325
2023-09-21,-0.008140246043979716,0.05413430657502362,-0.26186185254580985
2023-09-22,-0.00933289139201357,0.05628647018050448,-0.2680422661353981
2023-09-26,-0.007502522093550582,0.052143667458818044,-0.28146402366167117
2023-09-27,-0.00442286224084628,0.04909735817348292,-0.2804670814034023
2023-09-28,-0.0033063309491955842,0.04612833151489507,-0.27280408607754947
2023-09-29,-0.006291565101953906,0.04672524296774688,-0.2798744841603491
2023-10-03,-0.0031562871982769333,0.049293112100209494,-0.2790731602968202
2023-10-04,-0.002604086922723273,0.04999938952036595,-0.2802679122429147
2023-10-05,-0.002635993128591453,0.05144254968356462,-0.2787617663654246
2023-10-06,-0.0006568273033637979,0.05076548387841367,-0.2764252891397685
2023-10-10,0.0018856169168000095,0.04916313149425489,-0.2822804428369402
2023-10-11,0.0020732463526155587,0.04931449760018006,-0.2837352319407409
2023-10-12,0.003567395474706329,0.049320347598531995,-0.27604608306826733
2023-10-13,0.00036127058344015265,0.05268608990880483,-0.2820686582067579
2023-10-17,-0.00020905835734257632,0.05239500714437668,-0.28435733409407965
2023-10-18,0.0017890163644395953,0.05081646010378448,-0.2891720732809589
2023-10-19,0.003505125402448032,0.04947948283183378,-0.28782357545371534
2023-10-20,0.00485006195186062,0.047608170506645946,-0.2861673115776222
2023-10-24,0.0030526017110474807,0.047582062724556166,-0.2871771451269436
2023-10-25,0.0051155322757181305,0.047885239471027956,-0.2928492709872418
2023-10-26,0.011420800788309492,0.04762893128547805,-0.30878923341831693
2023-10-27,0.010857567430374334,0.049128438324441706,-0.3088100237711539
2023-10-31,0.009803616646752963,0.04817424052607229,-0.30881000767145356
2023-11-01,,0.04771486587688854,
2023-11-02,,0.049170977133679475,
2023-11-03,0.0087185463339306,0.04965395945824681,-0.31405050768446763
2023-11-07,0.010154514585315055,0.05007832125160141,-0.3152393576667083
2023-11-08,0.01038393653599607,0.04979635474177056,-0.3134515380162986
2023-11-09,0.009347628496808855,0.04937905644427885,-0.31333284260520433
2023-11-10,0.010582101045219965,0.050570040562230155,-0.3200539524531659
2023-11-14,0.010188922943522123,0.05166383271504741,-0.3363884369835475
2023-11-15,0.00968639081177173,0.051674091479791726,-0.3367355160549187
2023-11-16,0.010234694439044387,0.051591171282980804,-0.335709529854479
2023-11-17,0.010572308410695022,0.04896192481061569,-0.33152420475825234
2023-11-21,0.00676889084925502,0.05155820075643852,-0.3350204914714289
2023-11-22,0.007270985784517972,0.052834826320985996,-0.3303971536303292
2023-11-23,0.010404490393381163,0.053131422025220566,-0.3263677678795065
2023-11-24,0.010485158850958217,0.049830148808743355,-0.32560137446112086
2023-11-28,0.010518698280366532,0.04962975017032251,-0.32552552544690005
2023-11-29,0.010643542579442757,0.04868746704852156,-0.3241793332437259
2023-11-30,0.010289751233358933,0.049648274927914286,-0.32467726308583356
2023-12-01,0.014166826858512128,0.04834419512250567,-0.30953459895340846
2023-12-05,0.012951866819861149,0.05297345209887532,-0.30931369292848837
2023-12-06,0.013034346231262386,0.052117881213523315,-0.31046374391063125
2023-12-07,0.013200260798459774,0.052624801575835004,-0.31130424933052603
2023-12-08,0.016088808648016862,0.04917405312370548,-0.31474710533231814
2023-12-12,0.01541811842399158,0.0517836230951707,-0.3193023935909234
2023-12-13,0.014508320490931592,0.05211344613444772,-0.32222790917334393
2023-12-14,0.01258814790756197,0.05758505204793291,-0.33091833764860845
2023-12-15,0.014852536580678241,0.056025458790337476,-0.33000151880883605
2023-12-19,0.01511904803352418,0.05663314991406763,-0.33003931244414897
2023-12-20,0.014958421337909771,0.05486993120443206,-0.3305788886665578
2023-12-21,0.014966183632616542,0.05337778370034826,-0.330557428077976
2023-12-22,0.015325535317540882,0.05484457370380466,-0.3291616309589966
2023-12-28,0.015105943738624315,0.05176357180599296,-0.3241749079769116
2023-12-29,0.014742700526742473,0.05296695743689869,-0.3220524178799444
2024-01-03,0.01631915557179004,0.05314481317314466,-0.3361434966273165
2024-01-04,0.015466385796425118,0.05297475203074422,-0.34464843567030856
2024-01-05,0.01857433768718291,0.05260698440921561,-0.3518620591902645
2024-01-09,0.018208085353316236,0.05225646373585252,-0.3613488418170481
2024-01-10,0.01950497920309403,0.050358440419579056,-0.37046402473853945
2024-01-11,0.021355662574818097,0.050867081739165744,-0.3792584266509617
2024-01-12,0.026456117337504515,0.04891709424448875,-0.37588035594591584
2024-01-16,0.027664922905189838,0.050443203981767964,-0.37237484966687867
2024-01-17,0.024608833784441245,0.04933855933855589,-0.3919995907514864
2024-01-18,0.02624422682130076,0.0501815077181385,-0.4073182812910656
2024-01-19,0.03282715010383012,0.04608768808351537,-0.40711082207169175
2024-01-23,0.03783109611349033,0.045744399328240905,-0.40206549196255026
2024-01-24,0.03800897985774946,0.0490041047408481,-0.4022931728154439
2024-01-25,0.04049122185999875,0.04932782175695862,-0.39719443482744726
2024-01-26,0.03877472159160888,0.047480395623204934,-0.4002104902287142
2024-01-30,0.03876926595249643,0.04662829814246319,-0.4031172122025182
2024-01-31,0.04142950731872729,0.051225199628744146,-0.4034605541609193
2024-02-01,0.04163979369205064,0.046582778777811785,-0.4040540975810116
2024-02-02,0.04228900223319787,0.048767659650598136,-0.40289083675401305
2024-02-06,0.03971972681662717,0.0479755577565415,-0.4014902360859477
2024-02-07,0.03895711071644193,0.05459066365918159,-0.4019890374752786
2024-02-08,0.03992101597757327,0.05423395764226784,-0.40381610112747157
2024-02-09,0.04427257556822026,0.05321038509009839,-0.408784789644793
2024-02-13,0.04395620997686567,0.05606362944095182,-0.40405054493935766
2024-02-14,0.044980133843531236,0.05665403972052671,-0.40301671395767574
2024-02-15,0.044659339255360364,0.05763857215408838,-0.40271922510610825
2024-02-16,0.04465370787338549,0.05868962557128177,-0.4068896547871033
2024-02-20,0.04505629669143501,0.0591061668543863,-0.400800494385316
2024-02-21,0.04691771758666803,0.059624550865296694,-0.39983557512449114
2024-02-22,0.04887238604252773,0.063852429450878,-0.399340980527367
2024-02-23,0.05580706323024351,0.06246382233250113,-0.3669226441416205
2024-02-27,0.056186716846151674,0.06299372917104251,-0.37167497837904756
2024-02-28,0.055026524135084215,0.06338793952707084,-0.38137668285984777
2024-02-29,0.05307017653326535,0.06331601222405471,-0.3748577268351575
2024-03-01,0.0531133395816595,0.06407169354201832,-0.37368759226831094
2024-03-05,0.05214907804909562,0.06360773420945331,-0.3787135994178881
2024-03-06,0.052550500667059574,0.06233102681983683,-0.38278039048826557
2024-03-07,0.053595907427537545,0.06526574387537748,-0.3815242166154745
2024-03-08,0.05333785151233493,0.06369649938815558,-0.3766026120771683
2024-03-12,0.05313927166541588,0.0635497172256257,-0.3727137721236206
2024-03-13,0.05327824717209037,0.06627595707239961,-0.37292134020897105
2024-03-14,0.049160552408742245,0.06423964598329182,-0.3741285795689278
2024-03-15,0.04585982968815973,0.0659867430272521,-0.38165706241311226
2024-03-19,0.04543096036830597,0.06344371677081352,-0.38180576353717305
2024-03-20,0.044715413529853934,0.0625706503857218,-0.38097356309067343
2024-03-21,0.048018514562138,0.061443483919924234,-0.37593582989050184
2024-03-22,0.049995501310630415,0.060645525957694096,-0.3772929616849549
2024-03-26,0.04960796188155435,0.05980265391728211,-0.37659951104535494
2024-03-27,0.04627164013414213,0.059494230334814414,-0.37254748078436595
2024-03-28,0.046478541638572665,0.059859898898672985,-0.37255520854219426
2024-04-03,0.027393709597866772,0.06082209819331572,-0.3967042674762947
2024-04-04,0.03277112289092556,0.06145418637425814,-0.3972107725959932
2024-04-05,0.034250761565956696,0.06357827232182585,-0.3988924195341961
2024-04-09,0.031197009885523184,0.06098278245958704,-0.40702425050198193
2024-04-10,0.029964577471088417,0.05974558743572692,-0.4069422856391892
2024-04-11,0.028078754115500884,0.05763811655151809,-0.40762238495008757
2024-04-12,0.029189480462707543,0.05735801589858936,-0.4094064851065354
2024-04-16,0.045795255189296176,0.055447076522063495,-0.40080876162820583
2024-04-17,0.048146042826817274,0.05557662488137485,-0.40382985530239135
2024-04-18,0.047106516907065896,0.05808698179855807,-0.3960520274339761
2024-04-19,0.046332574619184407,0.05922533938516153,-0.37940783847538206
2024-04-23,0.04621337580777277,0.05705146583720574,-0.37910025252035634
2024-04-24,0.04348990194844052,0.05912633410682438,-0.38080387974762264
2024-04-25,0.04578295882940436,0.06149354186439745,-0.37807466049516797
2024-04-26,0.050656397813329895,0.0571655246503524,-0.36367359428708074
2024-04-30,0.05008935520055525,0.055982188116561936,-0.3570962117559652
2024-05-03,0.04717151006157184,0.055397748655447034,-0.35729208436702503
2024-05-07,0.05275156079602858,0.06283062795975947,-0.3692222332986638
2024-05-08,0.053179210487160525,0.06355486055115572,-0.37023643295698433
2024-05-09,,0.06349175530239276,
2024-05-10,,0.0645039518931051,
2024-05-14,0.05079515520040519,0.0682459108568137,-0.35043765696526785
2024-05-15,0.05302240567834726,0.07769940542678502,-0.35320095495509224
2024-05-16,0.052603869958037223,0.07808776950990418,-0.3525959639357093
2024-05-17,0.053165428005041364,0.07883949177642385,-0.35594939759444333
2024-05-21,,0.07960374485602266,
2024-05-22,0.05346939302588765,0.07874726815782103,-0.35545029152461105
2024-05-23,0.0531752828867733,0.07976590219438548,-0.3573842175572855
2024-05-24,0.05321536966010519,0.08079760309780497,-0.35785016379882756
2024-05-28,0.05230675234443852,0.08122854316709058,-0.3540810375736046
2024-05-29,0.051023014190392214,0.0784203285399066,-0.3287596962275381
2024-05-30,0.048836989178340805,0.0803939662631029,-0.3288117832712286
2024-05-31,0.04864125038592061,0.07892181723352469,-0.32803412572494095
2024-06-04,0.05001134492648894,0.08005228891004304,-0.32690307727024076
2024-06-05,0.045501370240906745,0.08356264084128893,-0.33458163524715273
2024-06-06,0.04537523939573143,0.08562766309978352,-0.33226293081099445
2024-06-07,0.0451565218360363,0.08486948370949154,-0.3291912041311216
2024-06-11,0.047350005231275936,0.08529390142775425,-0.3269934564663456
2024-06-12,0.048579448515362854,0.09022356679433993,-0.3192382980481122
2024-06-13,0.04695608533627839,0.09286924798562912,-0.31228083186187583
2024-06-14,0.04558565649614699,0.08963861110519973,-0.30392545645387736
2024-06-18,0.04795674074684395,0.08946369816441148,-0.29836741788923754
2024-06-19,0.04765181063041561,0.09087711213184091,-0.2982184569644098
2024-06-20,0.04560236046959111,0.09168534349229791,-0.2978063896243076
2024-06-21,0.045920112448476776,0.0927488639536664,-0.29077193510016963
2024-06-25,0.04953972767765968,0.09310867226073995,-0.2873738901575985
2024-06-26,0.04914281325145464,0.08862513349088535,-0.29164818893282735
2024-06-27,0.05096687336691385,0.08732223082923676,-0.2870284506696871
2024-06-28,0.048598421287209634,0.08500143728156138,-0.28580645722171427
2024-07-02,0.0483104442795637,0.08489343925176468,-0.28674889575912604
2024-07-03,0.05074708780469693,0.09068615413620222,-0.28719765663006175
2024-07-04,0.05369581488477665,0.08858333766077345,-0.2868311549208313
2024-07-05,0.05246237824209178,0.09038162216754955,-0.28619041041307747
2024-07-09,0.045305531881937,0.091236220997235,-0.2940079588078683
2024-07-10,0.04541862806157467,0.09110204825169387,-0.29591504238097566
2024-07-11,0.04693235786295891,0.09218849314680651,-0.2998402283672756
2024-07-12,0.044358485671457795,0.09222732991514658,-0.31343192701667016
2024-07-16,0.044984338463217234,0.09209590053694018,-0.3159368214005621
2024-07-17,0.04802633473705033,0.09275228099429507,-0.3118537657438657
2024-07-18,0.05149940822327788,0.0932270075844163,-0.3215767294714206
2024-07-19,0.05313514147774076,0.0941942505515644,-0.32681746134925604
2024-07-23,0.053510731436093036,0.09491488198576362,-0.3230252570061062
2024-07-24,0.0550922640210162,0.09576239004217763,-0.31807404525655086
2024-07-25,0.05945863888927226,0.09638240109042039,-0.3016428636995121
2024-07-26,0.057541452208324156,0.09840674387931321,-0.29884448067223973
2024-07-30,0.057394745760134674,0.09792335226076997,-0.2921104841316661
2024-07-31,0.058564526681364276,0.09847649564200617,-0.2933730394087343
2024-08-01,0.05240972851083381,0.10012541977018286,-0.28410635545160584
2024-08-02,0.0726832753374013,0.09830169456297594,-0.2675198041387007
2024-08-06,0.07550368309155386,0.09877164354619093,-0.26741011656433133
2024-08-07,0.08128200334702981,0.09926489469810877,-0.26398827548462345
2024-08-08,0.07955319738238648,0.09919602729105266,-0.2665046917838727
2024-08-09,0.0819954799622962,0.10122633490817484,-0.2632256208603074
2024-08-13,0.08276684251452852,0.10185441165620103,-0.2635609412913199
2024-08-14,0.08400678213899837,0.10073822431321434,-0.26312203063796125
2024-08-15,,0.10569504040813475,
2024-08-16,,0.10878671183116574,
2024-08-20,0.08606902365177509,0.1080587558009531,-0.27237569271245715
2024-08-21,0.08547283506163676,0.10601513022645606,-0.270622667140978
2024-08-22,0.08612937749398203,0.10863832576820513,-0.2675282806039866
2024-08-23,0.08456667440074156,0.10752601923637489,-0.26689492574293094
2024-08-27,0.08467806667000931,0.10645306392098063,-0.26877161830373525
2024-08-28,0.0862457284383071,0.10537099467055093,-0.2704057750215311
2024-08-29,0.08246045263300632,0.10673455597355068,-0.270569838255812
2024-08-30,0.08133379973133058,0.10721509744705245,-0.26974981229618333
2024-09-03,0.07985173539589525,0.10813079892161445,-0.2701079119908212
2024-09-04,0.079717478524815,0.10922095467448766,-0.273668122962681
2024-09-05,0.07579254642699904,0.10981256376384631,-0.2714717599300247
2024-09-06,0.07530571828101178,0.11026192776261227,-0.27829202628904515
2024-09-10,0.07550622925792519,0.10908383941227298,-0.28570167591829876
2024-09-11,0.07597706155014138,0.1092021295747481,-0.2862734186907268
2024-09-12,0.07634045530474057,0.10934212189525447,-0.2846348324160555
2024-09-13,0.07652096453488832,0.10954674353093988,-0.28662926974884423
2024-09-17,0.07855797701254325,0.1102431962978636,-0.2885480919374285
2024-09-18,0.07975633761163567,0.1135696571237291,-0.2913976194690556
2024-09-19,0.0780262792018114,0.11521037068781893,-0.28642239246251167
2024-09-20,0.07261645324303284,0.11710088270993357,-0.29235591296625246
2024-09-24,0.07093599022805738,0.11687714719840274,-0.29671896637054307
2024-09-25,0.06987330661938192,0.11809024701149531,-0.2967419200488487
2024-09-26,0.07112377222643473,0.1215381232505433,-0.298246866404752
2024-09-27,0.07275108230942132,0.12173831230041414,-0.30821762497975774
2024-10-01,0.07294649579185393,0.1231667873313853,-0.3095323765972127
2024-10-02,0.07192858308481062,0.12380687461677875,-0.31022473153236674
2024-10-03,0.07445360963134907,0.12369211709250362,-0.3061392098134551
2024-10-04,0.07583672068044754,0.12309998513247145,-0.3125646373311366
2024-10-08,0.07670867239306876,0.1165793256394149,-0.31811990334283585
2024-10-09,0.0739002912217613,0.11539241700476426,-0.3175160691453244
2024-10-10,0.07342989850252138,0.11525493522592137,-0.3176672477581157
2024-10-11,0.07379030663582786,0.1134986634567874,-0.3196578982871926
2024-10-15,0.07345013426929276,0.11430825969215803,-0.32195467440119263
2024-10-16,0.07458068553592885,0.11505882123284213,-0.31857620502740747
2024-10-17,0.07415254738859711,0.11624616686390458,-0.33672220832603617
2024-10-18,0.07420482103819366,0.11600807406061939,-0.33856279830863306
2024-10-22,0.076896145086137,0.1161019246753303,-0.3384939195114243
2024-10-23,0.08231101810096575,0.12460326304050244,-0.3355159182252476
2024-10-24,0.07861337755361864,0.12355453489609247,-0.3307226855248272
2024-10-25,0.07802129610666686,0.11920935904090654,-0.3296880320983519
2024-10-29,0.07806131484118402,0.11452080281555928,-0.3225741904863406
2024-10-30,0.07226363921683299,0.11842072905947006,-0.32453340116757406
2024-10-31,0.07634202689627494,0.11448524559152098,-0.3269602902483174
2024-11-01,,0.11289698665583116,
2024-11-05,0.07610446813270902,0.11320548179634828,-0.3262294745191091
2024-11-06,0.07633790938164463,0.11121888769341391,-0.3244942586167044
2024-11-07,0.07540914342438663,0.10802871378027849,-0.33570049775695376
2024-11-08,0.07336541015564596,0.1067110891745242,-0.3386243646525157
2024-11-12,0.07386453740863218,0.10904755404760594,-0.34399030286643967
2024-11-13,0.0747767148723809,0.11535043885016882,-0.34863513438450344
2024-11-14,0.06917375102686796,0.12143285688415335,-0.3427555993088857
2024-11-15,0.07135253996943278,0.12583491624197782,-0.34381702490420735
2024-11-19,0.06952485565865281,0.12748327682086388,-0.3433744973343194
2024-11-20,0.06874965928798898,0.1285519672495911,-0.34342451519450784
2024-11-21,0.06944908782889075,0.1278793609194766,-0.3418582861920885
2024-11-22,0.07006579946440948,0.13051248503862387,-0.33875664989303794
2024-11-26,0.0704141984180886,0.12545339441562603,-0.3422802249460328
2024-11-27,0.07173651845886775,0.1254975568241515,-0.33920092880018726
2024-11-28,0.0709235498725912,0.12753050282968828,-0.3406322914447104
2024-11-29,0.06935548943464237,0.12733806724613972,-0.34032088251466336
2024-12-03,0.06895924711655449,0.12451036877378785,-0.33645994986994565
2024-12-04,0.06945978628569108,0.12477306867758561,-0.337072038509233
2024-12-05,0.06878590721954686,0.12413555418987218,-0.33540610193165543
2024-12-06,0.0695487227366458,0.12505405693000815,-0.33444907818652403
2024-12-10,0.06797669945556792,0.12366045832134116,-0.33387784547566285
2024-12-11,0.06806329826853819,0.11894919699123153,-0.3337442164831591
2024-12-12,0.0677167345018771,0.11936769464038738,-0.33241361640488487
2024-12-13,0.06847212825307428,0.12027444815494366,-0.3328232799247523
2024-12-17,0.07048312157985255,0.11715894701148828,-0.3262443721329876
2024-12-18,0.07012887837797382,0.11486552258375853,-0.3273655558915136
2024-12-19,0.06206571818193932,0.11597897941663932,-0.3305602188554597
2024-12-20,0.06478077295060126,0.11622584363328507,-0.32988457471227506
2024-12-24,,0.11633567766395678,-0.33124886141048715
2024-12-31,0.0659388677113342,0.11650066716057542,-0.32436352137387364
2025-01-03,0.061351982692090114,0.11453940481809491,-0.3232011426655301
2025-01-07,0.06150875197962717,0.10841918966691859,-0.3223611709353835
2025-01-08,0.06158150102457243,0.10855298013331034,-0.32281588063831507
2025-01-09,0.06945431272687388,0.11096757491453159,-0.31574715484276844
2025-01-10,0.06820377650051929,0.110541035412577,-0.31284698108150444
2025-01-14,0.06752712967559321,0.1083212143014641,-0.30772379252270177
2025-01-15,0.06238377140937103,0.10832816641392007,-0.29391862756732356
2025-01-16,0.06286018079339976,0.1090468130891101,-0.29455311879792484
2025-01-17,0.06216173937041594,0.11179900732343473,-0.2967556047484928
2025-01-21,0.06837189858722234,0.1102560145599567,-0.2912209860720382
2025-01-22,0.06311440760978317,0.11191269688814884,-0.29401714140449287
2025-01-23,0.06204626625292036,0.11492683388563618,-0.2971520114405698
2025-01-24,0.06257338212074942,0.11636232484087566,-0.2980275291373681
2025-01-28,0.059084557767948444,0.11771193423421483,-0.28917801060341336
2025-01-29,0.056107246102112436,0.11718869082628874,-0.28588345691654726
2025-01-30,0.053644523990142086,0.12280831091249897,-0.28372681196826893
2025-01-31,0.05430863166059618,0.12354111910285215,-0.28473072509091063
2025-02-04,0.05440999846681949,0.12314369922120631,-0.2808836172900961
2025-02-05,0.05363646864892495,0.12643968783241563,-0.2805047843137139
2025-02-06,0.06113494155728679,0.12690952394898772,-0.28469288272339954
2025-02-07,0.056458140448148224,0.1278060329494464,-0.2950003245556864
2025-02-11,0.05982140904375861,0.12623160255751528,-0.2913842649311369
2025-02-12,0.06286546317690743,0.12493256027137656,-0.2877321859052949
2025-02-13,0.058416783021243965,0.1278601757372301,-0.29103589193028634
2025-02-14,0.05325188918554072,0.12290452713926155,-0.28974856654251363
2025-02-18,0.05661062397643714,0.1234689813204785,-0.28930088142012633
2025-02-19,0.059191353930904876,0.1250143314387978,-0.28457306814923866
2025-02-20,0.060798372800728855,0.12594405442494722,-0.28518865111613034
2025-02-21,0.06322598023320196,0.12759706378198407,-0.282663030380903
2025-02-25,0.06433682319529696,0.128241184923493,-0.28182554009088306
2025-02-26,0.07155938482713711,0.12699572174951868,-0.27039117480728025
2025-02-27,0.08034061564597578,0.1264048678503605,-0.22066428590258755
2025-02-28,0.09147574755754789,0.12649190183767142,-0.2196819936428711
2025-03-04,0.09152791502424325,0.1291428444570569,-0.21603529679449662
2025-03-05,0.08928133757229391,0.12893104101176406,-0.20596874999186704
2025-03-06,0.08883956037470002,0.1248167998258698,-0.20050363375688757
2025-03-07,0.08767013347915001,0.12455875487908258,-0.19887783288922908
2025-03-11,0.08774596482384503,0.11413116620349895,-0.19354534517076702
2025-03-12,0.0901025294472702,0.11853428619625611,-0.19521850724308493
2025-03-13,0.09026367612823699,0.11838430350568574,-0.1946199084228092
2025-03-14,0.0905879612536196,0.12432379328636929,-0.18834149636592978
2025-03-18,0.09227188581623137,0.12419288960944226,-0.1908550906523274
2025-03-19,0.0933338888489054,0.12560879844758874,-0.21196791372021376
2025-03-20,0.09533864930034308,0.11959738098708456,-0.21333797726037734
2025-03-21,0.09849828278868451,0.11926285114632619,-0.21310862226160185
2025-03-25,0.09818104850058094,0.11884830994988113,-0.21209837882821647
2025-03-26,0.09593838828556442,0.11879263214113979,-0.2110834758243699
2025-03-27,0.09477099645294478,0.1191524049733797,-0.21217081642563682
2025-03-28,0.09485692709573033,0.11926843115442286,-0.2149769898557657
2025-04-01,0.09815744987828151,0.1181726462743,-0.1762517770595444
2025-04-02,0.1119229423618718,0.11795136363983462,-0.17282823398782743
2025-04-03,0.10074551466731263,0.11178395896345121,-0.15831529172855793
2025-04-04,0.06625624470831025,0.0879020900463522,-0.09889905376598972
2025-04-08,0.09446446802087989,0.0997779075947324,-0.09140863702252278
2025-04-09,0.13961780582551997,0.10230862091244565,-0.07565127188043874
2025-04-10,0.13979588803379733,0.10012508439771521,-0.053642858706513204
2025-04-11,0.13752069001717385,0.09794363900182307,-0.053793167980593776
2025-04-15,0.1419153178325906,0.10396004863235633,-0.03695868553865281
2025-04-16,0.14018624832191132,0.10385461963897591,-0.041209507323465636
2025-04-17,0.14034945260337173,0.10542229542996595,-0.0410119408236039
2025-04-23,0.138488870752377,0.10591533082229661,-0.03980468827057894
2025-04-24,0.13735394947517765,0.10562186221110538,-0.03748497527887371
2025-04-25,0.13700622475374827,0.1071170122984747,-0.03743691922057242
2025-04-29,0.1381276961555954,0.10376117481402534,-0.04204118860386462
2025-04-30,0.1316448409867397,0.10128529217058244,-0.03694542346909607
2025-05-06,0.13114023760646376,0.10317009538259869,-0.026704137543708817
2025-05-07,0.1353824417821262,0.1030216703353877,-0.02847725207406349
2025-05-08,0.1332509341397574,0.10319644627319932,-0.032674680991966264
2025-05-09,,0.1037559430225912,
2025-05-13,0.13362044785114863,0.1028683641050952,-0.037282691918814566
2025-05-14,0.1321551234990106,0.10415142414422958,-0.04000249851241863
2025-05-15,0.13163809689273603,0.1034441791693533,-0.03690279889592283
2025-05-16,0.13104896718086786,0.10384145662813109,-0.028593961081719296
2025-05-20,0.13294192611785496,0.10116562988280543,-0.025095280176521177
2025-05-21,0.1318805195234032,0.10035291589588052,-0.026937369034852155
2025-05-22,0.1312919557284103,0.10029427064558873,-0.02853185747665208
2025-05-23,0.12942433121625113,0.10038003822270272,-0.030687021948293473
2025-05-27,0.1282514627347499,0.10016473796540815,-0.03637939004225963
2025-05-28,0.12843474726858525,0.09988097211554144,-0.03615216977874169
2025-05-29,,0.09934978780489906,
2025-05-30,,0.09523353645605656,
2025-06-03,0.1293052541671377,0.09702756120824685,-0.037395629955961275
2025-06-04,0.1281179273006956,0.09739560510305313,-0.0390317558791478
2025-06-05,0.12896890949462383,0.09711257999584359,-0.03828567501762515
2025-06-06,0.1314930177626241,0.09805560296677097,-0.039723637092546345
2025-06-10,,0.09765841740908217,
2025-06-11,0.13256632472648874,0.09710473106157956,-0.03777263958303765
2025-06-12,0.13320284093440232,0.09805833237186902,-0.04035370424697295
2025-06-13,0.13265202650638003,0.097319405115177,-0.041820162262970896
2025-06-17,0.13278590982785907,0.09695158220043062,-0.03962508140111348
2025-06-18,0.13238243507690178,0.09726430603220407,-0.03823786447328702
2025-06-19,0.13077509199008974,0.0973879507832347,-0.036000603778376807
2025-06-20,0.13124865482746817,0.09892152690403846,-0.0362152507515792
2025-06-24,,0.09909886762122957,
2025-06-25,0.13092967373279343,0.09946197809192515,-0.033211575862810004
2025-06-26,0.13138127413938133,0.09940851574074504,-0.03380983918379284
2025-06-27,0.13169446816835378,0.10112028633883327,-0.03375740393380969
2025-07-01,0.13051144122672093,0.10173003119025985,-0.03435729820360644
2025-07-02,0.13157695190767824,0.10249210274489683,-0.03002586807367431
2025-07-03,0.131627157334754,0.10429203283391132,-0.025724937338927913
2025-07-04,0.13252105212243392,0.10424128260975689,-0.0254160314401803
2025-07-08,0.1321672054065056,0.1042668599642874,-0.02742411307386179
2025-07-09,0.13356442228707371,0.10477164694368467,-0.027302248603516283
2025-07-10,0.13353732650536504,0.10462236226241277,-0.025970662777210926
2025-07-11,0.1377239500391914,0.1044245280353048,-0.026716462174311003
2025-07-15,0.13635110055772268,0.10474543218067202,-0.02782462646312559
2025-07-16,0.13688667245824573,0.10571029184476073,-0.02763923085763201
2025-07-17,0.1371748927235654,0.10702109312610834,-0.017682871451039875
2025-07-18,0.13276553606789582,0.10955204451041121,-0.016734499393197797
2025-07-22,0.1311997711736343,0.10971349096463404,-0.017607022474493528
2025-07-23,0.13155872590773496,0.1090760236792651,-0.017416630803951182
2025-07-24,0.12907386564082846,0.1075836578513796,-0.015872590092471234
2025-07-25,0.12932864432323407,0.110585595406414,-0.014888855822760743
2025-07-29,0.12930045990634953,0.10948100909564157,-0.012651714589371778
2025-07-30,0.13024031121788726,0.10675134499833519,-0.00798838515941328
2025-07-31,0.13289296475208812,0.11254921429269381,-0.009523013165012025
2025-08-01,0.13207808391140924,0.11528172459407955,-0.009316980166531472
2025-08-05,0.13229088855065813,0.11592882542252143,-0.007987944588086923
2025-08-06,0.13389533972786663,0.11870441149904602,-0.0056177303807927546
2025-08-07,0.1317663908960983,0.1192423158627186,-0.008148823547328755
2025-08-08,0.12390760402143233,0.11964711822595374,-0.005923628740085996
2025-08-12,0.12467414556584075,0.1194598731927729,-0.0054678236919570335
2025-08-13,0.1248286037673859,0.11700622506327149,-0.006586766072227814
2025-08-14,0.1244760550663622,0.11356030077507415,-0.007567977201184186
2025-08-15,,0.11277565696076258,
2025-08-19,0.12400081841144166,0.11170073818219858,-0.008972279423795625
2025-08-20,0.12373338527966844,0.11090039405285747,-0.007827259537175576
2025-08-21,0.12009578210323618,0.11224173672760572,-0.014820683129867838
2025-08-22,0.11410403992090148,0.113066993306334,-0.015506160083020595
2025-08-26,0.11440628069042953,0.1128562624584221,-0.014141364056537403
2025-08-27,0.11609223378241433,0.11205692856635868,-0.004594462007757819
2025-08-28,0.11346098310333597,0.11539034307949589,-0.004982989363194663
2025-08-29,0.11280514357295138,0.1181890289063591,-0.00579565661337267
2025-09-02,0.11261000498827368,0.12044783058536969,-0.0012994105398311286
2025-09-03,0.1128554601997122,0.1211417116022108,-0.0036400120316129434
2025-09-04,0.11170859851964281,0.1175727686556935,0.0029022266051666095
2025-09-05,0.11243230858826296,0.11654848965310571,-0.0006209995037633451
2025-09-09,0.11172105286284345,0.1172521020285184,0.0008587715985829158
2025-09-10,0.11199416641165597,0.11630461967825803,0.0014522369088337899
2025-09-11,0.1118670749917874,0.11295196988577207,-0.0009100841377429037
2025-09-12,0.11388973665229536,0.11195925334609476,0.006580133552605131
2025-09-16,0.11419498678617095,0.11108162709865292,0.009800467665876573
2025-09-17,0.11585063998495937,0.11252495539315398,0.009461114891635347
2025-09-18,0.11317240024164325,0.1137631527494433,0.006455213732832483
2025-09-19,0.11197644249138684,0.11601369813535117,0.005945513945202183
2025-09-23,0.1147910606305333,0.11532888647103433,0.005726440808949292
2025-09-24,0.11371224342039456,0.11484174935316294,0.004993252757249891
2025-09-25,0.11375364101425511,0.1155764467195134,0.002127619047913023
2025-09-26,0.11082439925783795,0.11251088622638454,0.002161552748610188
2025-09-30,0.11116288585046476,0.11263292872856247,-0.0010633565935574609
2025-10-01,0.11157772276365996,0.1164374799673028,-0.01301903666456522
2025-10-02,0.1139489845822257,0.11641285539715088,-0.02279582968685934
2025-10-03,0.11154891360900455,0.11810757467365496,-0.02494819899134214
2025-10-07,0.11164843486790349,0.11793576223958394,-0.024108323913280678
2025-10-08,0.11424264671342377,0.11465562084825764,-0.02394076371359573
2025-10-09,0.11311227073175832,0.11239041117655532,-0.026858150311387725
2025-10-10,0.116003283315712,0.11195140111718481,-0.02412812266682956
2025-10-14,0.11696377616785389,0.11211218633883885,-0.021042379306323414
2025-10-15,0.11662388388732789,0.11242743559789724,-0.027130157585023965
2025-10-16,0.1170882775697611,0.11247582600056026,-0.027688995137370144
2025-10-17,0.12176423256421137,0.11274931932792227,-0.02646007612698486
2025-10-21,0.1193201987530271,0.11199139473409503,-0.026481235904487147
2025-10-22,0.11789731695668326,0.11086838265610625,-0.02837425235787844
2025-10-23,0.11787783629014695,0.11337829589221517,-0.02764570641790827
2025-10-24,0.11962439241039419,0.1125712556660622,-0.02108062822848049
2025-10-28,0.12078861378023377,0.11251146637626132,-0.017045909839815267
2025-10-29,0.12179097087707011,0.11354033178925946,-0.018471028211308686
2025-10-30,0.12501090410513357,0.11377316766722011,-0.01847946240083648
2025-10-31,0.12499186827163361,0.11402006431794133,-0.021564635723421093
2025-11-04,0.12248308478492818,0.11690317096048615,-0.020860251555281237
2025-11-05,0.12089394669282755,0.11647210697174575,-0.013298164445435244
2025-11-06,0.1197382463475898,0.11649055108094394,-0.012198052328545596
2025-11-07,0.119935635712885,0.1178851199643943,-0.013228703064702372
2025-11-11,0.11847034605360698,0.11885692582001271,-0.020436310432310895
2025-11-12,0.1141070540270238,0.12332796743294681,-0.023009584017362902
2025-11-13,0.11504837472526441,0.1251114044612951,-0.029800411434299127
2025-11-14,0.11797711667825742,0.12504608556677038,-0.028407280680272998
2025-11-18,0.12363559510011783,0.12414919438431155,-0.04151641917828472
2025-11-19,0.1297966705545609,0.12443812147294112,-0.0539866389552429
2025-11-20,0.11142247177910088,0.12366511938143919,-0.054389272014185
2025-11-21,0.1081430296590957,0.12437269478541722,-0.05828362909272913
2025-11-25,0.10183033802671698,0.12301929234000065,-0.058736628659112236
2025-11-26,0.10430266865178009,0.12573219009213793,-0.06028351523289744
2025-11-27,0.10150214777674894,0.1251419020070037,-0.0591614157794367
2025-11-28,0.10070854027126985,0.12482570942410398,-0.05918115781494219
2025-12-02,0.09929601360800873,0.12465659276123912,-0.058276609387999646
2025-12-03,0.09916275104092148,0.12456233291576457,-0.06128063150395369
2025-12-04,0.09968366424868959,0.12252180539517045,-0.06129990513652336
2025-12-05,0.0996726178833913,0.12206030973772238,-0.060799188826752434
2025-12-09,0.10179974519709722,0.12168616025288319,-0.06076729201105679
2025-12-10,0.10174802258867953,0.12250745804850445,-0.062388613154557966
