date,core
2021-02-01,0.01034365548848415
2021-02-02,0.01739138783704619
2021-02-03,0.0004124164827381538
2021-02-04,0.007453506897465267
2021-02-05,0.002935147258277704
2021-02-08,0.0030686555338577115
2021-02-09,-0.00018033831646158127
2021-02-10,-0.002963959746071776
2021-02-11,0.004002227881334086
2021-02-12,0.002192511134960551
2021-02-15,0.0066127982857371315
2021-02-16,-0.0022178336909869367
2021-02-17,-0.003991541519604236
2021-02-18,-0.0045497129490112975
2021-02-19,0.0028222793354477638
2021-02-22,-0.006863998907469138
2021-02-23,-0.007210588933532769
2021-02-24,0.008788680480782629
2021-02-25,-0.007888985296075623
2021-02-26,-0.006673397401655845
2021-03-01,0.015874439305296528
2021-03-02,-0.004532547194405101
2021-03-03,-0.002437475519506793
2021-03-04,-0.006391160323957146
2021-03-05,-0.008366860093064088
2021-03-08,0.024524542270004224
2021-03-09,0.004474902958639504
2021-03-10,0.0024566520020345983
2021-03-11,0.005865143999202571
2021-03-12,-0.004328357162128427
2021-03-15,0.004914021768938959
2021-03-16,0.008357281905403635
2021-03-17,-0.006228719409274386
2021-03-18,0.002222207152755784
2021-03-19,-0.005548828563454733
2021-03-22,0.0024125858088375196
2021-03-23,0.002019888061047137
2021-03-24,-0.00045640011044945084
2021-03-25,-0.0027049177807504377
2021-03-26,0.0076081385451785
2021-03-29,0.002851262846027769
2021-03-30,0.003942924981543028
2021-03-31,0.0024302684536183783
2021-04-01,0.00400841766102622
2021-04-02,-4.428428390768069e-06
2021-04-05,-4.428427892277931e-06
2021-04-06,0.0064851125769556095
2021-04-07,-0.0037037237613458673
2021-04-08,0.004099047884651208
2021-04-09,0.001918052866052955
2021-04-12,-0.00046736883819997743
2021-04-13,0.001844853386527845
2021-04-14,0.00013337683944047996
2021-04-15,0.004526213823425884
2021-04-16,0.0021284129537830765
2021-04-19,-0.005869697841989985
2021-04-20,-0.011052122853564494
2021-04-21,0.007024401553773485
2021-04-22,0.005823313752457926
2021-04-23,-0.0026999710998345527
2021-04-26,0.0019761353881018184
2021-04-27,-0.0015149995013712392
2021-04-28,-0.0005454429047532239
2021-04-29,-0.002045158568973915
2021-04-30,0.00180362353732888
2021-05-03,0.0025965985281592996
2021-05-04,-0.009513173922487628
2021-05-05,0.011229842319199879
2021-05-06,-0.004846587298101279
2021-05-07,0.0053110785031809105
2021-05-10,-0.0011141746418595888
2021-05-11,-0.01636366804956857
2021-05-12,-0.0037459806495762082
2021-05-13,0.0014675115122957383
2021-05-14,0.007104414637254308
2021-05-17,-0.0035432182840859916
2021-05-18,0.00016650321830957715
2021-05-19,-0.012221523878003793
2021-05-20,0.012949737782807835
2021-05-21,0.004300023345926718
2021-05-24,-4.427491468117495e-06
2021-05-25,0.001496608590489945
2021-05-26,0.003049133655722791
2021-05-27,0.0022151668940060265
2021-05-28,0.0034323148914001678
2021-05-31,-0.005569003285651575
2021-06-01,0.00409496936466458
2021-06-02,0.0037419013810442436
2021-06-03,-0.0003339278342120444
2021-06-04,0.0026462251025689554
2021-06-07,-0.0012098967984216502
2021-06-08,0.0010292577177397622
2021-06-09,0.0018754020842941532
2021-06-10,0.002015767210399977
2021-06-11,0.005744714585730115
2021-06-14,-0.001092059397342915
2021-06-15,0.00048652993735753824
2021-06-16,0.002043849940162046
2021-06-17,0.007931308845781304
2021-06-18,-0.007622321618279138
2021-06-21,0.003498090578237134
2021-06-22,0.004533859794582096
2021-06-23,-0.002784181848262124
2021-06-24,0.005878501607714748
2021-06-25,0.0008384092870721283
2021-06-28,-9.201907570810519e-06
2021-06-29,0.003987730207681173
2021-06-30,0.0011563298234624764
2021-07-01,0.0021901463241915664
2021-07-02,0.005053491445134117
2021-07-05,0.0018014172866096523
2021-07-06,-0.0012797601391869584
2021-07-07,0.005964792597876967
2021-07-08,-0.011747212293858
2021-07-09,0.008920230621613179
2021-07-12,0.0033186495861212695
2021-07-13,0.00461972699283919
2021-07-14,-0.0031775531141956526
2021-07-15,-0.0026176791716840953
2021-07-16,-0.0026980821080780926
2021-07-19,-0.01531722535852087
2021-07-20,0.010867245476570586
2021-07-21,0.005964054355607429
2021-07-22,0.00432552905446304
2021-07-23,0.009194404217067742
2021-07-26,-0.001759671354915282
2021-07-27,-0.007421726119296923
2021-07-28,0.0056703214772499955
2021-07-29,0.0004147450409439646
2021-07-30,-0.0032823318743108176
2021-08-02,0.003240632982278724
2021-08-03,-0.0014490733938784528
2021-08-04,0.0037016120436326183
2021-08-05,0.0035706317423711553
2021-08-06,0.004303028524380803
2021-08-09,0.001289207644573409
2021-08-10,0.0029352326902805093
2021-08-11,-7.305132437418482e-05
2021-08-12,0.001825484186133819
2021-08-13,-0.0009668541748549808
2021-08-16,-0.0025406863436003846
2021-08-17,0.002257957676031097
2021-08-18,-0.00010736208492012622
2021-08-19,-0.00855344564071081
2021-08-20,0.005509575752155937
2021-08-23,0.005458849355080453
2021-08-24,0.0011847140454581684
2021-08-25,-5.031907952213199e-05
2021-08-26,-0.00358460977353503
2021-08-27,0.0030741819904360757
2021-08-30,0.0039298139162149415
2021-08-31,-0.0022121275151567588
2021-09-01,-0.0006310112537426527
2021-09-02,0.0021658872532919204
2021-09-03,-0.0016501333955499797
2021-09-06,0.005280563968466101
2021-09-07,-0.005049390673042553
2021-09-08,-0.0023485242540972617
2021-09-09,0.0021971250294017253
2021-09-10,-0.004733424742824344
2021-09-13,-0.0011295565783790984
2021-09-14,-0.0008890422792899866
2021-09-15,-0.002601322917408888
2021-09-16,0.003933352103413723
2021-09-17,-0.0023914696411801994
2021-09-20,-0.014577236589373155
2021-09-21,0.006710666440322699
2021-09-22,0.0042343042271149045
2021-09-23,0.00671464370248942
2021-09-24,-0.0027097350156676248
2021-09-27,0.0015104152823681716
2021-09-28,-0.01597568223853374
2021-09-29,0.00666243952637946
2021-09-30,-0.0019321042809808953
2021-10-01,-0.004659292788673497
2021-10-04,-0.01025044264730679
2021-10-05,0.014254091796076951
2021-10-06,-0.005930320727093541
2021-10-07,0.018023003323589526
2021-10-08,-0.004579781973981567
2021-10-11,0.0019629059140311433
2021-10-12,-0.00555420775289539
2021-10-13,-0.002026311961893179
2021-10-14,0.014194943747812827
2021-10-15,0.006431958521448289
2021-10-18,-9.152055346917098e-05
2021-10-19,0.003754646662178507
2021-10-20,0.0027691510734337843
2021-10-21,-0.0014542654488424178
2021-10-22,0.0013741606108261806
2021-10-25,0.005735030788707185
2021-10-26,0.005772124219218133
2021-10-27,-0.0032180802280313836
2021-10-28,-0.002281835464291615
2021-10-29,0.006474056215772128
2021-11-01,0.0017588412664226727
2021-11-02,0.004020748396296181
2021-11-03,-0.00014383057800304577
2021-11-04,0.009061860072316907
2021-11-05,0.004857791978980952
2021-11-08,-0.002340259389518984
2021-11-09,-0.00231328467315961
2021-11-10,0.002477020321631773
2021-11-11,0.0005852051472217124
2021-11-12,0.0053306666772290345
2021-11-15,0.0034933751653931644
2021-11-16,0.007429269295885055
2021-11-17,-0.0011628678920944102
2021-11-18,-0.0024673178382850214
2021-11-19,0.003878743358858072
2021-11-22,0.0034149506850345013
2021-11-23,-0.011506859593140906
2021-11-24,0.0066348387910846185
2021-11-25,0.002491764611511238
2021-11-26,-0.026714766307757487
2021-11-29,0.009883906564958522
2021-11-30,-0.010868509931418191
2021-12-01,0.009098629506731237
2021-12-02,-0.014184110508914327
2021-12-03,-0.0017419710810369082
2021-12-06,0.008961884322653102
2021-12-07,0.021739603566796717
2021-12-08,-0.007379659911341374
2021-12-09,0.0034615790978929084
2021-12-10,-0.0044317499327265475
2021-12-13,-0.0009266363556533763
2021-12-14,-0.008042293966527447
2021-12-15,0.0010311951261925412
2021-12-16,0.01067821087795262
2021-12-17,-0.006134773249591552
2021-12-20,-0.018538989322532506
2021-12-21,0.013869972295963207
2021-12-22,0.007459212383742031
2021-12-23,0.008245468974713566
2021-12-24,-4.435140423142414e-06
2021-12-27,0.004904453860291147
2021-12-28,0.004426941188390376
2021-12-29,-0.004019041113211497
2021-12-30,0.002733050538480164
2021-12-31,-4.4388207610657204e-06
2022-01-03,-0.0018374261201062891
2022-01-04,0.00424892448960823
2022-01-05,-0.002848104724332834
2022-01-06,-0.013031438242721127
2022-01-07,-0.005611351464790526
2022-01-10,-0.011110579650010277
2022-01-11,0.010173068243017225
2022-01-12,0.0036446679367825308
2022-01-13,-0.002326590326204414
2022-01-14,-0.010852327707069676
2022-01-17,0.005700802007559513
2022-01-18,-0.009092840812899627
2022-01-19,-0.0040541462435987885
2022-01-20,0.0072238784371037035
2022-01-21,-0.01838243335493217
2022-01-24,-0.03233597942245059
2022-01-25,0.009710918417836556
2022-01-26,0.014283577262840463
2022-01-27,0.0051026601982790964
2022-01-28,-0.009363639725620265
2022-01-31,0.014340753849378496
2022-02-01,0.006386891436644504
2022-02-02,0.0024353471005222893
2022-02-03,-0.017177077985453648
2022-02-04,-0.00899212476307698
2022-02-07,0.004179443663033577
2022-02-08,0.0031896171279375274
2022-02-09,0.012184294740054114
2022-02-10,-0.005751647686479067
2022-02-11,-0.0067843292989562265
2022-02-14,-0.007170711667925711
2022-02-15,0.006827940190657467
2022-02-16,-0.003427743096824032
2022-02-17,-0.002924273248565812
2022-02-18,-0.009349837396209315
2022-02-21,-0.009550954481585161
2022-02-22,0.0013075628310796894
2022-02-23,-0.0048637011224614835
2022-02-24,-0.009989057192529072
2022-02-25,0.025408876469705133
2022-02-28,0.006421404213404536
2022-03-01,-0.002846574325011675
2022-03-02,0.007749961412536477
2022-03-03,-0.002882866027315467
2022-03-04,-0.006874639564041551
2022-03-07,-0.004522680798568102
2022-03-08,-0.016318712321180984
2022-03-09,0.009515129770883313
2022-03-10,-0.008823658801829781
2022-03-11,0.010498374272053912
2022-03-14,-0.010929848399358066
2022-03-15,0.009649867012026192
2022-03-16,0.014620119613685922
2022-03-17,0.0028820606872963506
2022-03-18,0.013886079918074001
2022-03-21,0.0029730841388981855
2022-03-22,0.010047504232067128
2022-03-23,-0.002599095143518082
2022-03-24,-4.508329302077563e-05
2022-03-25,0.003862977428278347
2022-03-28,0.0021499528602135776
2022-03-29,0.0059098883942834135
2022-03-30,-0.003974625623184624
2022-03-31,0.00039026877453873787
2022-04-01,-0.004284626184728135
2022-04-04,0.009955423381369677
2022-04-05,0.0008636354649320666
2022-04-06,-0.015445216944216966
2022-04-07,-0.001698355290800757
2022-04-08,0.00946656308775462
2022-04-11,-0.01212486586106254
2022-04-12,0.0036116819273412926
2022-04-13,-0.0028974098243520485
2022-04-14,0.003727622061751701
2022-04-15,-4.434128712871299e-06
2022-04-18,-4.434128221042499e-06
2022-04-19,2.716435824190455e-05
2022-04-20,0.0026317153831432183
2022-04-21,-0.000883125489884562
2022-04-22,-0.02044674433974325
2022-04-25,-0.011989400459040622
2022-04-26,-0.0009234771465408409
2022-04-27,0.008016295052584832
2022-04-28,0.0027156407069279798
2022-04-29,0.0018188959554015227
2022-05-02,-0.01734525244081564
2022-05-03,0.010174318829106577
2022-05-04,-0.010135731589483665
2022-05-05,0.0022829687026011403
2022-05-06,-0.014203362238612627
2022-05-09,-0.020505179177373378
2022-05-10,-0.00454501777275973
2022-05-11,0.011590402923634668
2022-05-12,-0.005765716533256526
2022-05-13,0.018768617436677903
2022-05-16,-0.004468492768842092
2022-05-17,0.003467973577779171
2022-05-18,-0.011469443162870463
2022-05-19,-0.014446439042237635
2022-05-20,-0.0030946651859699026
2022-05-23,0.008042967784342103
2022-05-24,-0.017859151075897306
2022-05-25,0.014705386933320241
2022-05-26,0.012527911765302102
2022-05-27,0.016694838708494864
2022-05-30,0.00366125118063354
2022-05-31,-0.008574798703939956
2022-06-01,-0.0017706116651498016
2022-06-02,0.0010873553569616945
2022-06-03,-0.003270450041995887
2022-06-06,0.007012897747301627
2022-06-07,-0.00199481642794197
2022-06-08,0.0005855103433838327
2022-06-09,-0.009011617292743579
2022-06-10,-0.026674105194823716
2022-06-13,-0.02202382097196609
2022-06-14,-0.0074942642562028094
2022-06-15,0.008375872396280792
2022-06-16,-0.025276606586562944
2022-06-17,0.0009586187999066631
2022-06-20,0.0036647180921243194
2022-06-21,0.008724412971779616
2022-06-22,0.0008842630936460871
2022-06-23,0.001800236300695035
2022-06-24,0.020576898286409184
2022-06-27,0.0018399237596882223
2022-06-28,-0.0016591952378171015
2022-06-29,-0.004376235788953853
2022-06-30,-0.008011890861208903
2022-07-01,0.006794612594941185
2022-07-04,0.002733484544936937
2022-07-05,-0.0004304612199065305
2022-07-06,0.017515174897532182
2022-07-07,0.015677686304561345
2022-07-08,0.0032338779267826467
2022-07-11,-0.0024391946072266357
2022-07-12,0.002369481923365946
2022-07-13,-0.011870175487389223
2022-07-14,-0.009344193884076368
2022-07-15,0.016925522161053363
2022-07-18,0.002420084736749706
2022-07-19,0.0002776466857505877
2022-07-20,0.011352079127975978
2022-07-21,0.0022919092399653618
2022-07-22,0.001770115896410962
2022-07-25,0.0007617241775159656
2022-07-26,-0.0014432185210935256
2022-07-27,0.008059366797246614
2022-07-28,0.012796125115913437
2022-07-29,0.0078086155091687814
2022-08-01,0.0030108347076205355
2022-08-02,0.0002984904833520652
2022-08-03,0.007130352867184442
2022-08-04,-0.0022633786458599037
2022-08-05,-0.0035452052710278625
2022-08-08,0.006335093549845183
2022-08-09,-0.009239260438781538
2022-08-10,0.007505832483846175
2022-08-11,0.0048824737058206225
2022-08-12,0.007089789378254441
2022-08-15,0.009501977666661388
2022-08-16,0.003728082658468246
2022-08-17,-0.008589074536675234
2022-08-18,0.006328123015445941
2022-08-19,-0.006651473843137579
2022-08-22,-0.005337548642454282
2022-08-23,-0.006343857856866197
2022-08-24,0.00270098947639541
2022-08-25,0.003982353673428696
2022-08-26,-0.012713307406124752
2022-08-29,-0.015149455625872776
2022-08-30,-0.009545802847832574
2022-08-31,-0.006447973239823046
2022-09-01,-0.006318715798674046
2022-09-02,0.01179542807807854
2022-09-05,-0.005666977189928923
2022-09-06,-0.0013715937160840852
2022-09-07,-0.0022224372206949283
2022-09-08,0.010266669025481567
2022-09-09,0.006723305532613244
2022-09-12,0.005468647313506159
2022-09-13,-0.015212496322325353
2022-09-14,-0.006025139472277785
2022-09-15,-0.005806302810666852
2022-09-16,-0.015163886219550449
2022-09-19,0.0019731082338769745
2022-09-20,-0.0030657134012583853
2022-09-21,0.011238828985582705
2022-09-22,-0.018966025811588794
2022-09-23,-0.009391304737058737
2022-09-26,0.0012313538678343505
2022-09-27,-0.0032879627564393887
2022-09-28,0.003942212629359343
2022-09-29,-0.020370553856694062
2022-09-30,0.005770141646392446
2022-10-03,0.0018261252027382824
2022-10-04,0.018423752386242054
2022-10-05,-0.0040197926958065455
2022-10-06,0.0059943839404015264
2022-10-07,-0.01745616327040389
2022-10-10,-0.0058609424469244775
2022-10-11,-0.004372951230342315
2022-10-12,-0.004394279936574486
2022-10-13,0.0028708096607930056
2022-10-14,0.0006364745981821684
2022-10-17,0.008846511548427083
2022-10-18,0.0015048423269272693
2022-10-19,0.0022823908565159368
2022-10-20,0.002240371054532453
2022-10-21,-0.004696336587957761
2022-10-24,0.01095650210041943
2022-10-25,0.010028621116036751
2022-10-26,0.0019279044532696243
2022-10-27,0.00011231861124572085
2022-10-28,0.004437890804001032
2022-10-31,0.005761126097431957
2022-11-01,0.000937311569920718
2022-11-02,-0.004762235163959461
2022-11-03,-0.010877622558241873
2022-11-04,-0.007532077892900335
2022-11-07,0.004305934055764071
2022-11-08,0.008605253917124633
2022-11-09,-0.008610406045894137
2022-11-10,0.021984009284061967
2022-11-11,-0.0038098807046674787
2022-11-14,0.0030888196219698294
2022-11-15,0.004967445757078082
2022-11-16,-0.01002543900386521
2022-11-17,-0.004368812749484863
2022-11-18,0.007237580043448322
2022-11-21,0.0027380166991426425
2022-11-22,0.005573079079881138
2022-11-23,0.004030508483781503
2022-11-24,0.0022617447347841324
2022-11-25,-0.0021883129758275555
2022-11-28,-0.006420108887635889
2022-11-29,-0.003935808874846014
2022-11-30,0.004789630242715726
2022-12-01,0.010262388268605038
2022-12-02,-0.004562850184302025
2022-12-05,-0.007366124736329027
2022-12-06,-0.009780663332042971
2022-12-07,-0.004011627203108548
2022-12-08,0.00019790701511479547
2022-12-09,0.0031983714261025753
2022-12-12,-0.003504346064838626
2022-12-13,0.01232726343633761
2022-12-14,-0.0028173713809969136
2022-12-15,-0.030222887168512846
2022-12-16,-0.008505711600108934
2022-12-19,-0.0030808220361016048
2022-12-20,-0.003820063044332467
2022-12-21,0.0144143007467179
2022-12-22,-0.012543276740869524
2022-12-23,0.0018308057968117186
2022-12-26,-4.421968804013687e-06
2022-12-27,-0.0019196577380671265
2022-12-28,-0.004056492524289079
2022-12-29,0.007054673107201204
2022-12-30,-0.006428448742354487
2023-01-02,0.01692434855388525
2023-01-03,-0.007234195884821215
2023-01-04,0.009460149382347183
2023-01-05,-0.005942011295861138
2023-01-06,0.0088189474823821
2023-01-09,0.004595656178129293
2023-01-10,-0.009452933855638168
2023-01-11,0.008575664376725634
2023-01-12,0.002985842924112747
2023-01-13,0.0030315195420169694
2023-01-16,0.0035437531094408836
2023-01-17,0.0039031613698572443
2023-01-18,-0.0035147719665759025
2023-01-19,-0.012445520281578082
2023-01-20,0.003699110402136885
2023-01-23,0.01185729192388707
2023-01-24,-0.0005076253026559119
2023-01-25,-0.0067969325646712875
2023-01-26,0.00892267882603437
2023-01-27,0.00731829947194762
2023-01-30,-0.0051733708515543375
2023-01-31,-2.6683088344414685e-05
2023-02-01,-0.0009117907825624272
2023-02-02,0.022752160902743457
2023-02-03,0.002887317934662459
2023-02-06,-0.0049681120656853706
2023-02-07,0.0012581898537347147
2023-02-08,-0.001392816218896309
2023-02-09,0.0012842786635767212
2023-02-10,-0.004221251763781186
2023-02-13,0.0047959833491260095
2023-02-14,-0.0041160703478813065
2023-02-15,0.006240507256833228
2023-02-16,-0.0006268829589223257
2023-02-17,-0.00944978382889572
2023-02-20,0.0011306281972636167
2023-02-21,-0.009093604015952272
2023-02-22,-4.915242832759237e-05
2023-02-23,1.2983468938632114e-05
2023-02-24,-0.004829960355078655
2023-02-27,0.0042620347173529805
2023-02-28,-0.0033581243954429185
2023-03-01,-0.009460471006906612
2023-03-02,0.0031739678839948215
2023-03-03,0.013798898395929626
2023-03-06,0.003527213713973687
2023-03-07,-0.005100719233535833
2023-03-08,-0.0005454862088718482
2023-03-09,0.00040419481167597304
2023-03-10,-0.016191542427499317
2023-03-13,-0.017311021210452915
2023-03-14,0.010453509592400101
2023-03-15,-0.004056535982881249
2023-03-16,0.009452508870610554
2023-03-17,-0.005083593514840112
2023-03-20,0.0010982252810660675
2023-03-21,0.005042551488859237
2023-03-22,0.000518029892787597
2023-03-23,-0.004899291063816702
2023-03-24,-0.0013712977408769644
2023-03-27,0.0055208543678766375
2023-03-28,-0.00483749857399185
2023-03-29,0.007899373865977388
2023-03-30,0.003332714456702135
2023-03-31,0.009958853474656415
2023-04-03,0.0031642843215669014
2023-04-04,-0.004971885426538147
2023-04-05,-0.0010209571483564828
2023-04-06,0.0007984057229226682
2023-04-07,-4.425874716940115e-06
2023-04-10,-4.425874214897263e-06
2023-04-11,0.0036480198054320567
2023-04-12,-0.0038476244989721353
2023-04-13,-0.0012276560334359976
2023-04-14,0.005284408357947967
2023-04-17,0.0037330756607780735
2023-04-18,0.0016470556411523063
2023-04-19,-0.0020180101269453576
2023-04-20,-0.001520977435921722
2023-04-21,-0.001457941733922219
2023-04-24,-0.003147327722170745
2023-04-25,-0.00031502948265194064
2023-04-26,-0.00886290570653725
2023-04-27,0.00374412481901798
2023-04-28,0.008474620461707438
2023-05-01,-5.683686137403221e-06
2023-05-02,-0.00678467771451996
2023-05-03,0.0002014524246385374
2023-05-04,-0.004513343437119066
2023-05-05,0.009640455787281565
2023-05-08,0.0024717383394878834
2023-05-09,0.0023929716415138635
2023-05-10,-0.0006961103611957675
2023-05-11,0.003569529211510547
2023-05-12,0.0022043049017779204
2023-05-15,0.002112518676620656
2023-05-16,-0.0018610456513927787
2023-05-17,0.0023854769921174412
2023-05-18,0.01048081371880083
2023-05-19,9.921097916998356e-05
2023-05-22,0.002761726768881534
2023-05-23,-0.00215880676288549
2023-05-24,-0.012342432150223126
2023-05-25,0.002817874218087102
2023-05-26,0.011500338059765136
2023-05-29,0.0038301944282237432
2023-05-30,-0.00291767702450485
2023-05-31,-0.003669869618472932
2023-06-01,0.004267560832223127
2023-06-02,0.014408049419057045
2023-06-05,0.0014639914601779491
2023-06-06,0.0016096851630342801
2023-06-07,-0.002504639693905797
2023-06-08,-0.00418837286855589
2023-06-09,0.004756802783276282
2023-06-12,0.0023459087334083417
2023-06-13,0.006935406283596679
2023-06-14,0.000319726629752326
2023-06-15,-0.0035910667409381203
2023-06-16,0.004004271742506171
2023-06-19,-0.005557889581608966
2023-06-20,-0.0027329335723768056
2023-06-21,-0.00409285223786604
2023-06-22,-0.002948494373534949
2023-06-23,0.0004972297089871347
2023-06-26,-0.001555256244055947
2023-06-27,-0.0012566713875783453
2023-06-28,0.008358145853915255
2023-06-29,0.002225166392465061
2023-06-30,0.007352835866901719
2023-07-03,0.0016393185449146142
2023-07-04,0.000570797406186152
2023-07-05,-0.0008102962576981287
2023-07-06,-0.0149347819071034
2023-07-07,-0.00010819882617341126
2023-07-10,-0.003211986628522734
2023-07-11,0.0029386454697382103
2023-07-12,0.00510511366512123
2023-07-13,0.0006331524086382601
2023-07-14,-0.0006466683229386927
2023-07-17,-0.0005355786110524674
2023-07-18,0.006101161048578607
2023-07-19,0.006316343516104217
2023-07-20,-0.00027439299082676616
2023-07-21,0.0019823710960156227
2023-07-24,0.003206025785944977
2023-07-25,0.004293508246171918
2023-07-26,-0.00376699142528647
2023-07-27,0.011894364555369519
2023-07-28,-0.0024487693443899783
2023-07-31,0.0003395225795514989
2023-08-01,-0.0012965897704525498
2023-08-02,-0.008316998619764315
2023-08-03,-0.0047076160485803875
2023-08-04,-0.0009003641600152656
2023-08-07,-0.0015914047693080802
2023-08-08,-0.0014982976989580399
2023-08-09,-0.00047960345753184086
2023-08-10,0.00334718673072687
2023-08-11,-0.006081051080360611
2023-08-14,0.004352841005048402
2023-08-15,-0.006089844893712337
2023-08-16,-0.001010228879242736
2023-08-17,-0.0062259740194962054
2023-08-18,-0.00536198901241125
2023-08-21,-0.0007606769268032609
2023-08-22,0.008811991340033964
2023-08-23,0.006604024269919684
2023-08-24,-0.002989567664273718
2023-08-25,0.000365433250449021
2023-08-28,0.005718334198193453
2023-08-29,0.00752395660013172
2023-08-30,-0.0009887114492873605
2023-08-31,0.007400460738106185
2023-09-01,0.0025397725286120387
2023-09-04,-0.0004297755439338635
2023-09-05,0.003020702212992221
2023-09-06,-0.007539473825629028
2023-09-07,-0.00021801544039934395
2023-09-08,0.0018394667970789147
2023-09-11,-0.0005258257131323107
2023-09-12,0.0006761854878885032
2023-09-13,-0.0006268882424257383
2023-09-14,0.010681289423018825
2023-09-15,-0.004271471676454031
2023-09-18,-0.003970930562363417
2023-09-19,-0.004365528589500789
2023-09-20,0.0030856814961919277
2023-09-21,-0.013443258199864472
2023-09-22,-0.0006981357761753904
2023-09-25,-0.0006536443880825749
2023-09-26,-0.007170838141778546
2023-09-27,0.0017646363315324542
2023-09-28,0.0005251604778371277
2023-09-29,0.0024495046192332115
2023-10-02,-0.0014187597559062182
2023-10-03,-0.010527348098874345
2023-10-04,-0.0029411809519815924
2023-10-05,0.0010201437725170237
2023-10-06,0.0045286847754821835
2023-10-09,0.006335676516343813
2023-10-10,0.011371536657357906
2023-10-11,-0.00247810575457863
2023-10-12,0.005384535596950846
2023-10-13,-0.004296643928370147
2023-10-16,0.003071190651601885
2023-10-17,-0.002547083929845373
2023-10-18,-0.0052690790938566545
2023-10-19,-0.009195084049365199
2023-10-20,-0.014468413436735661
2023-10-23,-0.0019632100215024595
2023-10-24,0.0036601628867898306
2023-10-25,-0.0038473495484833142
2023-10-26,-0.0056064403980442545
2023-10-27,-0.00663479509389775
2023-10-30,0.0010600416395432077
2023-10-31,0.006892073114817654
2023-11-01,0.010331851008819726
2023-11-02,0.013150166632552418
2023-11-03,0.004610849438538178
2023-11-06,-0.003391215778217771
2023-11-07,0.0060651163269742625
2023-11-08,-0.002298938989915622
2023-11-09,0.002959634066557637
2023-11-10,-0.002473863485701444
2023-11-13,0.005279735184080314
2023-11-14,0.007127425299417567
2023-11-15,0.002544612939573865
2023-11-16,-0.0039744187825856425
2023-11-17,0.0030447768545058818
2023-11-20,0.00041677775999282574
2023-11-21,0.00123567018880677
2023-11-22,0.006786552284323344
2023-11-23,-0.001060397192489737
2023-11-24,-0.001803484180829873
2023-11-27,5.519268331255489e-06
2023-11-28,-0.0017082821690036498
2023-11-29,0.0023334334918263533
2023-11-30,0.003407580836688018
2023-12-01,0.010263383680360727
2023-12-04,-0.0006739909361199725
2023-12-05,0.00511305248435967
2023-12-06,0.002288727072341068
2023-12-07,0.00073039132611874
2023-12-08,0.0038089088926731574
2023-12-11,0.002267076384676603
2023-12-12,0.0009842483012798553
2023-12-13,0.0036727483937546435
2023-12-14,0.0004932258722503136
2023-12-15,0.007066841488730047
2023-12-18,-0.0006869721216873348
2023-12-19,0.0024335246359332707
2023-12-20,0.003243214434598851
2023-12-21,-0.006182297021916527
2023-12-22,0.0027781271280034048
2023-12-25,-4.427146625185507e-06
2023-12-26,-4.427146124474923e-06
2023-12-27,-0.002149232487032915
2023-12-28,0.0031314858784716737
2023-12-29,0.0008365874769999948
2024-01-01,-5.264792258818929e-06
2024-01-02,-0.0012800271726596257
2024-01-03,-0.0030770537845622448
2024-01-04,-0.0017258110213936861
2024-01-05,-0.0016802037585114116
2024-01-08,0.0016861881431520231
2024-01-09,0.0053095702115304455
2024-01-10,0.0004270385635296581
2024-01-11,-0.004543664015931426
2024-01-12,0.006887125217330148
2024-01-15,-1.681955476706687e-05
2024-01-16,0.00192108572846994
2024-01-17,-0.007024132719526288
2024-01-18,0.0034401148043676777
2024-01-19,0.0032146026188208943
2024-01-22,0.009784893763630675
2024-01-23,0.00015497921011009552
2024-01-24,0.004258165967789385
2024-01-25,0.004726615637287157
2024-01-26,0.0005018878949336614
2024-01-29,0.004199775602442335
2024-01-30,0.0021590127526622815
2024-01-31,-0.004223333361570991
2024-02-01,-0.003223139380701734
2024-02-02,0.012616730618155936
2024-02-05,-0.0002848515657928319
2024-02-06,0.0023003733912572155
2024-02-07,0.003338476606628893
2024-02-08,-3.459227024094069e-05
2024-02-09,0.0011058728421786679
2024-02-12,0.007061477135895222
2024-02-13,-0.008331651188323907
2024-02-14,0.0016772906697655188
2024-02-15,0.004325568183859874
2024-02-16,0.003042797304565248
2024-02-19,-0.0018337086375245226
2024-02-20,-0.007391303329761234
2024-02-21,-0.001964301097197585
2024-02-22,0.0140620404924654
2024-02-23,0.0036200275816196115
2024-02-26,-0.003642302475195147
2024-02-27,-0.0016364038976569573
2024-02-28,0.0005242606588307108
2024-02-29,0.0027582041534515156
2024-03-01,0.00504877673861448
2024-03-04,0.0002488156212010484
2024-03-05,-0.004352510433278223
2024-03-06,0.0032681373411365122
2024-03-07,0.003987867995790095
2024-03-08,0.0008304948961668224
2024-03-11,-0.005997162335917738
2024-03-12,0.0067248307074450064
2024-03-13,0.00039782373596120024
2024-03-14,-0.00019843714324807582
2024-03-15,-0.004896339355538792
2024-03-18,0.006668727120097362
2024-03-19,0.001654617556080984
2024-03-20,0.001863969269280119
2024-03-21,0.012128293198056861
2024-03-22,6.888723849618472e-05
2024-03-25,-0.0028019298133598047
2024-03-26,0.0017343341421411917
2024-03-27,0.0004460222735018782
2024-03-28,0.005208911230490942
2024-03-29,-4.433515525703591e-06
2024-04-01,-1.0157188925163929e-05
2024-04-02,-0.008233176533115394
2024-04-03,0.0009217238289775942
2024-04-04,0.001464621172387437
2024-04-05,-0.006136056596186323
2024-04-08,0.0007321031797711264
2024-04-09,-0.0035443021223552362
2024-04-10,0.0028836951684498846
2024-04-11,0.0010025268012068267
2024-04-12,0.0045588314884894565
2024-04-15,-0.0029346658073232668
2024-04-16,-0.013409368235142272
2024-04-17,-0.004180510241412638
2024-04-18,0.0015579610270402
2024-04-19,-0.007533093557220094
2024-04-22,0.002172345333764758
2024-04-23,0.008992866685231915
2024-04-24,-0.0010686941773290215
2024-04-25,-0.01030656535318808
2024-04-26,0.01577650801538799
2024-04-29,0.0007194803101209235
2024-04-30,-0.002593480840142437
2024-05-01,-7.053427023895331e-06
2024-05-02,-0.005360124952919043
2024-05-03,0.007415833307521602
2024-05-06,0.006696800294422989
2024-05-07,0.005661364895115817
2024-05-08,-0.0005481240845209845
2024-05-09,0.0010433642112113173
2024-05-10,0.0024691507441290117
2024-05-13,-0.0009604714248601098
2024-05-14,-0.0007112673707598827
2024-05-15,0.00772832735233675
2024-05-16,0.002623225459015721
2024-05-17,-0.0029936273035822136
2024-05-20,0.004657770426561791
2024-05-21,-0.0018480452195018815
2024-05-22,0.0003081792028007957
2024-05-23,-0.00047628882632777536
2024-05-24,-0.0029572840566718384
2024-05-27,0.002333923024714357
2024-05-28,-0.003931691777753321
2024-05-29,-0.0037103669249304305
2024-05-30,-0.0024891369435874333
2024-05-31,-0.004535137278398604
2024-06-03,0.0066932577196461285
2024-06-04,-0.0017013531189937758
2024-06-05,0.01024840489789125
2024-06-06,0.0026286363349032893
2024-06-07,0.0031647678417225933
2024-06-10,0.0025485880722515564
2024-06-11,-0.001256287253179611
2024-06-12,0.005480252413303965
2024-06-13,0.0002268381455208246
2024-06-14,0.003059624080685941
2024-06-17,-0.000301574693712392
2024-06-18,0.004908584440802777
2024-06-19,0.0007877705325824991
2024-06-20,0.002995719194376578
2024-06-21,-0.002882478967549118
2024-06-24,0.0012439348754482715
2024-06-25,-0.0004587584579175408
2024-06-26,-0.0003176270868580078
2024-06-27,-0.00033064766194901285
2024-06-28,0.0028283403180939803
2024-07-01,-0.0050573385656469405
2024-07-02,0.0017870498826799697
2024-07-03,0.002699978208855036
2024-07-04,0.0016133215286318059
2024-07-05,0.0004109622616510489
2024-07-08,0.0021416757392880292
2024-07-09,0.0003268380364283008
2024-07-10,0.003998828055398196
2024-07-11,-0.0007339257533361954
2024-07-12,0.003842238985907853
2024-07-15,0.0006238061590881916
2024-07-16,0.001658657828743415
2024-07-17,-0.008552183745230035
2024-07-18,-0.005523284266468087
2024-07-19,-0.005733981730276505
2024-07-22,0.003502826011569038
2024-07-23,0.008211477174399961
2024-07-24,-0.01400124059019392
2024-07-25,-0.004095325662328286
2024-07-26,0.0016572930074698622
2024-07-29,0.002314443901516805
2024-07-30,0.0005298342205815043
2024-07-31,0.012946124844598783
2024-08-01,-0.007939634336558421
2024-08-02,-0.03173359001853948
2024-08-05,-0.018859868273412128
2024-08-06,0.007318854347758474
2024-08-07,0.010857179305617137
2024-08-08,0.0002515269336067494
2024-08-09,0.00301771349061819
2024-08-12,0.0017570888578655186
2024-08-13,0.00889389826428233
2024-08-14,0.001983698876859341
2024-08-15,0.013530110736254652
2024-08-16,0.0009545885148343203
2024-08-19,0.0020558843090507928
2024-08-20,-0.0013505636126375231
2024-08-21,0.0013468095188766682
2024-08-22,0.0008515887186919535
2024-08-23,0.0004765257089895947
2024-08-26,-0.0005167485194051968
2024-08-27,-0.00011075917857938933
2024-08-28,0.0002375204354139182
2024-08-29,0.009460996773074326
2024-08-30,-0.0029420006687388423
2024-09-02,0.0042919919165971265
2024-09-03,-0.0076259601389555565
2024-09-04,-0.008920350048281733
2024-09-05,-0.004601993251643011
2024-09-06,-0.010535513650412165
2024-09-09,0.009448657050994846
2024-09-10,0.0018087391531680375
2024-09-11,-0.003616310497773667
2024-09-12,0.014724198625111207
2024-09-13,0.006040077123657284
2024-09-16,-0.003216083065730624
2024-09-17,0.004578643031858398
2024-09-18,-0.004878819075461505
2024-09-19,0.011171611220946343
2024-09-20,-0.005315731428874981
2024-09-23,0.006087538172293794
2024-09-24,0.0007981019719498494
2024-09-25,-0.00020323250540688065
2024-09-26,0.0024498309003779806
2024-09-27,0.0029266667072052055
2024-09-30,-0.0019094680985697332
2024-10-01,0.0026173696598836838
2024-10-02,0.0022487105226862703
2024-10-03,-0.0023014798327570807
2024-10-04,0.004197096245873055
2024-10-07,0.0023702041553121944
2024-10-08,-0.0008270904407337021
2024-10-09,0.00639512632283834
2024-10-10,0.0015677113504422024
2024-10-11,0.0030899189939777028
2024-10-14,0.006710698435658635
2024-10-15,-0.0012000121805120223
2024-10-16,7.984719814446706e-06
2024-10-17,0.0073110087380536815
2024-10-18,-0.0005783583711532758
2024-10-21,-0.004332916260859521
2024-10-22,0.0007054246274922349
2024-10-23,-0.0023110455781920614
2024-10-24,-0.0007161501195521724
2024-10-25,0.0022016685007366643
2024-10-28,1.2906076888308249e-05
2024-10-29,-0.00010035701605537461
2024-10-30,-0.004381568572844552
2024-10-31,-0.01427935228249455
2024-11-01,0.005612891137172449
2024-11-04,-0.0060604664506402894
2024-11-05,0.003899805183478433
2024-11-06,0.025445385547324673
2024-11-07,0.004303390544331043
2024-11-08,0.006499822683625478
2024-11-11,0.009622114020202632
2024-11-12,-0.002878733924072452
2024-11-13,0.0030141017319107455
2024-11-14,0.0001534034503209991
2024-11-15,-0.011145395617036091
2024-11-18,0.002568396920919813
2024-11-19,-0.0006791269082350171
2024-11-20,6.530960089334847e-05
2024-11-21,0.010877042688564709
2024-11-22,0.010244845345710685
2024-11-25,-0.0012928611476639151
2024-11-26,0.0012355992982677755
2024-11-27,-0.006632413403057202
2024-11-28,0.004464501868438608
2024-11-29,0.0033901416579988908
2024-12-02,0.0076334581855963535
2024-12-03,-0.0007973372573620852
2024-12-04,0.002826262457446438
2024-12-05,-0.0007236227606303158
2024-12-06,0.0004354512370015051
2024-12-09,-0.00287051444385511
2024-12-10,0.0011086780017286468
2024-12-11,0.004601219986453353
2024-12-12,-0.002397237551316822
2024-12-13,-0.004623795695565258
2024-12-16,0.0013977665184974342
2024-12-17,-0.002316761350270591
2024-12-18,0.0018561265766672275
2024-12-19,-0.013102566610652566
2024-12-20,0.001430423219822563
2024-12-23,-0.002208888030752698
2024-12-24,-4.427994995337414e-06
2024-12-25,-4.427994496181142e-06
2024-12-26,-4.427993997135893e-06
2024-12-27,0.003293718354300035
2024-12-30,-0.006877230054990968
2024-12-31,-4.427534053830229e-06
2025-01-01,-5.708837850337822e-06
2025-01-02,0.013445283037369471
2025-01-03,-0.002207524324008614
2025-01-06,0.0047936325035968785
2025-01-07,-0.0065119302628243725
2025-01-08,0.00042724135959293363
2025-01-09,0.0005938023098654988
2025-01-10,-0.008583528845000021
2025-01-13,-0.0012572284768614939
2025-01-14,-0.0021183723967501678
2025-01-15,0.014300366990924962
2025-01-16,0.0014664567667861395
2025-01-17,0.007383009401115359
2025-01-20,-0.0037035257728871285
2025-01-21,0.0012085166351618604
2025-01-22,0.0066876326757348
2025-01-23,0.0006026932221567805
2025-01-24,-0.0038702886383468194
2025-01-27,-0.013463384612477425
2025-01-28,0.010625132762079215
2025-01-29,0.002523029490982598
2025-01-30,0.0029958907815190727
2025-01-31,0.00920471993973293
2025-02-03,-0.006672528997981209
2025-02-04,-3.485479066267505e-05
2025-02-05,-0.0020954718335381983
2025-02-06,0.009374165234643295
2025-02-07,-0.0022942032267622148
2025-02-10,0.005411299018857063
2025-02-11,-0.0027326672097043314
2025-02-12,-0.006067713746324532
2025-02-13,0.005682070732806466
2025-02-14,-0.0022529706041457542
2025-02-17,0.0035769482562724164
2025-02-18,0.00021984853769962953
2025-02-19,0.0015980985989427765
2025-02-20,-0.007861230191529178
2025-02-21,0.0018907477076286483
2025-02-24,-0.009318911546565167
2025-02-25,-0.0117033352107756
2025-02-26,0.009895138591108354
2025-02-27,0.00225127289705207
2025-02-28,-0.008083266609099637
2025-03-03,0.0012103206964837465
2025-03-04,-0.026773799545786514
2025-03-05,-0.01486661643144871
2025-03-06,-5.40971913922661e-05
2025-03-07,-0.013488776480693576
2025-03-10,-0.006388994186399044
2025-03-11,-0.01691301742268747
2025-03-12,0.008804908008657186
2025-03-13,-0.005717648821384036
2025-03-14,0.009325482972835974
2025-03-17,0.004322478757458503
2025-03-18,-0.0038215552022859978
2025-03-19,0.008898229733299567
2025-03-20,0.0031674770086622672
2025-03-21,-0.0023947371962190767
2025-03-24,0.01419114091353646
2025-03-25,0.0013676612845801017
2025-03-26,-0.0037938261236948323
2025-03-27,-0.0038335985056653366
2025-03-28,-0.01629354503368874
2025-03-31,-0.005373058420867327
2025-04-01,0.010571988405903676
2025-04-02,-0.001736636634225186
2025-04-03,-0.039030181839014744
2025-04-04,-0.03721496868997731
2025-04-07,-0.02166555561680983
2025-04-08,0.024918796753333305
2025-04-09,-0.03753741246293729
2025-04-10,0.03228546353050299
2025-04-11,-0.00950829854416202
2025-04-14,0.025401017806792936
2025-04-15,0.008518813433534111
2025-04-16,-0.009567003255971152
2025-04-17,-0.008191278427992943
2025-04-18,-4.397626913177355e-06
2025-04-21,-4.3976263786049685e-06
2025-04-22,-0.005659268347886326
2025-04-23,0.023442507860485184
2025-04-24,0.008189509027181074
2025-04-25,0.0026580474396169507
2025-04-28,0.001574205558426911
2025-04-29,0.004624671502708733
2025-04-30,0.0032261525322034856
2025-05-01,-2.4862762965982554e-05
2025-05-02,0.018994578144104324
2025-05-05,0.001106454810214652
2025-05-06,-0.004388987738534578
2025-05-07,-0.003478486310401041
2025-05-08,0.013428222010410718
2025-05-09,-0.0009397176191143775
2025-05-12,0.026032048303548994
2025-05-13,0.004751220550150759
2025-05-14,-0.002196552243926009
2025-05-15,0.003773356102035441
2025-05-16,0.0063407275343903
2025-05-19,-0.0045883768852421625
2025-05-20,0.0013574924732935312
2025-05-21,-0.0066054995916998704
2025-05-22,-0.00624805297156672
2025-05-23,-0.00851177296913641
2025-05-26,0.007431825013779925
2025-05-27,0.007347095658700065
2025-05-28,0.000792576575630477
2025-05-29,-0.00343216189027562
2025-05-30,0.00044921996829416777
2025-06-02,-0.004016848110306115
2025-06-03,0.00993432294220753
2025-06-04,0.00019584896657365292
2025-06-05,-0.0002921837046219178
2025-06-06,0.0031541488329558387
2025-06-09,-3.167277337623453e-05
2025-06-10,0.0005197728730563789
2025-06-11,0.00024901657856468695
2025-06-12,-0.006545499967143709
2025-06-13,-0.004165489937557498
2025-06-16,0.0034768169370651414
2025-06-17,-0.0019980271497019864
2025-06-18,-0.00020892338163847057
2025-06-19,-0.007061975057075398
2025-06-20,0.0030052285285562252
2025-06-23,-0.0018534136754946307
2025-06-24,0.007413035324263628
2025-06-25,-0.0006424600826053783
2025-06-26,0.0003606510365570248
2025-06-27,0.006922310804607923
2025-06-30,-0.0017885073689639652
2025-07-01,-0.0015249596729118853
2025-07-02,0.0020505732490823103
2025-07-03,0.008256236089228874
2025-07-04,-0.005255848865579393
2025-07-07,0.002239506197541763
2025-07-08,-0.00023697488704954583
2025-07-09,0.0026827248381864344
2025-07-10,0.005711259229183252
2025-07-11,-0.005179911108858959
2025-07-14,0.0008371594058145249
2025-07-15,0.004587823150163262
2025-07-16,-0.012090962032604957
2025-07-17,0.015254007547149007
2025-07-18,-0.00288513078343533
2025-07-21,0.0016383253339720127
2025-07-22,-0.005413105796798323
2025-07-23,0.007402740057095736
2025-07-24,0.0009963743381258272
2025-07-25,0.0015271789830888505
2025-07-28,0.007250102187142504
2025-07-29,0.0035695161372732986
2025-07-30,0.003566176672042509
2025-07-31,0.002317209849516777
2025-08-01,-0.024845277987376457
2025-08-04,0.00991052723623631
2025-08-05,-0.002039256067590922
2025-08-06,0.0021273186930663712
2025-08-07,0.0018375366117515668
2025-08-08,0.0018682189658383308
2025-08-11,0.0047660030974470136
2025-08-12,-0.0004934451485583136
2025-08-13,0.001730088037648514
2025-08-14,0.0044170192152475085
2025-08-15,-0.0035500467428380977
2025-08-18,0.0009884187104578501
2025-08-19,0.0002676063512914162
2025-08-20,-0.003912191579556912
2025-08-21,0.002710280825368949
2025-08-22,0.005088004188940287
2025-08-25,-0.0013680163315861193
2025-08-26,-0.0016190062983575393
2025-08-27,0.0065176076800446126
2025-08-28,-0.0018111516819653284
2025-08-29,-0.006467743022501193
2025-09-01,0.0021647803093267637
2025-09-02,-0.010030081138553526
2025-09-03,0.006279818761084632
2025-09-04,0.007150443075015778
2025-09-05,-0.004673392470499582
2025-09-08,0.005199494296491691
2025-09-09,0.0002991287058833336
2025-09-10,0.004194271591723586
2025-09-11,0.005304003849687877
2025-09-12,-0.00033988305289478493
2025-09-15,0.0013910661273743852
2025-09-16,-0.006807636638988757
2025-09-17,-0.0003645244413380544
2025-09-18,0.008729057749055302
2025-09-19,0.0007273691357405632
2025-09-22,0.0015691578063321554
2025-09-23,0.0006597609084824096
2025-09-24,-0.0012953538475740656
2025-09-25,-0.0015294269727798016
2025-09-26,0.001165632842954567
2025-09-29,0.0026261645702863046
2025-09-30,-0.00102834433128407
2025-10-01,0.0060425411064157775
2025-10-02,0.0032308277544086383
2025-10-03,0.003845078118602574
2025-10-06,0.0022990166039245086
2025-10-07,-0.0014691218030825626
2025-10-08,0.007715300192494556
2025-10-09,0.0004560720517208239
2025-10-10,-0.015546593347275595
2025-10-13,0.005668860376633722
2025-10-14,-0.0025411443308244186
2025-10-15,0.00465341152850729
2025-10-16,-0.00043155162787156254
2025-10-17,-0.00934111630506318
2025-10-20,0.014547755609349178
2025-10-21,0.003511577413578104
2025-10-22,-0.0047522827146357915
2025-10-23,0.003321187103640044
2025-10-24,0.005741846958381647
2025-10-27,0.005675340854496946
2025-10-28,0.0012716751295227535
2025-10-29,0.0017040314504717102
2025-10-30,0.0009300254256474627
2025-10-31,-0.0005207901554615813
2025-11-03,0.0007773425825661207
2025-11-04,-0.0033049419417439108
2025-11-05,0.00107726343585135
2025-11-06,-0.011780536101611894
2025-11-07,-0.010427973727300754
2025-11-10,0.016370904010544196
2025-11-11,0.0034358644556455875
2025-11-12,0.004880140907564723
2025-11-13,-0.011590181506999198
2025-11-14,-0.0015768524321562172
2025-11-17,-0.0028131872497506594
2025-11-18,-0.011184094502110775
2025-11-19,0.001659736072207929
2025-11-20,0.0049124284420949405
2025-11-21,-0.007177736299941673
2025-11-24,0.009740993921122154
2025-11-25,0.0026665744856595452
2025-11-26,0.009725509816534306
2025-11-27,-0.0008160939312351623
2025-11-28,0.0032076503632429976
2025-12-01,-0.0038221858160545352
2025-12-02,3.054271510083417e-05
2025-12-03,9.861124795684795e-05
2025-12-04,0.0017123340896747496
2025-12-05,0.002864592091933904
2025-12-08,-0.0020723080090833124
2025-12-09,0.0010506299740102865
2025-12-10,-0.0019878156414865344
2025-12-11,-0.003110197262697678
2025-12-12,-0.00479410694771687
2025-12-15,0.0008688204900233476
2025-12-16,-0.005088625194118346
2025-12-17,-0.004190360045584707
2025-12-18,0.010079267997817443
2025-12-19,0.0026953640170610527
2025-12-22,0.0017615800795605097
2025-12-23,0.0024660771099320744
2025-12-24,-4.430294165080895e-06
2025-12-25,-4.4302936683671135e-06
2025-12-26,-4.4302931717643546e-06
2025-12-29,0.0015991206409253778
2025-12-30,0.0013747655741591647
2025-12-31,-4.430533136035031e-06
